city_id,city_name,year,month_number,predicted_aqi
1,Aberdeen,2026,1,29.739
1,Aberdeen,2026,2,27.335
1,Aberdeen,2026,3,22.859
1,Aberdeen,2026,4,19.092
1,Aberdeen,2026,5,16.586
1,Aberdeen,2026,6,18.387
1,Aberdeen,2026,7,19.485
1,Aberdeen,2026,8,21.233
1,Aberdeen,2026,9,19.595
1,Aberdeen,2026,10,17.594
1,Aberdeen,2026,11,22.599
1,Aberdeen,2026,12,25.179
2,"Aberdeen, WA",2016,1,29.551
2,"Aberdeen, WA",2016,2,26.527
2,"Aberdeen, WA",2016,3,22.08
2,"Aberdeen, WA",2016,4,18.805
2,"Aberdeen, WA",2016,5,15.89
2,"Aberdeen, WA",2016,6,17.386
2,"Aberdeen, WA",2016,7,18.702
2,"Aberdeen, WA",2016,8,20.112
2,"Aberdeen, WA",2016,9,18.64
2,"Aberdeen, WA",2016,10,16.945
2,"Aberdeen, WA",2016,11,21.7
2,"Aberdeen, WA",2016,12,23.652
3,Abu Dhabi,2026,1,112.969
3,Abu Dhabi,2026,2,102.46
3,Abu Dhabi,2026,3,88.066
3,Abu Dhabi,2026,4,77.964
3,Abu Dhabi,2026,5,74.07
3,Abu Dhabi,2026,6,78.863
3,Abu Dhabi,2026,7,85.64
3,Abu Dhabi,2026,8,92.485
3,Abu Dhabi,2026,9,85.237
3,Abu Dhabi,2026,10,83.43
3,Abu Dhabi,2026,11,103.551
3,Abu Dhabi,2026,12,123.247
4,Abuja,2026,1,128.229
4,Abuja,2026,2,117.773
4,Abuja,2026,3,96.786
4,Abuja,2026,4,82.272
4,Abuja,2026,5,73.921
4,Abuja,2026,6,75.669
4,Abuja,2026,7,75.585
4,Abuja,2026,8,75.5
4,Abuja,2026,9,69.728
4,Abuja,2026,10,65.045
4,Abuja,2026,11,74.896
4,Abuja,2026,12,84.763
5,Accra,2026,1,102.771
5,Accra,2026,2,93.063
5,Accra,2026,3,81.616
5,Accra,2026,4,71.056
5,Accra,2026,5,65.275
5,Accra,2026,6,69.23
5,Accra,2026,7,70.784
5,Accra,2026,8,70.827
5,Accra,2026,9,64.084
5,Accra,2026,10,59.632
5,Accra,2026,11,70.358
5,Accra,2026,12,78.036
6,Adams,2015,1,34.691
6,Adams,2015,2,33.893
6,Adams,2015,3,31.52
6,Adams,2015,4,26.979
6,Adams,2015,5,22.468
6,Adams,2015,6,25.37
6,Adams,2015,7,27.436
6,Adams,2015,8,29.895
6,Adams,2015,9,27.754
6,Adams,2015,10,25.266
6,Adams,2015,11,33.405
6,Adams,2015,12,38.387
8,Addis Ababa,2026,1,114.336
8,Addis Ababa,2026,2,102.486
8,Addis Ababa,2026,3,85.801
8,Addis Ababa,2026,4,77.206
8,Addis Ababa,2026,5,68.362
8,Addis Ababa,2026,6,71.82
8,Addis Ababa,2026,7,71.93
8,Addis Ababa,2026,8,72.049
8,Addis Ababa,2026,9,67.141
8,Addis Ababa,2026,10,60.994
8,Addis Ababa,2026,11,74.478
8,Addis Ababa,2026,12,83.031
9,Adelaide,2026,1,30.802
9,Adelaide,2026,2,26.769
9,Adelaide,2026,3,24.351
9,Adelaide,2026,4,22.907
9,Adelaide,2026,5,20.841
9,Adelaide,2026,6,23.251
9,Adelaide,2026,7,25.314
9,Adelaide,2026,8,25.943
9,Adelaide,2026,9,21.591
9,Adelaide,2026,10,18.242
9,Adelaide,2026,11,23.431
9,Adelaide,2026,12,26.994
11,Adjuntas,2020,1,29.759
11,Adjuntas,2020,2,27.131
11,Adjuntas,2020,3,23.014
11,Adjuntas,2020,4,19.76
11,Adjuntas,2020,5,16.537
11,Adjuntas,2020,6,18.699
11,Adjuntas,2020,7,19.496
11,Adjuntas,2020,8,21.139
11,Adjuntas,2020,9,19.329
11,Adjuntas,2020,10,17.859
11,Adjuntas,2020,11,22.825
11,Adjuntas,2020,12,25.179
12,Agartala,2025,11,58.422
12,Agartala,2025,12,79.829
12,Agartala,2026,1,87.789
12,Agartala,2026,2,85.46
12,Agartala,2026,3,88.313
12,Agartala,2026,4,84.599
12,Agartala,2026,5,79.706
12,Agartala,2026,6,74.261
12,Agartala,2026,7,66.594
12,Agartala,2026,8,67.626
12,Agartala,2026,9,68.677
12,Agartala,2026,10,116.83
13,Agra,2025,11,138.894
13,Agra,2025,12,143.498
13,Agra,2026,1,151.666
13,Agra,2026,2,135.843
13,Agra,2026,3,123.293
13,Agra,2026,4,113.629
13,Agra,2026,5,105.867
13,Agra,2026,6,96.923
13,Agra,2026,7,80.63
13,Agra,2026,8,81.461
13,Agra,2026,9,81.652
13,Agra,2026,10,96.2
14,Ahmedabad,2025,11,108.457
14,Ahmedabad,2025,12,113.404
14,Ahmedabad,2026,1,119.073
14,Ahmedabad,2026,2,108.486
14,Ahmedabad,2026,3,100.12
14,Ahmedabad,2026,4,96.618
14,Ahmedabad,2026,5,92.225
14,Ahmedabad,2026,6,83.606
14,Ahmedabad,2026,7,74.432
14,Ahmedabad,2026,8,72.7
14,Ahmedabad,2026,9,74.76
14,Ahmedabad,2026,10,93.929
16,Air Force Academy,2026,1,33.823
16,Air Force Academy,2026,2,32.255
16,Air Force Academy,2026,3,28.923
16,Air Force Academy,2026,4,23.289
16,Air Force Academy,2026,5,20.225
16,Air Force Academy,2026,6,22.278
16,Air Force Academy,2026,7,24.371
16,Air Force Academy,2026,8,25.986
16,Air Force Academy,2026,9,23.224
16,Air Force Academy,2026,10,21.349
16,Air Force Academy,2026,11,26.854
16,Air Force Academy,2026,12,31.415
17,Aizawl,2025,9,27.56
17,Aizawl,2025,10,34.337
17,Aizawl,2025,11,41.46
17,Aizawl,2025,12,44.519
17,Aizawl,2026,1,53.591
17,Aizawl,2026,2,59.549
17,Aizawl,2026,3,59.126
17,Aizawl,2026,4,60.705
17,Aizawl,2026,5,60.199
17,Aizawl,2026,6,60.421
17,Aizawl,2026,7,56.167
17,Aizawl,2026,8,56.482
18,Ajmer,2025,11,154.989
18,Ajmer,2025,12,141.167
18,Ajmer,2026,1,142.702
18,Ajmer,2026,2,129.554
18,Ajmer,2026,3,117.501
18,Ajmer,2026,4,108.414
18,Ajmer,2026,5,100.938
18,Ajmer,2026,6,90.079
18,Ajmer,2026,7,72.101
18,Ajmer,2026,8,70.244
18,Ajmer,2026,9,71.33
18,Ajmer,2026,10,115.437
19,Ajo,2026,1,52.074
19,Ajo,2026,2,49.207
19,Ajo,2026,3,42.269
19,Ajo,2026,4,35.042
19,Ajo,2026,5,30.7
19,Ajo,2026,6,33.584
19,Ajo,2026,7,35.389
19,Ajo,2026,8,37.366
19,Ajo,2026,9,35.841
19,Ajo,2026,10,33.443
19,Ajo,2026,11,40.325
19,Ajo,2026,12,45.23
20,Ak-Chin Village,2026,1,8.752
20,Ak-Chin Village,2026,2,7.349
20,Ak-Chin Village,2026,3,6.283
20,Ak-Chin Village,2026,4,3.679
20,Ak-Chin Village,2026,5,3.432
20,Ak-Chin Village,2026,6,5.075
20,Ak-Chin Village,2026,7,5.206
20,Ak-Chin Village,2026,8,5.202
20,Ak-Chin Village,2026,9,2.946
20,Ak-Chin Village,2026,10,2.834
20,Ak-Chin Village,2026,11,6.218
20,Ak-Chin Village,2026,12,5.451
21,Akola,2025,11,91.572
21,Akola,2025,12,90.848
21,Akola,2026,1,92.227
21,Akola,2026,2,91.263
21,Akola,2026,3,86.776
21,Akola,2026,4,83.222
21,Akola,2026,5,80.184
21,Akola,2026,6,74.988
21,Akola,2026,7,67.771
21,Akola,2026,8,67.351
21,Akola,2026,9,69.879
21,Akola,2026,10,105.724
22,Akron,2026,1,45.3
22,Akron,2026,2,41.047
22,Akron,2026,3,34.602
22,Akron,2026,4,29.251
22,Akron,2026,5,26.486
22,Akron,2026,6,29.025
22,Akron,2026,7,32.008
22,Akron,2026,8,34.29
22,Akron,2026,9,32.313
22,Akron,2026,10,30.193
22,Akron,2026,11,38.57
22,Akron,2026,12,43.846
23,"Akron, OH",2026,1,34.06
23,"Akron, OH",2026,2,33.709
23,"Akron, OH",2026,3,31.299
23,"Akron, OH",2026,4,27.223
23,"Akron, OH",2026,5,23.446
23,"Akron, OH",2026,6,25.848
23,"Akron, OH",2026,7,27.467
23,"Akron, OH",2026,8,29.831
23,"Akron, OH",2026,9,27.473
23,"Akron, OH",2026,10,24.796
23,"Akron, OH",2026,11,32.757
23,"Akron, OH",2026,12,37.275
24,Alamosa,2025,12,23.475
24,Alamosa,2026,1,23.936
24,Alamosa,2026,2,20.925
24,Alamosa,2026,3,17.118
24,Alamosa,2026,4,14.411
24,Alamosa,2026,5,12.412
24,Alamosa,2026,6,14.173
24,Alamosa,2026,7,15.094
24,Alamosa,2026,8,16.564
24,Alamosa,2026,9,14.455
24,Alamosa,2026,10,12.841
24,Alamosa,2026,11,16.587
25,Alappuzha,2016,1,68.941
25,Alappuzha,2016,2,70.574
25,Alappuzha,2016,3,68.458
25,Alappuzha,2016,4,65.88
25,Alappuzha,2016,5,63.852
25,Alappuzha,2016,6,65.827
25,Alappuzha,2016,7,66.964
25,Alappuzha,2016,8,69.112
25,Alappuzha,2016,9,70.891
25,Alappuzha,2016,10,77.94
25,Alappuzha,2016,11,81.83
25,Alappuzha,2016,12,89.837
26,Albany,2026,1,46.719
26,Albany,2026,2,42.84
26,Albany,2026,3,35.685
26,Albany,2026,4,29.481
26,Albany,2026,5,25.628
26,Albany,2026,6,27.757
26,Albany,2026,7,30.054
26,Albany,2026,8,32.693
26,Albany,2026,9,29.923
26,Albany,2026,10,26.543
26,Albany,2026,11,34.725
26,Albany,2026,12,37.88
28,"Albany-Schenectady-Troy, NY",2026,1,34.06
28,"Albany-Schenectady-Troy, NY",2026,2,33.466
28,"Albany-Schenectady-Troy, NY",2026,3,31.389
28,"Albany-Schenectady-Troy, NY",2026,4,26.952
28,"Albany-Schenectady-Troy, NY",2026,5,22.559
28,"Albany-Schenectady-Troy, NY",2026,6,24.829
28,"Albany-Schenectady-Troy, NY",2026,7,26.207
28,"Albany-Schenectady-Troy, NY",2026,8,29.023
28,"Albany-Schenectady-Troy, NY",2026,9,27.027
28,"Albany-Schenectady-Troy, NY",2026,10,24.708
28,"Albany-Schenectady-Troy, NY",2026,11,32.757
28,"Albany-Schenectady-Troy, NY",2026,12,37.275
29,Albuquerque,2026,1,32.076
29,Albuquerque,2026,2,30.837
29,Albuquerque,2026,3,26.838
29,Albuquerque,2026,4,21.989
29,Albuquerque,2026,5,18.856
29,Albuquerque,2026,6,20.284
29,Albuquerque,2026,7,22.367
29,Albuquerque,2026,8,24.246
29,Albuquerque,2026,9,21.453
29,Albuquerque,2026,10,19.784
29,Albuquerque,2026,11,24.928
29,Albuquerque,2026,12,28.239
30,"Albuquerque, NM",2026,1,24.912
30,"Albuquerque, NM",2026,2,21.821
30,"Albuquerque, NM",2026,3,17.953
30,"Albuquerque, NM",2026,4,14.482
30,"Albuquerque, NM",2026,5,12.675
30,"Albuquerque, NM",2026,6,13.854
30,"Albuquerque, NM",2026,7,14.299
30,"Albuquerque, NM",2026,8,15.734
30,"Albuquerque, NM",2026,9,13.874
30,"Albuquerque, NM",2026,10,12.092
30,"Albuquerque, NM",2026,11,15.65
30,"Albuquerque, NM",2026,12,18.01
31,Alcoa,2010,1,34.544
31,Alcoa,2010,2,34.016
31,Alcoa,2010,3,33.474
31,Alcoa,2010,4,31.147
31,Alcoa,2010,5,28.111
31,Alcoa,2010,6,31.405
31,Alcoa,2010,7,34.122
31,Alcoa,2010,8,35.74
31,Alcoa,2010,9,33.51
31,Alcoa,2010,10,31.917
31,Alcoa,2010,11,39.013
31,Alcoa,2010,12,45.032
32,Alexandria,2026,1,150.262
32,Alexandria,2026,2,139.625
32,Alexandria,2026,3,117.119
32,Alexandria,2026,4,99.663
32,Alexandria,2026,5,85.611
32,Alexandria,2026,6,92.031
32,Alexandria,2026,7,99.4
32,Alexandria,2026,8,104.47
32,Alexandria,2026,9,96.351
32,Alexandria,2026,10,89.472
32,Alexandria,2026,11,115.402
32,Alexandria,2026,12,130.785
33,Alexandria,2026,1,36.478
33,Alexandria,2026,2,32.777
33,Alexandria,2026,3,27.681
33,Alexandria,2026,4,22.306
33,Alexandria,2026,5,19.826
33,Alexandria,2026,6,21.711
33,Alexandria,2026,7,23.437
33,Alexandria,2026,8,25.21
33,Alexandria,2026,9,22.577
33,Alexandria,2026,10,21.021
33,Alexandria,2026,11,26.773
33,Alexandria,2026,12,31.408
34,Algiers,2026,1,86.548
34,Algiers,2026,2,79.495
34,Algiers,2026,3,70.732
34,Algiers,2026,4,64.32
34,Algiers,2026,5,59.384
34,Algiers,2026,6,63.253
34,Algiers,2026,7,66.689
34,Algiers,2026,8,70.213
34,Algiers,2026,9,67.498
34,Algiers,2026,10,65.836
34,Algiers,2026,11,76.645
34,Algiers,2026,12,85.546
38,Allen Park,2026,1,41.151
38,Allen Park,2026,2,37.965
38,Allen Park,2026,3,31.003
38,Allen Park,2026,4,25.503
38,Allen Park,2026,5,22.006
38,Allen Park,2026,6,24.509
38,Allen Park,2026,7,26.207
38,Allen Park,2026,8,29.023
38,Allen Park,2026,9,27.133
38,Allen Park,2026,10,24.708
38,Allen Park,2026,11,32.757
38,Allen Park,2026,12,37.275
39,Allentown,2026,1,36.998
39,Allentown,2026,2,32.824
39,Allentown,2026,3,27.645
39,Allentown,2026,4,22.36
39,Allentown,2026,5,19.905
39,Allentown,2026,6,21.358
39,Allentown,2026,7,23.332
39,Allentown,2026,8,25.304
39,Allentown,2026,9,22.844
39,Allentown,2026,10,20.498
39,Allentown,2026,11,26.149
39,Allentown,2026,12,31.055
40,"Allentown-Bethlehem-Easton, PA-NJ",2016,1,48.958
40,"Allentown-Bethlehem-Easton, PA-NJ",2016,2,43.968
40,"Allentown-Bethlehem-Easton, PA-NJ",2016,3,36.238
40,"Allentown-Bethlehem-Easton, PA-NJ",2016,4,29.716
40,"Allentown-Bethlehem-Easton, PA-NJ",2016,5,25.359
40,"Allentown-Bethlehem-Easton, PA-NJ",2016,6,28.103
40,"Allentown-Bethlehem-Easton, PA-NJ",2016,7,31.047
40,"Allentown-Bethlehem-Easton, PA-NJ",2016,8,33.611
40,"Allentown-Bethlehem-Easton, PA-NJ",2016,9,31.374
40,"Allentown-Bethlehem-Easton, PA-NJ",2016,10,28.661
40,"Allentown-Bethlehem-Easton, PA-NJ",2016,11,37.421
40,"Allentown-Bethlehem-Easton, PA-NJ",2016,12,43.145
41,Alliance,2026,1,34.065
41,Alliance,2026,2,33.697
41,Alliance,2026,3,31.181
41,Alliance,2026,4,27.01
41,Alliance,2026,5,22.777
41,Alliance,2026,6,25.862
41,Alliance,2026,7,27.225
41,Alliance,2026,8,29.751
41,Alliance,2026,9,27.61
41,Alliance,2026,10,25.434
41,Alliance,2026,11,33.337
41,Alliance,2026,12,38.312
42,Alpine,2025,1,35.375
42,Alpine,2025,2,32.297
42,Alpine,2025,3,27.565
42,Alpine,2025,4,22.365
42,Alpine,2025,5,19.748
42,Alpine,2025,6,21.23
42,Alpine,2025,7,23.343
42,Alpine,2025,8,25.191
42,Alpine,2025,9,22.577
42,Alpine,2025,10,20.803
42,Alpine,2025,11,26.236
42,Alpine,2025,12,31.055
43,Alsip,2026,1,37.173
43,Alsip,2026,2,33.539
43,Alsip,2026,3,28.828
43,Alsip,2026,4,23.01
43,Alsip,2026,5,20.337
43,Alsip,2026,6,22.517
43,Alsip,2026,7,24.459
43,Alsip,2026,8,25.986
43,Alsip,2026,9,23.312
43,Alsip,2026,10,21.418
43,Alsip,2026,11,27.329
43,Alsip,2026,12,32.3
44,Altamont,2026,1,38.62
44,Altamont,2026,2,35.095
44,Altamont,2026,3,30.323
44,Altamont,2026,4,24.853
44,Altamont,2026,5,21.056
44,Altamont,2026,6,23.582
44,Altamont,2026,7,25.393
44,Altamont,2026,8,27.378
44,Altamont,2026,9,25.139
44,Altamont,2026,10,23.16
44,Altamont,2026,11,29.687
44,Altamont,2026,12,34.526
45,Alton,2026,1,45.484
45,Alton,2026,2,42.202
45,Alton,2026,3,35.503
45,Alton,2026,4,29.419
45,Alton,2026,5,25.039
45,Alton,2026,6,28.59
45,Alton,2026,7,30.836
45,Alton,2026,8,32.655
45,Alton,2026,9,30.06
45,Alton,2026,10,28.512
45,Alton,2026,11,36.019
45,Alton,2026,12,41.782
46,Altoona,2026,1,48.294
46,Altoona,2026,2,44.592
46,Altoona,2026,3,37.203
46,Altoona,2026,4,30.607
46,Altoona,2026,5,25.76
46,Altoona,2026,6,28.733
46,Altoona,2026,7,30.836
46,Altoona,2026,8,32.655
46,Altoona,2026,9,30.06
46,Altoona,2026,10,28.864
46,Altoona,2026,11,36.019
46,Altoona,2026,12,41.782
47,Alwar,2025,11,109.363
47,Alwar,2025,12,112.264
47,Alwar,2026,1,118.609
47,Alwar,2026,2,108.729
47,Alwar,2026,3,100.12
47,Alwar,2026,4,96.618
47,Alwar,2026,5,92.254
47,Alwar,2026,6,84.512
47,Alwar,2026,7,74.991
47,Alwar,2026,8,71.857
47,Alwar,2026,9,71.925
47,Alwar,2026,10,91.06
48,Amaravati,2025,11,64.007
48,Amaravati,2025,12,69.536
48,Amaravati,2026,1,71.703
48,Amaravati,2026,2,71.296
48,Amaravati,2026,3,68.289
48,Amaravati,2026,4,66.087
48,Amaravati,2026,5,62.571
48,Amaravati,2026,6,59.443
48,Amaravati,2026,7,52.714
48,Amaravati,2026,8,52.027
48,Amaravati,2026,9,56.515
48,Amaravati,2026,10,91.448
49,Amarillo,2026,1,19.798
49,Amarillo,2026,2,17.002
49,Amarillo,2026,3,14.672
49,Amarillo,2026,4,11.905
49,Amarillo,2026,5,10.043
49,Amarillo,2026,6,11.536
49,Amarillo,2026,7,12.446
49,Amarillo,2026,8,13.164
49,Amarillo,2026,9,11.57
49,Amarillo,2026,10,10.589
49,Amarillo,2026,11,13.521
49,Amarillo,2026,12,15.748
50,"Amarillo, TX",2026,1,34.248
50,"Amarillo, TX",2026,2,33.665
50,"Amarillo, TX",2026,3,31.461
50,"Amarillo, TX",2026,4,26.952
50,"Amarillo, TX",2026,5,22.385
50,"Amarillo, TX",2026,6,25.253
50,"Amarillo, TX",2026,7,27.407
50,"Amarillo, TX",2026,8,29.831
50,"Amarillo, TX",2026,9,27.698
50,"Amarillo, TX",2026,10,24.882
50,"Amarillo, TX",2026,11,32.879
50,"Amarillo, TX",2026,12,37.275
51,Ambala,2025,11,177.305
51,Ambala,2025,12,145.494
51,Ambala,2026,1,138.725
51,Ambala,2026,2,126.279
51,Ambala,2026,3,115.738
51,Ambala,2026,4,108.727
51,Ambala,2026,5,103.809
51,Ambala,2026,6,89.069
51,Ambala,2026,7,67.424
51,Ambala,2026,8,65.921
51,Ambala,2026,9,67.137
51,Ambala,2026,10,108.948
53,Amherst,2026,1,39.343
53,Amherst,2026,2,34.874
53,Amherst,2026,3,30.005
53,Amherst,2026,4,26.293
53,Amherst,2026,5,22.858
53,Amherst,2026,6,24.84
53,Amherst,2026,7,26.207
53,Amherst,2026,8,29.023
53,Amherst,2026,9,27.027
53,Amherst,2026,10,24.708
53,Amherst,2026,11,32.757
53,Amherst,2026,12,37.275
55,Amman,2026,1,106.934
55,Amman,2026,2,95.447
55,Amman,2026,3,82.645
55,Amman,2026,4,72.122
55,Amman,2026,5,67.238
55,Amman,2026,6,71.01
55,Amman,2026,7,74.503
55,Amman,2026,8,78.356
55,Amman,2026,9,77.707
55,Amman,2026,10,76.525
55,Amman,2026,11,90.253
55,Amman,2026,12,100.869
57,Amravati,2025,11,105.401
57,Amravati,2025,12,109.597
57,Amravati,2026,1,113.664
57,Amravati,2026,2,104.825
57,Amravati,2026,3,97.337
57,Amravati,2026,4,92.989
57,Amravati,2026,5,85.636
57,Amravati,2026,6,81.322
57,Amravati,2026,7,74.072
57,Amravati,2026,8,74.285
57,Amravati,2026,9,75.552
57,Amravati,2026,10,89.901
58,Amritsar,2025,11,115.491
58,Amritsar,2025,12,117.388
58,Amritsar,2026,1,117.914
58,Amritsar,2026,2,107.451
58,Amritsar,2026,3,100.12
58,Amritsar,2026,4,96.618
58,Amritsar,2026,5,92.225
58,Amritsar,2026,6,82.728
58,Amritsar,2026,7,71.089
58,Amritsar,2026,8,69.04
58,Amritsar,2026,9,71.067
58,Amritsar,2026,10,106.632
59,Amsterdam,2026,1,46.78
59,Amsterdam,2026,2,42.892
59,Amsterdam,2026,3,36.064
59,Amsterdam,2026,4,31.425
59,Amsterdam,2026,5,29.201
59,Amsterdam,2026,6,32.441
59,Amsterdam,2026,7,34.793
59,Amsterdam,2026,8,35.564
59,Amsterdam,2026,9,33.515
59,Amsterdam,2026,10,30.924
59,Amsterdam,2026,11,40.243
59,Amsterdam,2026,12,47.204
61,Anacortes,2026,1,24.684
61,Anacortes,2026,2,22.052
61,Anacortes,2026,3,18.83
61,Anacortes,2026,4,15.277
61,Anacortes,2026,5,13.601
61,Anacortes,2026,6,15.084
61,Anacortes,2026,7,16.423
61,Anacortes,2026,8,17.633
61,Anacortes,2026,9,15.338
61,Anacortes,2026,10,14.141
61,Anacortes,2026,11,18.669
61,Anacortes,2026,12,21.687
62,Anadarko,2018,1,52.66
62,Anadarko,2018,2,49.359
62,Anadarko,2018,3,42.559
62,Anadarko,2018,4,35.006
62,Anadarko,2018,5,30.882
62,Anadarko,2018,6,33.714
62,Anadarko,2018,7,35.109
62,Anadarko,2018,8,37.436
62,Anadarko,2018,9,35.869
62,Anadarko,2018,10,33.806
62,Anadarko,2018,11,40.34
62,Anadarko,2018,12,45.302
63,Anaheim,2026,1,49.213
63,Anaheim,2026,2,45.495
63,Anaheim,2026,3,38.445
63,Anaheim,2026,4,31.744
63,Anaheim,2026,5,27.272
63,Anaheim,2026,6,29.521
63,Anaheim,2026,7,31.93
63,Anaheim,2026,8,33.505
63,Anaheim,2026,9,31.072
63,Anaheim,2026,10,28.489
63,Anaheim,2026,11,37.266
63,Anaheim,2026,12,43.072
65,Anchorage,2026,1,25.61
65,Anchorage,2026,2,23.067
65,Anchorage,2026,3,19.73
65,Anchorage,2026,4,15.915
65,Anchorage,2026,5,13.544
65,Anchorage,2026,6,14.985
65,Anchorage,2026,7,15.823
65,Anchorage,2026,8,16.677
65,Anchorage,2026,9,14.543
65,Anchorage,2026,10,12.834
65,Anchorage,2026,11,16.201
65,Anchorage,2026,12,18.706
66,"Anchorage, AK",2026,1,14.935
66,"Anchorage, AK",2026,2,12.633
66,"Anchorage, AK",2026,3,10.747
66,"Anchorage, AK",2026,4,8.667
66,"Anchorage, AK",2026,5,7.413
66,"Anchorage, AK",2026,6,8.54
66,"Anchorage, AK",2026,7,9.131
66,"Anchorage, AK",2026,8,10.36
66,"Anchorage, AK",2026,9,8.944
66,"Anchorage, AK",2026,10,7.214
66,"Anchorage, AK",2026,11,10.074
66,"Anchorage, AK",2026,12,11.743
67,Anderson,2026,1,38.905
67,Anderson,2026,2,35.053
67,Anderson,2026,3,31.34
67,Anderson,2026,4,26.081
67,Anderson,2026,5,22.821
67,Anderson,2026,6,25.111
67,Anderson,2026,7,27.225
67,Anderson,2026,8,29.724
67,Anderson,2026,9,27.61
67,Anderson,2026,10,25.631
67,Anderson,2026,11,33.337
67,Anderson,2026,12,38.312
68,Angul,2025,11,130.71
68,Angul,2025,12,128.924
68,Angul,2026,1,125.812
68,Angul,2026,2,114.174
68,Angul,2026,3,103.651
68,Angul,2026,4,100.503
68,Angul,2026,5,95.544
68,Angul,2026,6,86.18
68,Angul,2026,7,75.828
68,Angul,2026,8,75.59
68,Angul,2026,9,74.573
68,Angul,2026,10,89.901
69,Ankara,2026,1,91.777
69,Ankara,2026,2,83.34
69,Ankara,2026,3,72.988
69,Ankara,2026,4,65.973
69,Ankara,2026,5,58.456
69,Ankara,2026,6,61.587
69,Ankara,2026,7,63.683
69,Ankara,2026,8,66.266
69,Ankara,2026,9,64.243
69,Ankara,2026,10,63.301
69,Ankara,2026,11,71.875
69,Ankara,2026,12,81.584
70,Ankleshwar,2025,11,105.303
70,Ankleshwar,2025,12,109.836
70,Ankleshwar,2026,1,114.068
70,Ankleshwar,2026,2,104.581
70,Ankleshwar,2026,3,97.337
70,Ankleshwar,2026,4,92.989
70,Ankleshwar,2026,5,85.636
70,Ankleshwar,2026,6,81.322
70,Ankleshwar,2026,7,74.072
70,Ankleshwar,2026,8,74.285
70,Ankleshwar,2026,9,75.552
70,Ankleshwar,2026,10,90.447
71,"Ann Arbor, MI",2026,1,34.065
71,"Ann Arbor, MI",2026,2,33.697
71,"Ann Arbor, MI",2026,3,31.181
71,"Ann Arbor, MI",2026,4,27.01
71,"Ann Arbor, MI",2026,5,22.777
71,"Ann Arbor, MI",2026,6,25.862
71,"Ann Arbor, MI",2026,7,27.225
71,"Ann Arbor, MI",2026,8,29.751
71,"Ann Arbor, MI",2026,9,27.61
71,"Ann Arbor, MI",2026,10,25.434
71,"Ann Arbor, MI",2026,11,33.337
71,"Ann Arbor, MI",2026,12,38.312
72,Annandale,2010,1,48.644
72,Annandale,2010,2,44.951
72,Annandale,2010,3,37.323
72,Annandale,2010,4,30.691
72,Annandale,2010,5,26.182
72,Annandale,2010,6,29.648
72,Annandale,2010,7,32.212
72,Annandale,2010,8,34.54
72,Annandale,2010,9,32.372
72,Annandale,2010,10,30.635
72,Annandale,2010,11,38.483
72,Annandale,2010,12,43.944
73,Anpara,2016,1,160.416
73,Anpara,2016,2,157.087
73,Anpara,2016,3,153.056
73,Anpara,2016,4,148.4
73,Anpara,2016,5,138.745
73,Anpara,2016,6,132.943
73,Anpara,2016,7,129.565
73,Anpara,2016,8,126.276
73,Anpara,2016,9,126.825
73,Anpara,2016,10,133.783
73,Anpara,2016,11,152.072
73,Anpara,2016,12,160.406
74,Anthony,2025,11,54.219
74,Anthony,2025,12,58.06
74,Anthony,2026,1,55.449
74,Anthony,2026,2,52.865
74,Anthony,2026,3,45.935
74,Anthony,2026,4,37.425
74,Anthony,2026,5,33.879
74,Anthony,2026,6,34.354
74,Anthony,2026,7,35.188
74,Anthony,2026,8,36.795
74,Anthony,2026,9,34.766
74,Anthony,2026,10,32.431
75,Apache,2026,1,9.651
75,Apache,2026,2,8.522
75,Apache,2026,3,7.905
75,Apache,2026,4,6.377
75,Apache,2026,5,5.231
75,Apache,2026,6,6.423
75,Apache,2026,7,6.403
75,Apache,2026,8,6.515
75,Apache,2026,9,4.143
75,Apache,2026,10,4.457
75,Apache,2026,11,7.534
75,Apache,2026,12,8.422
76,Apache Junction,2026,1,28.733
76,Apache Junction,2026,2,26.085
76,Apache Junction,2026,3,22.036
76,Apache Junction,2026,4,18.831
76,Apache Junction,2026,5,15.954
76,Apache Junction,2026,6,17.463
76,Apache Junction,2026,7,18.571
76,Apache Junction,2026,8,20.128
76,Apache Junction,2026,9,18.895
76,Apache Junction,2026,10,17.019
76,Apache Junction,2026,11,22.48
76,Apache Junction,2026,12,25.179
77,Apollo Beach,2025,1,46.386
77,Apollo Beach,2025,2,43.312
77,Apollo Beach,2025,3,36.644
77,Apollo Beach,2025,4,29.755
77,Apollo Beach,2025,5,25.389
77,Apollo Beach,2025,6,28.73
77,Apollo Beach,2025,7,30.966
77,Apollo Beach,2025,8,32.693
77,Apollo Beach,2025,9,30.148
77,Apollo Beach,2025,10,28.512
77,Apollo Beach,2025,11,35.976
77,Apollo Beach,2025,12,40.539
78,Apple Valley,2026,1,30.677
78,Apple Valley,2026,2,27.725
78,Apple Valley,2026,3,22.852
78,Apple Valley,2026,4,19.059
78,Apple Valley,2026,5,16.425
78,Apple Valley,2026,6,18.276
78,Apple Valley,2026,7,19.485
78,Apple Valley,2026,8,21.233
78,Apple Valley,2026,9,19.523
78,Apple Valley,2026,10,17.483
78,Apple Valley,2026,11,22.591
78,Apple Valley,2026,12,25.179
79,Appleton,2026,1,36.998
79,Appleton,2026,2,32.824
79,Appleton,2026,3,27.593
79,Appleton,2026,4,22.327
79,Appleton,2026,5,19.905
79,Appleton,2026,6,21.358
79,Appleton,2026,7,23.332
79,Appleton,2026,8,25.304
79,Appleton,2026,9,22.844
79,Appleton,2026,10,20.498
79,Appleton,2026,11,26.149
79,Appleton,2026,12,31.055
80,Applewood,2026,1,34.065
80,Applewood,2026,2,33.697
80,Applewood,2026,3,31.201
80,Applewood,2026,4,26.966
80,Applewood,2026,5,22.267
80,Applewood,2026,6,25.658
80,Applewood,2026,7,27.407
80,Applewood,2026,8,29.789
80,Applewood,2026,9,27.698
80,Applewood,2026,10,25.434
80,Applewood,2026,11,33.337
80,Applewood,2026,12,38.312
81,Aquia Harbour,2026,1,20.853
81,Aquia Harbour,2026,2,18.198
81,Aquia Harbour,2026,3,15.428
81,Aquia Harbour,2026,4,12.741
81,Aquia Harbour,2026,5,11.289
81,Aquia Harbour,2026,6,12.356
81,Aquia Harbour,2026,7,13.181
81,Aquia Harbour,2026,8,14.21
81,Aquia Harbour,2026,9,13.07
81,Aquia Harbour,2026,10,12.142
81,Aquia Harbour,2026,11,15.65
81,Aquia Harbour,2026,12,18.01
82,Aquinnah,2026,1,22.196
82,Aquinnah,2026,2,19.845
82,Aquinnah,2026,3,16.139
82,Aquinnah,2026,4,13.308
82,Aquinnah,2026,5,11.893
82,Aquinnah,2026,6,12.629
82,Aquinnah,2026,7,13.181
82,Aquinnah,2026,8,14.21
82,Aquinnah,2026,9,13.025
82,Aquinnah,2026,10,12.054
82,Aquinnah,2026,11,15.65
82,Aquinnah,2026,12,18.01
85,Archuleta,2026,1,34.065
85,Archuleta,2026,2,33.697
85,Archuleta,2026,3,31.201
85,Archuleta,2026,4,26.952
85,Archuleta,2026,5,22.503
85,Archuleta,2026,6,25.751
85,Archuleta,2026,7,27.407
85,Archuleta,2026,8,29.793
85,Archuleta,2026,9,27.698
85,Archuleta,2026,10,25.434
85,Archuleta,2026,11,33.337
85,Archuleta,2026,12,38.312
86,Arden-Arcade,2026,1,38.684
86,Arden-Arcade,2026,2,34.895
86,Arden-Arcade,2026,3,30.614
86,Arden-Arcade,2026,4,26.478
86,Arden-Arcade,2026,5,22.152
86,Arden-Arcade,2026,6,25.379
86,Arden-Arcade,2026,7,27.225
86,Arden-Arcade,2026,8,29.751
86,Arden-Arcade,2026,9,27.61
86,Arden-Arcade,2026,10,25.786
86,Arden-Arcade,2026,11,33.337
86,Arden-Arcade,2026,12,38.312
87,"Ardmore, OK",2026,1,36.967
87,"Ardmore, OK",2026,2,32.209
87,"Ardmore, OK",2026,3,27.566
87,"Ardmore, OK",2026,4,22.306
87,"Ardmore, OK",2026,5,19.826
87,"Ardmore, OK",2026,6,21.467
87,"Ardmore, OK",2026,7,23.437
87,"Ardmore, OK",2026,8,25.304
87,"Ardmore, OK",2026,9,22.771
87,"Ardmore, OK",2026,10,20.812
87,"Ardmore, OK",2026,11,26.479
87,"Ardmore, OK",2026,12,31.055
89,"Arkadelphia, AR",2026,1,34.016
89,"Arkadelphia, AR",2026,2,33.883
89,"Arkadelphia, AR",2026,3,31.299
89,"Arkadelphia, AR",2026,4,27.29
89,"Arkadelphia, AR",2026,5,23.524
89,"Arkadelphia, AR",2026,6,25.84
89,"Arkadelphia, AR",2026,7,27.467
89,"Arkadelphia, AR",2026,8,29.85
89,"Arkadelphia, AR",2026,9,27.25
89,"Arkadelphia, AR",2026,10,24.788
89,"Arkadelphia, AR",2026,11,32.767
89,"Arkadelphia, AR",2026,12,37.275
90,Arlington,2026,1,43.559
90,Arlington,2026,2,40.909
90,Arlington,2026,3,34.222
90,Arlington,2026,4,29.603
90,Arlington,2026,5,26.454
90,Arlington,2026,6,29.552
90,Arlington,2026,7,32.008
90,Arlington,2026,8,34.29
90,Arlington,2026,9,32.313
90,Arlington,2026,10,30.281
90,Arlington,2026,11,38.352
90,Arlington,2026,12,43.846
91,Arnold,2026,1,35.557
91,Arnold,2026,2,32.418
91,Arnold,2026,3,27.783
91,Arnold,2026,4,22.306
91,Arnold,2026,5,19.748
91,Arnold,2026,6,21.571
91,Arnold,2026,7,23.437
91,Arnold,2026,8,25.21
91,Arnold,2026,9,22.577
91,Arnold,2026,10,20.803
91,Arnold,2026,11,26.384
91,Arnold,2026,12,31.055
92,Aroostook,2020,1,29.835
92,Aroostook,2020,2,27.344
92,Aroostook,2020,3,22.859
92,Aroostook,2020,4,19.092
92,Aroostook,2020,5,16.586
92,Aroostook,2020,6,18.364
92,Aroostook,2020,7,19.485
92,Aroostook,2020,8,21.233
92,Aroostook,2020,9,19.595
92,Aroostook,2020,10,17.571
92,Aroostook,2020,11,22.591
92,Aroostook,2020,12,25.179
94,Arroyo Grande,2026,1,37.173
94,Arroyo Grande,2026,2,33.539
94,Arroyo Grande,2026,3,28.828
94,Arroyo Grande,2026,4,23.01
94,Arroyo Grande,2026,5,20.378
94,Arroyo Grande,2026,6,22.517
94,Arroyo Grande,2026,7,24.552
94,Arroyo Grande,2026,8,26.08
94,Arroyo Grande,2026,9,24.428
94,Arroyo Grande,2026,10,22.498
94,Arroyo Grande,2026,11,29.134
94,Arroyo Grande,2026,12,33.828
95,Artesia,2010,1,34.539
95,Artesia,2010,2,33.946
95,Artesia,2010,3,31.529
95,Artesia,2010,4,27.371
95,Artesia,2010,5,23.67
95,Artesia,2010,6,25.904
95,Artesia,2010,7,27.723
95,Artesia,2010,8,30.018
95,Artesia,2010,9,28.611
95,Artesia,2010,10,25.703
95,Artesia,2010,11,33.68
95,Artesia,2010,12,38.407
96,Arvada,2012,1,35.063
96,Arvada,2012,2,32.631
96,Arvada,2012,3,27.678
96,Arvada,2012,4,22.396
96,Arvada,2012,5,19.876
96,Arvada,2012,6,21.13
96,Arvada,2012,7,23.271
96,Arvada,2012,8,25.102
96,Arvada,2012,9,22.591
96,Arvada,2012,10,20.858
96,Arvada,2012,11,26.503
96,Arvada,2012,12,31.096
97,Arvin,2026,1,34.06
97,Arvin,2026,2,33.709
97,Arvin,2026,3,31.302
97,Arvin,2026,4,27.19
97,Arvin,2026,5,23.48
97,Arvin,2026,6,25.76
97,Arvin,2026,7,27.467
97,Arvin,2026,8,29.831
97,Arvin,2026,9,27.473
97,Arvin,2026,10,24.708
97,Arvin,2026,11,32.757
97,Arvin,2026,12,37.275
98,Asansol,2025,11,105.601
98,Asansol,2025,12,110.134
98,Asansol,2026,1,114.068
98,Asansol,2026,2,104.581
98,Asansol,2026,3,97.337
98,Asansol,2026,4,92.989
98,Asansol,2026,5,85.636
98,Asansol,2026,6,80.334
98,Asansol,2026,7,72.963
98,Asansol,2026,8,73.931
98,Asansol,2026,9,73.952
98,Asansol,2026,10,89.508
99,Asheville,2026,1,37.356
99,Asheville,2026,2,33.38
99,Asheville,2026,3,29.047
99,Asheville,2026,4,24.595
99,Asheville,2026,5,20.866
99,Asheville,2026,6,23.22
99,Asheville,2026,7,25.39
99,Asheville,2026,8,27.284
99,Asheville,2026,9,25.067
99,Asheville,2026,10,23.224
99,Asheville,2026,11,29.97
99,Asheville,2026,12,34.526
100,"Asheville, NC",2026,1,13.152
100,"Asheville, NC",2026,2,11.635
100,"Asheville, NC",2026,3,10.22
100,"Asheville, NC",2026,4,8.439
100,"Asheville, NC",2026,5,7.534
100,"Asheville, NC",2026,6,8.578
100,"Asheville, NC",2026,7,9.131
100,"Asheville, NC",2026,8,10.36
100,"Asheville, NC",2026,9,8.944
100,"Asheville, NC",2026,10,7.424
100,"Asheville, NC",2026,11,10.074
100,"Asheville, NC",2026,12,11.743
101,Ashland,2026,1,35.143
101,Ashland,2026,2,32.104
101,Ashland,2026,3,27.784
101,Ashland,2026,4,22.306
101,Ashland,2026,5,19.74
101,Ashland,2026,6,21.533
101,Ashland,2026,7,23.437
101,Ashland,2026,8,25.21
101,Ashland,2026,9,22.577
101,Ashland,2026,10,20.842
101,Ashland,2026,11,26.384
101,Ashland,2026,12,31.055
103,Aspen,2026,1,24.799
103,Aspen,2026,2,23.243
103,Aspen,2026,3,19.913
103,Aspen,2026,4,15.973
103,Aspen,2026,5,13.401
103,Aspen,2026,6,15.336
103,Aspen,2026,7,16.527
103,Aspen,2026,8,17.52
103,Aspen,2026,9,15.293
103,Aspen,2026,10,13.782
103,Aspen,2026,11,18.271
103,Aspen,2026,12,21.279
104,Aspen Park,2020,1,34.202
104,Aspen Park,2020,2,33.466
104,Aspen Park,2020,3,31.461
104,Aspen Park,2020,4,26.952
104,Aspen Park,2020,5,22.532
104,Aspen Park,2020,6,24.829
104,Aspen Park,2020,7,26.098
104,Aspen Park,2020,8,29.023
104,Aspen Park,2020,9,27.027
104,Aspen Park,2020,10,24.708
104,Aspen Park,2020,11,32.879
104,Aspen Park,2020,12,37.275
106,Atascadero,2026,1,22.196
106,Atascadero,2026,2,19.845
106,Atascadero,2026,3,16.139
106,Atascadero,2026,4,13.308
106,Atascadero,2026,5,11.893
106,Atascadero,2026,6,12.629
106,Atascadero,2026,7,13.181
106,Atascadero,2026,8,14.21
106,Atascadero,2026,9,13.025
106,Atascadero,2026,10,12.054
106,Atascadero,2026,11,15.65
106,Atascadero,2026,12,18.01
107,Athens,2026,1,58.986
107,Athens,2026,2,55.681
107,Athens,2026,3,49.794
107,Athens,2026,4,41.637
107,Athens,2026,5,37.13
107,Athens,2026,6,40.133
107,Athens,2026,7,42.829
107,Athens,2026,8,45.167
107,Athens,2026,9,42.446
107,Athens,2026,10,39.995
107,Athens,2026,11,49.129
107,Athens,2026,12,55.715
108,Athens,2026,1,38.032
108,Athens,2026,2,35.181
108,Athens,2026,3,30.323
108,Athens,2026,4,24.853
108,Athens,2026,5,21.056
108,Athens,2026,6,23.582
108,Athens,2026,7,25.393
108,Athens,2026,8,27.378
108,Athens,2026,9,25.139
108,Athens,2026,10,23.16
108,Athens,2026,11,29.687
108,Athens,2026,12,34.526
109,Athens (corp name Athens-Clarke County),2026,1,42.425
109,Athens (corp name Athens-Clarke County),2026,2,38.51
109,Athens (corp name Athens-Clarke County),2026,3,32.06
109,Athens (corp name Athens-Clarke County),2026,4,26.699
109,Athens (corp name Athens-Clarke County),2026,5,22.559
109,Athens (corp name Athens-Clarke County),2026,6,24.829
109,Athens (corp name Athens-Clarke County),2026,7,26.207
109,Athens (corp name Athens-Clarke County),2026,8,29.023
109,Athens (corp name Athens-Clarke County),2026,9,27.027
109,Athens (corp name Athens-Clarke County),2026,10,24.708
109,Athens (corp name Athens-Clarke County),2026,11,32.757
109,Athens (corp name Athens-Clarke County),2026,12,37.275
110,"Athens, OH",2026,1,34.076
110,"Athens, OH",2026,2,33.709
110,"Athens, OH",2026,3,31.302
110,"Athens, OH",2026,4,27.19
110,"Athens, OH",2026,5,23.48
110,"Athens, OH",2026,6,25.76
110,"Athens, OH",2026,7,27.467
110,"Athens, OH",2026,8,29.831
110,"Athens, OH",2026,9,27.473
110,"Athens, OH",2026,10,24.708
110,"Athens, OH",2026,11,32.757
110,"Athens, OH",2026,12,37.275
111,"Athens, TN",2015,1,57.458
111,"Athens, TN",2015,2,54.686
111,"Athens, TN",2015,3,49.11
111,"Athens, TN",2015,4,41.103
111,"Athens, TN",2015,5,36.63
111,"Athens, TN",2015,6,37.887
111,"Athens, TN",2015,7,40.034
111,"Athens, TN",2015,8,43.296
111,"Athens, TN",2015,9,40.012
111,"Athens, TN",2015,10,36.072
111,"Athens, TN",2015,11,46.829
111,"Athens, TN",2015,12,51.264
112,Atlanta,2026,1,44.823
112,Atlanta,2026,2,40.176
112,Atlanta,2026,3,34.456
112,Atlanta,2026,4,29.623
112,Atlanta,2026,5,26.801
112,Atlanta,2026,6,28.631
112,Atlanta,2026,7,31.347
112,Atlanta,2026,8,33.505
112,Atlanta,2026,9,30.985
112,Atlanta,2026,10,27.749
112,Atlanta,2026,11,35.941
112,Atlanta,2026,12,40.539
113,"Atlanta-Sandy Springs-Roswell, GA",2026,1,41.099
113,"Atlanta-Sandy Springs-Roswell, GA",2026,2,37.879
113,"Atlanta-Sandy Springs-Roswell, GA",2026,3,31.509
113,"Atlanta-Sandy Springs-Roswell, GA",2026,4,25.648
113,"Atlanta-Sandy Springs-Roswell, GA",2026,5,21.496
113,"Atlanta-Sandy Springs-Roswell, GA",2026,6,24.127
113,"Atlanta-Sandy Springs-Roswell, GA",2026,7,26.13
113,"Atlanta-Sandy Springs-Roswell, GA",2026,8,28.916
113,"Atlanta-Sandy Springs-Roswell, GA",2026,9,26.298
113,"Atlanta-Sandy Springs-Roswell, GA",2026,10,25.071
113,"Atlanta-Sandy Springs-Roswell, GA",2026,11,32.482
113,"Atlanta-Sandy Springs-Roswell, GA",2026,12,37.507
114,Atlantic City,2026,1,30.784
114,Atlantic City,2026,2,28.88
114,Atlantic City,2026,3,24.838
114,Atlantic City,2026,4,20.559
114,Atlantic City,2026,5,18.094
114,Atlantic City,2026,6,19.9
114,Atlantic City,2026,7,21.245
114,Atlantic City,2026,8,23.058
114,Atlantic City,2026,9,20.858
114,Atlantic City,2026,10,18.113
114,Atlantic City,2026,11,23.699
114,Atlantic City,2026,12,26.885
115,Auburn,2026,1,32.017
115,Auburn,2026,2,30.19
115,Auburn,2026,3,26.721
115,Auburn,2026,4,21.714
115,Auburn,2026,5,18.801
115,Auburn,2026,6,20.636
115,Auburn,2026,7,22.406
115,Auburn,2026,8,24.359
115,Auburn,2026,9,21.847
115,Auburn,2026,10,19.472
115,Auburn,2026,11,25.145
115,Auburn,2026,12,29.165
116,Auckland,2026,1,23.185
116,Auckland,2026,2,21.146
116,Auckland,2026,3,18.872
116,Auckland,2026,4,17.111
116,Auckland,2026,5,16.293
116,Auckland,2026,6,18.685
116,Auckland,2026,7,19.734
116,Auckland,2026,8,20.314
116,Auckland,2026,9,17.292
116,Auckland,2026,10,15.066
116,Auckland,2026,11,19.667
116,Auckland,2026,12,22.432
117,Augusta,2026,1,49.063
117,Augusta,2026,2,45.55
117,Augusta,2026,3,38.531
117,Augusta,2026,4,31.78
117,Augusta,2026,5,26.916
117,Augusta,2026,6,30.016
117,Augusta,2026,7,32.953
117,Augusta,2026,8,34.218
117,Augusta,2026,9,32.225
117,Augusta,2026,10,30.332
117,Augusta,2026,11,38.45
117,Augusta,2026,12,43.846
118,Augusta-Richmond County (Remainder),2013,1,52.496
118,Augusta-Richmond County (Remainder),2013,2,49.371
118,Augusta-Richmond County (Remainder),2013,3,41.806
118,Augusta-Richmond County (Remainder),2013,4,34.111
118,Augusta-Richmond County (Remainder),2013,5,30.362
118,Augusta-Richmond County (Remainder),2013,6,32.892
118,Augusta-Richmond County (Remainder),2013,7,34.845
118,Augusta-Richmond County (Remainder),2013,8,35.679
118,Augusta-Richmond County (Remainder),2013,9,33.502
118,Augusta-Richmond County (Remainder),2013,10,31.69
118,Augusta-Richmond County (Remainder),2013,11,38.926
118,Augusta-Richmond County (Remainder),2013,12,43.686
119,"Augusta-Richmond County, GA-SC",2026,1,42.76
119,"Augusta-Richmond County, GA-SC",2026,2,39.965
119,"Augusta-Richmond County, GA-SC",2026,3,33.569
119,"Augusta-Richmond County, GA-SC",2026,4,28.312
119,"Augusta-Richmond County, GA-SC",2026,5,24.134
119,"Augusta-Richmond County, GA-SC",2026,6,27.541
119,"Augusta-Richmond County, GA-SC",2026,7,29.801
119,"Augusta-Richmond County, GA-SC",2026,8,31.977
119,"Augusta-Richmond County, GA-SC",2026,9,29.446
119,"Augusta-Richmond County, GA-SC",2026,10,27.529
119,"Augusta-Richmond County, GA-SC",2026,11,35.256
119,"Augusta-Richmond County, GA-SC",2026,12,40.539
120,Aurangabad,2025,11,109.473
120,Aurangabad,2025,12,116.265
120,Aurangabad,2026,1,122.395
120,Aurangabad,2026,2,112.698
120,Aurangabad,2026,3,103.312
120,Aurangabad,2026,4,100.097
120,Aurangabad,2026,5,95.723
120,Aurangabad,2026,6,89.059
120,Aurangabad,2026,7,77.829
120,Aurangabad,2026,8,76.462
120,Aurangabad,2026,9,76.704
120,Aurangabad,2026,10,95.022
122,Aurora,2026,1,45.666
122,Aurora,2026,2,41.52
122,Aurora,2026,3,34.602
122,Aurora,2026,4,29.251
122,Aurora,2026,5,26.486
122,Aurora,2026,6,29.013
122,Aurora,2026,7,32.008
122,Aurora,2026,8,34.29
122,Aurora,2026,9,32.313
122,Aurora,2026,10,30.207
122,Aurora,2026,11,38.523
122,Aurora,2026,12,43.846
123,Austin,2026,1,46.915
123,Austin,2026,2,42.976
123,Austin,2026,3,35.654
123,Austin,2026,4,29.419
123,Austin,2026,5,25.039
123,Austin,2026,6,28.59
123,Austin,2026,7,30.836
123,Austin,2026,8,32.655
123,Austin,2026,9,30.06
123,Austin,2026,10,28.512
123,Austin,2026,11,36.019
123,Austin,2026,12,41.782
124,Avalon,2026,1,40.503
124,Avalon,2026,2,36.868
124,Avalon,2026,3,30.714
124,Avalon,2026,4,24.47
124,Avalon,2026,5,21.134
124,Avalon,2026,6,23.494
124,Avalon,2026,7,25.393
124,Avalon,2026,8,27.378
124,Avalon,2026,9,25.112
124,Avalon,2026,10,23.072
124,Avalon,2026,11,29.687
124,Avalon,2026,12,34.526
125,Avery,2026,1,22.683
125,Avery,2026,2,19.545
125,Avery,2026,3,16.231
125,Avery,2026,4,13.288
125,Avery,2026,5,11.783
125,Avery,2026,6,12.779
125,Avery,2026,7,13.285
125,Avery,2026,8,14.21
125,Avery,2026,9,13.025
125,Avery,2026,10,12.215
125,Avery,2026,11,15.735
125,Avery,2026,12,18.01
126,Avon,2026,1,34.06
126,Avon,2026,2,33.7
126,Avon,2026,3,31.299
126,Avon,2026,4,27.223
126,Avon,2026,5,23.446
126,Avon,2026,6,25.84
126,Avon,2026,7,27.467
126,Avon,2026,8,29.831
126,Avon,2026,9,27.473
126,Avon,2026,10,24.788
126,Avon,2026,11,32.767
126,Avon,2026,12,37.275
128,Azusa,2020,1,49.828
128,Azusa,2020,2,45.55
128,Azusa,2020,3,38.387
128,Azusa,2020,4,31.665
128,Azusa,2020,5,27.105
128,Azusa,2020,6,30.687
128,Azusa,2020,7,32.998
128,Azusa,2020,8,34.29
128,Azusa,2020,9,32.313
128,Azusa,2020,10,30.463
128,Azusa,2020,11,38.363
128,Azusa,2020,12,43.846
129,BAJA CALIFORNIA NORTE,2020,1,94.038
129,BAJA CALIFORNIA NORTE,2020,2,85.17
129,BAJA CALIFORNIA NORTE,2020,3,76.39
129,BAJA CALIFORNIA NORTE,2020,4,68.991
129,BAJA CALIFORNIA NORTE,2020,5,63.318
129,BAJA CALIFORNIA NORTE,2020,6,65.359
129,BAJA CALIFORNIA NORTE,2020,7,66.948
129,BAJA CALIFORNIA NORTE,2020,8,67.242
129,BAJA CALIFORNIA NORTE,2020,9,65.384
129,BAJA CALIFORNIA NORTE,2020,10,64.189
129,BAJA CALIFORNIA NORTE,2020,11,70.183
129,BAJA CALIFORNIA NORTE,2020,12,75.341
130,Baddi,2025,11,166.951
130,Baddi,2025,12,154.019
130,Baddi,2026,1,150.809
130,Baddi,2026,2,139.136
130,Baddi,2026,3,128.902
130,Baddi,2026,4,121.52
130,Baddi,2026,5,111.953
130,Baddi,2026,6,100.228
130,Baddi,2026,7,83.694
130,Baddi,2026,8,81.703
130,Baddi,2026,9,86.411
130,Baddi,2026,10,99.143
131,Badlapur,2025,11,96.315
131,Badlapur,2025,12,106.599
131,Badlapur,2026,1,110.219
131,Badlapur,2026,2,102.775
131,Badlapur,2026,3,96.159
131,Badlapur,2026,4,94.536
131,Badlapur,2026,5,89.653
131,Badlapur,2026,6,80.514
131,Badlapur,2026,7,70.437
131,Badlapur,2026,8,70.683
131,Badlapur,2026,9,74.607
131,Badlapur,2026,10,108.133
133,Baghdad,2026,1,124.088
133,Baghdad,2026,2,109.994
133,Baghdad,2026,3,92.461
133,Baghdad,2026,4,81.245
133,Baghdad,2026,5,77.317
133,Baghdad,2026,6,84.446
133,Baghdad,2026,7,89.958
133,Baghdad,2026,8,97.129
133,Baghdad,2026,9,88.357
133,Baghdad,2026,10,83.92
133,Baghdad,2026,11,103.322
133,Baghdad,2026,12,122.118
134,Baghpat,2025,11,278.096
134,Baghpat,2025,12,203.691
134,Baghpat,2026,1,215.436
134,Baghpat,2026,2,189.472
134,Baghpat,2026,3,169.731
134,Baghpat,2026,4,166.34
134,Baghpat,2026,5,153.703
134,Baghpat,2026,6,136.382
134,Baghpat,2026,7,99.745
134,Baghpat,2026,8,82.951
134,Baghpat,2026,9,86.193
134,Baghpat,2026,10,123.883
135,Bahadurgarh,2025,11,245.023
135,Bahadurgarh,2025,12,203.625
135,Bahadurgarh,2026,1,215.436
135,Bahadurgarh,2026,2,189.406
135,Bahadurgarh,2026,3,176.244
135,Bahadurgarh,2026,4,155.238
135,Bahadurgarh,2026,5,146.785
135,Bahadurgarh,2026,6,125.938
135,Bahadurgarh,2026,7,90.673
135,Bahadurgarh,2026,8,79.368
135,Bahadurgarh,2026,9,86.001
135,Bahadurgarh,2026,10,124.774
137,Baker City,2026,1,30.123
137,Baker City,2026,2,27.355
137,Baker City,2026,3,22.681
137,Baker City,2026,4,19.039
137,Baker City,2026,5,16.362
137,Baker City,2026,6,18.247
137,Baker City,2026,7,19.376
137,Baker City,2026,8,21.233
137,Baker City,2026,9,19.523
137,Baker City,2026,10,17.483
137,Baker City,2026,11,22.712
137,Baker City,2026,12,25.179
138,Bakersfield,2026,1,51.814
138,Bakersfield,2026,2,47.893
138,Bakersfield,2026,3,40.178
138,Bakersfield,2026,4,33.168
138,Bakersfield,2026,5,29.353
138,Bakersfield,2026,6,32.17
138,Bakersfield,2026,7,34.701
138,Bakersfield,2026,8,35.549
138,Bakersfield,2026,9,33.438
138,Bakersfield,2026,10,31.638
138,Bakersfield,2026,11,38.807
138,Bakersfield,2026,12,43.578
139,"Bakersfield, CA",2026,1,20.69
139,"Bakersfield, CA",2026,2,17.872
139,"Bakersfield, CA",2026,3,14.7
139,"Bakersfield, CA",2026,4,11.891
139,"Bakersfield, CA",2026,5,10.006
139,"Bakersfield, CA",2026,6,11.478
139,"Bakersfield, CA",2026,7,12.342
139,"Bakersfield, CA",2026,8,13.164
139,"Bakersfield, CA",2026,9,11.57
139,"Bakersfield, CA",2026,10,10.276
139,"Bakersfield, CA",2026,11,13.304
139,"Bakersfield, CA",2026,12,15.748
140,Balasore,2025,11,99.494
140,Balasore,2025,12,102.045
140,Balasore,2026,1,105.466
140,Balasore,2026,2,98.455
140,Balasore,2026,3,90.762
140,Balasore,2026,4,84.851
140,Balasore,2026,5,79.405
140,Balasore,2026,6,76.734
140,Balasore,2026,7,71.461
140,Balasore,2026,8,71.233
140,Balasore,2026,9,69.687
140,Balasore,2026,10,86.362
142,Ballabgarh,2025,11,231.564
142,Ballabgarh,2025,12,216.863
142,Ballabgarh,2026,1,229.352
142,Ballabgarh,2026,2,199.076
142,Ballabgarh,2026,3,179.251
142,Ballabgarh,2026,4,154.926
142,Ballabgarh,2026,5,145.552
142,Ballabgarh,2026,6,127.736
142,Ballabgarh,2026,7,100.275
142,Ballabgarh,2026,8,95.278
142,Ballabgarh,2026,9,91.623
142,Ballabgarh,2026,10,113.1
143,Baltimore,2026,1,38.62
143,Baltimore,2026,2,35.151
143,Baltimore,2026,3,30.356
143,Baltimore,2026,4,24.82
143,Baltimore,2026,5,21.09
143,Baltimore,2026,6,23.494
143,Baltimore,2026,7,25.393
143,Baltimore,2026,8,27.378
143,Baltimore,2026,9,25.112
143,Baltimore,2026,10,23.072
143,Baltimore,2026,11,29.687
143,Baltimore,2026,12,34.526
144,"Baltimore-Columbia-Towson, MD",2026,1,55.182
144,"Baltimore-Columbia-Towson, MD",2026,2,52.104
144,"Baltimore-Columbia-Towson, MD",2026,3,45.935
144,"Baltimore-Columbia-Towson, MD",2026,4,37.296
144,"Baltimore-Columbia-Towson, MD",2026,5,33.314
144,"Baltimore-Columbia-Towson, MD",2026,6,34.354
144,"Baltimore-Columbia-Towson, MD",2026,7,35.188
144,"Baltimore-Columbia-Towson, MD",2026,8,36.795
144,"Baltimore-Columbia-Towson, MD",2026,9,34.766
144,"Baltimore-Columbia-Towson, MD",2026,10,32.431
144,"Baltimore-Columbia-Towson, MD",2026,11,36.452
144,"Baltimore-Columbia-Towson, MD",2026,12,41.358
146,Bangkok,2026,1,91.986
146,Bangkok,2026,2,91.445
146,Bangkok,2026,3,86.607
146,Bangkok,2026,4,83.225
146,Bangkok,2026,5,80.615
146,Bangkok,2026,6,76.212
146,Bangkok,2026,7,70.741
146,Bangkok,2026,8,68.245
146,Bangkok,2026,9,68.568
146,Bangkok,2026,10,87.533
146,Bangkok,2026,11,101.619
146,Bangkok,2026,12,106.983
147,Bangor,2026,1,31.301
147,Bangor,2026,2,29.787
147,Bangor,2026,3,25.482
147,Bangor,2026,4,20.971
147,Bangor,2026,5,17.643
147,Bangor,2026,6,19.548
147,Bangor,2026,7,21.047
147,Bangor,2026,8,23.149
147,Bangor,2026,9,20.946
147,Bangor,2026,10,18.419
147,Bangor,2026,11,24.143
147,Bangor,2026,12,27.917
148,"Bangor, ME",2026,1,24.302
148,"Bangor, ME",2026,2,22.773
148,"Bangor, ME",2026,3,19.185
148,"Bangor, ME",2026,4,15.981
148,"Bangor, ME",2026,5,13.289
148,"Bangor, ME",2026,6,14.911
148,"Bangor, ME",2026,7,15.839
148,"Bangor, ME",2026,8,16.564
148,"Bangor, ME",2026,9,14.455
148,"Bangor, ME",2026,10,12.807
148,"Bangor, ME",2026,11,16.523
148,"Bangor, ME",2026,12,18.694
150,Banning,2026,1,36.998
150,Banning,2026,2,32.824
150,Banning,2026,3,27.593
150,Banning,2026,4,22.36
150,Banning,2026,5,19.905
150,Banning,2026,6,21.358
150,Banning,2026,7,23.332
150,Banning,2026,8,25.304
150,Banning,2026,9,22.844
150,Banning,2026,10,20.498
150,Banning,2026,11,26.149
150,Banning,2026,12,31.055
154,"Baraboo, WI",2026,1,33.953
154,"Baraboo, WI",2026,2,30.873
154,"Baraboo, WI",2026,3,26.36
154,"Baraboo, WI",2026,4,21.77
154,"Baraboo, WI",2026,5,18.444
154,"Baraboo, WI",2026,6,20.485
154,"Baraboo, WI",2026,7,22.367
154,"Baraboo, WI",2026,8,24.246
154,"Baraboo, WI",2026,9,21.453
154,"Baraboo, WI",2026,10,19.784
154,"Baraboo, WI",2026,11,24.928
154,"Baraboo, WI",2026,12,28.239
159,Barcelona,2026,1,36.654
159,Barcelona,2026,2,33.997
159,Barcelona,2026,3,29.074
159,Barcelona,2026,4,26.881
159,Barcelona,2026,5,24.761
159,Barcelona,2026,6,28.102
159,Barcelona,2026,7,30.902
159,Barcelona,2026,8,32.98
159,Barcelona,2026,9,30.58
159,Barcelona,2026,10,29.004
159,Barcelona,2026,11,36.531
159,Barcelona,2026,12,42.819
161,Bareilly,2025,11,103.35
161,Bareilly,2025,12,109.187
161,Bareilly,2026,1,113.168
161,Bareilly,2026,2,104.545
161,Bareilly,2026,3,97.488
161,Bareilly,2026,4,92.502
161,Bareilly,2026,5,85.034
161,Bareilly,2026,6,76.936
161,Bareilly,2026,7,69.354
161,Bareilly,2026,8,69.744
161,Bareilly,2026,9,70.52
161,Bareilly,2026,10,103.626
166,Barrackpore,2025,11,110.401
166,Barrackpore,2025,12,117.518
166,Barrackpore,2026,1,125.691
166,Barrackpore,2026,2,115.681
166,Barrackpore,2026,3,104.189
166,Barrackpore,2026,4,100.955
166,Barrackpore,2026,5,96.289
166,Barrackpore,2026,6,90.592
166,Barrackpore,2026,7,78.402
166,Barrackpore,2026,8,81.091
166,Barrackpore,2026,9,81.046
166,Barrackpore,2026,10,94.697
168,Barstow,2026,1,54.34
168,Barstow,2026,2,51.574
168,Barstow,2026,3,44.859
168,Barstow,2026,4,36.555
168,Barstow,2026,5,31.262
168,Barstow,2026,6,34.102
168,Barstow,2026,7,35.897
168,Barstow,2026,8,36.85
168,Barstow,2026,9,35.156
168,Barstow,2026,10,33.38
168,Barstow,2026,11,40.325
168,Barstow,2026,12,45.23
171,Batavia,2026,1,38.175
171,Batavia,2026,2,34.158
171,Batavia,2026,3,30.149
171,Batavia,2026,4,26.273
171,Batavia,2026,5,22.186
171,Batavia,2026,6,24.829
171,Batavia,2026,7,26.207
171,Batavia,2026,8,29.023
171,Batavia,2026,9,27.027
171,Batavia,2026,10,24.708
171,Batavia,2026,11,32.669
171,Batavia,2026,12,37.275
172,Bath,2026,1,34.065
172,Bath,2026,2,33.697
172,Bath,2026,3,31.419
172,Bath,2026,4,26.952
172,Bath,2026,5,22.393
172,Bath,2026,6,25.441
172,Bath,2026,7,27.407
172,Bath,2026,8,29.831
172,Bath,2026,9,27.698
172,Bath,2026,10,25.21
172,Bath,2026,11,33.294
172,Bath,2026,12,38.312
173,Bathinda,2025,11,133.323
173,Bathinda,2025,12,128.603
173,Bathinda,2026,1,128.096
173,Bathinda,2026,2,116.442
173,Bathinda,2026,3,106.227
173,Bathinda,2026,4,101.738
173,Bathinda,2026,5,96.289
173,Bathinda,2026,6,90.592
173,Bathinda,2026,7,78.402
173,Bathinda,2026,8,80.967
173,Bathinda,2026,9,78.627
173,Bathinda,2026,10,92.39
174,Baton Rouge,2026,1,45.666
174,Baton Rouge,2026,2,40.86
174,Baton Rouge,2026,3,34.092
174,Baton Rouge,2026,4,29.603
174,Baton Rouge,2026,5,26.486
174,Baton Rouge,2026,6,28.732
174,Baton Rouge,2026,7,31.452
174,Baton Rouge,2026,8,33.505
174,Baton Rouge,2026,9,31.343
174,Baton Rouge,2026,10,28.517
174,Baton Rouge,2026,11,37.388
174,Baton Rouge,2026,12,43.072
175,"Baton Rouge, LA",2026,1,45.255
175,"Baton Rouge, LA",2026,2,41.696
175,"Baton Rouge, LA",2026,3,34.706
175,"Baton Rouge, LA",2026,4,29.271
175,"Baton Rouge, LA",2026,5,26.758
175,"Baton Rouge, LA",2026,6,28.631
175,"Baton Rouge, LA",2026,7,31.347
175,"Baton Rouge, LA",2026,8,33.505
175,"Baton Rouge, LA",2026,9,31.045
175,"Baton Rouge, LA",2026,10,28.401
175,"Baton Rouge, LA",2026,11,37.266
175,"Baton Rouge, LA",2026,12,43.072
176,Battlement Mesa,2026,1,21.082
176,Battlement Mesa,2026,2,19.195
176,Battlement Mesa,2026,3,16.329
176,Battlement Mesa,2026,4,13.346
176,Battlement Mesa,2026,5,11.589
176,Battlement Mesa,2026,6,13.222
176,Battlement Mesa,2026,7,14.186
176,Battlement Mesa,2026,8,15.715
176,Battlement Mesa,2026,9,13.874
176,Battlement Mesa,2026,10,12.314
176,Battlement Mesa,2026,11,16.179
176,Battlement Mesa,2026,12,18.706
177,Bay City,2026,1,42.283
177,Bay City,2026,2,39.405
177,Bay City,2026,3,33.144
177,Bay City,2026,4,28.537
177,Bay City,2026,5,24.433
177,Bay City,2026,6,26.662
177,Bay City,2026,7,29.112
177,Bay City,2026,8,31.635
177,Bay City,2026,9,29.22
177,Bay City,2026,10,26.605
177,Bay City,2026,11,34.725
177,Bay City,2026,12,37.88
178,Bayamon,2026,1,32.279
178,Bayamon,2026,2,30.016
178,Bayamon,2026,3,26.458
178,Bayamon,2026,4,21.693
178,Bayamon,2026,5,18.801
178,Bayamon,2026,6,20.636
178,Bayamon,2026,7,22.444
178,Bayamon,2026,8,24.359
178,Bayamon,2026,9,21.808
178,Bayamon,2026,10,19.472
178,Bayamon,2026,11,25.145
178,Bayamon,2026,12,29.165
179,Bayonne,2026,1,34.202
179,Bayonne,2026,2,33.466
179,Bayonne,2026,3,31.461
179,Bayonne,2026,4,26.952
179,Bayonne,2026,5,22.302
179,Bayonne,2026,6,24.829
179,Bayonne,2026,7,26.098
179,Bayonne,2026,8,29.023
179,Bayonne,2026,9,27.027
179,Bayonne,2026,10,24.708
179,Bayonne,2026,11,32.879
179,Bayonne,2026,12,37.275
180,Bayport,2020,1,48.215
180,Bayport,2020,2,45.059
180,Bayport,2020,3,38.248
180,Bayport,2020,4,31.711
180,Bayport,2020,5,27.272
180,Bayport,2020,6,29.433
180,Bayport,2020,7,31.93
180,Bayport,2020,8,33.505
180,Bayport,2020,9,31.072
180,Bayport,2020,10,28.401
180,Bayport,2020,11,37.266
180,Bayport,2020,12,43.072
181,Bayside,2026,1,33.887
181,Bayside,2026,2,32.443
181,Bayside,2026,3,29.355
181,Bayside,2026,4,25.078
181,Bayside,2026,5,21.925
181,Bayside,2026,6,23.851
181,Bayside,2026,7,25.334
181,Bayside,2026,8,27.174
181,Bayside,2026,9,25.016
181,Bayside,2026,10,23.781
181,Bayside,2026,11,29.749
181,Bayside,2026,12,34.532
182,Baytown,2026,1,49.351
182,Baytown,2026,2,45.63
182,Baytown,2026,3,38.508
182,Baytown,2026,4,31.685
182,Baytown,2026,5,27.38
182,Baytown,2026,6,29.433
182,Baytown,2026,7,31.93
182,Baytown,2026,8,33.505
182,Baytown,2026,9,31.045
182,Baytown,2026,10,28.401
182,Baytown,2026,11,37.266
182,Baytown,2026,12,43.072
184,Beaumont,2026,1,47.925
184,Beaumont,2026,2,44.087
184,Beaumont,2026,3,37.391
184,Beaumont,2026,4,30.679
184,Beaumont,2026,5,25.929
184,Beaumont,2026,6,28.492
184,Beaumont,2026,7,30.836
184,Beaumont,2026,8,32.655
184,Beaumont,2026,9,30.06
184,Beaumont,2026,10,28.864
184,Beaumont,2026,11,36.019
184,Beaumont,2026,12,41.782
185,"Beaumont-Port Arthur, TX",2026,1,43.436
185,"Beaumont-Port Arthur, TX",2026,2,40.513
185,"Beaumont-Port Arthur, TX",2026,3,34.196
185,"Beaumont-Port Arthur, TX",2026,4,29.621
185,"Beaumont-Port Arthur, TX",2026,5,26.341
185,"Beaumont-Port Arthur, TX",2026,6,29.552
185,"Beaumont-Port Arthur, TX",2026,7,31.878
185,"Beaumont-Port Arthur, TX",2026,8,33.432
185,"Beaumont-Port Arthur, TX",2026,9,31.254
185,"Beaumont-Port Arthur, TX",2026,10,29.041
185,"Beaumont-Port Arthur, TX",2026,11,37.568
185,"Beaumont-Port Arthur, TX",2026,12,43.072
186,"Beaver Dam, WI",2010,1,49.3
186,"Beaver Dam, WI",2010,2,45.279
186,"Beaver Dam, WI",2010,3,38.618
186,"Beaver Dam, WI",2010,4,31.791
186,"Beaver Dam, WI",2010,5,27.308
186,"Beaver Dam, WI",2010,6,30.331
186,"Beaver Dam, WI",2010,7,33.264
186,"Beaver Dam, WI",2010,8,35.556
186,"Beaver Dam, WI",2010,9,33.191
186,"Beaver Dam, WI",2010,10,31.727
186,"Beaver Dam, WI",2010,11,39.091
186,"Beaver Dam, WI",2010,12,45.032
187,Beaver Falls,2026,1,42.283
187,Beaver Falls,2026,2,39.483
187,Beaver Falls,2026,3,33.144
187,Beaver Falls,2026,4,28.57
187,Beaver Falls,2026,5,24.433
187,Beaver Falls,2026,6,26.662
187,Beaver Falls,2026,7,29.112
187,Beaver Falls,2026,8,31.635
187,Beaver Falls,2026,9,29.22
187,Beaver Falls,2026,10,26.605
187,Beaver Falls,2026,11,34.725
187,Beaver Falls,2026,12,37.88
188,Beaverton,2026,1,24.723
188,Beaverton,2026,2,21.715
188,Beaverton,2026,3,18.207
188,Beaverton,2026,4,15.223
188,Beaverton,2026,5,13.277
188,Beaverton,2026,6,14.958
188,Beaverton,2026,7,15.928
188,Beaverton,2026,8,16.677
188,Beaverton,2026,9,14.543
188,Beaverton,2026,10,12.795
188,Beaverton,2026,11,16.285
188,Beaverton,2026,12,18.706
189,Beckley,2016,1,34.36
189,Beckley,2016,2,33.893
189,Beckley,2016,3,31.528
189,Beckley,2016,4,26.979
189,Beckley,2016,5,22.476
189,Beckley,2016,6,25.632
189,Beckley,2016,7,27.436
189,Beckley,2016,8,29.895
189,Beckley,2016,9,27.754
189,Beckley,2016,10,25.49
189,Beckley,2016,11,33.405
189,Beckley,2016,12,38.387
190,Beech Bottom,2020,1,34.065
190,Beech Bottom,2020,2,33.654
190,Beech Bottom,2020,3,31.452
190,Beech Bottom,2020,4,26.952
190,Beech Bottom,2020,5,22.393
190,Beech Bottom,2020,6,25.441
190,Beech Bottom,2020,7,27.407
190,Beech Bottom,2020,8,29.831
190,Beech Bottom,2020,9,27.698
190,Beech Bottom,2020,10,25.21
190,Beech Bottom,2020,11,33.305
190,Beech Bottom,2020,12,38.312
192,Beijing,2026,1,99.94
192,Beijing,2026,2,92.03
192,Beijing,2026,3,81.581
192,Beijing,2026,4,74.185
192,Beijing,2026,5,68.753
192,Beijing,2026,6,70.657
192,Beijing,2026,7,71.95
192,Beijing,2026,8,73.162
192,Beijing,2026,9,71.196
192,Beijing,2026,10,70.602
192,Beijing,2026,11,81.903
192,Beijing,2026,12,91.724
193,Beirut,2026,1,71.504
193,Beirut,2026,2,66.636
193,Beirut,2026,3,58.362
193,Beirut,2026,4,53.94
193,Beirut,2026,5,50.599
193,Beirut,2026,6,52.902
193,Beirut,2026,7,55.474
193,Beirut,2026,8,58.539
193,Beirut,2026,9,55.4
193,Beirut,2026,10,53.781
193,Beirut,2026,11,60.544
193,Beirut,2026,12,65.856
194,Belagavi,2025,11,80.43
194,Belagavi,2025,12,79.133
194,Belagavi,2026,1,78.672
194,Belagavi,2026,2,80.141
194,Belagavi,2026,3,77.273
194,Belagavi,2026,4,70.636
194,Belagavi,2026,5,66.372
194,Belagavi,2026,6,66.82
194,Belagavi,2026,7,61.035
194,Belagavi,2026,8,61.462
194,Belagavi,2026,9,60.293
194,Belagavi,2026,10,80.404
196,Belle Glade,2026,1,36.998
196,Belle Glade,2026,2,32.824
196,Belle Glade,2026,3,27.645
196,Belle Glade,2026,4,22.36
196,Belle Glade,2026,5,19.905
196,Belle Glade,2026,6,21.358
196,Belle Glade,2026,7,23.332
196,Belle Glade,2026,8,25.304
196,Belle Glade,2026,9,22.844
196,Belle Glade,2026,10,20.498
196,Belle Glade,2026,11,26.149
196,Belle Glade,2026,12,31.055
197,Belleville,2016,1,46.652
197,Belleville,2016,2,43.595
197,Belleville,2016,3,36.753
197,Belleville,2016,4,29.716
197,Belleville,2016,5,25.391
197,Belleville,2016,6,28.76
197,Belleville,2016,7,31.09
197,Belleville,2016,8,33.611
197,Belleville,2016,9,31.374
197,Belleville,2016,10,29.28
197,Belleville,2016,11,37.636
197,Belleville,2016,12,43.145
198,Bellevue,2026,1,36.998
198,Bellevue,2026,2,32.824
198,Bellevue,2026,3,27.701
198,Bellevue,2026,4,22.327
198,Bellevue,2026,5,19.983
198,Bellevue,2026,6,21.27
198,Bellevue,2026,7,23.332
198,Bellevue,2026,8,25.304
198,Bellevue,2026,9,22.817
198,Bellevue,2026,10,20.41
198,Bellevue,2026,11,26.149
198,Bellevue,2026,12,31.055
199,Bellingham,2026,1,25.61
199,Bellingham,2026,2,23.889
199,Bellingham,2026,3,20.082
199,Bellingham,2026,4,16.425
199,Bellingham,2026,5,14.498
199,Bellingham,2026,6,15.984
199,Bellingham,2026,7,16.871
199,Bellingham,2026,8,17.633
199,Bellingham,2026,9,15.293
199,Bellingham,2026,10,14.23
199,Bellingham,2026,11,18.963
199,Bellingham,2026,12,21.687
200,"Bellingham, WA",2026,1,9.275
200,"Bellingham, WA",2026,2,8.125
200,"Bellingham, WA",2026,3,7.442
200,"Bellingham, WA",2026,4,6.325
200,"Bellingham, WA",2026,5,5.25
200,"Bellingham, WA",2026,6,6.091
200,"Bellingham, WA",2026,7,6.386
200,"Bellingham, WA",2026,8,6.487
200,"Bellingham, WA",2026,9,4.276
200,"Bellingham, WA",2026,10,3.963
200,"Bellingham, WA",2026,11,7.31
200,"Bellingham, WA",2026,12,8.415
201,Belo Horizonte,2026,1,61.01
201,Belo Horizonte,2026,2,61.17
201,Belo Horizonte,2026,3,57.873
201,Belo Horizonte,2026,4,53.973
201,Belo Horizonte,2026,5,50.83
201,Belo Horizonte,2026,6,53.302
201,Belo Horizonte,2026,7,56.688
201,Belo Horizonte,2026,8,59.013
201,Belo Horizonte,2026,9,57.107
201,Belo Horizonte,2026,10,56.915
201,Belo Horizonte,2026,11,66.63
201,Belo Horizonte,2026,12,73.613
202,Beloit,2026,1,58.626
202,Beloit,2026,2,55.246
202,Beloit,2026,3,50.623
202,Beloit,2026,4,42.246
202,Beloit,2026,5,36.353
202,Beloit,2026,6,38.334
202,Beloit,2026,7,41.556
202,Beloit,2026,8,44.03
202,Beloit,2026,9,41.099
202,Beloit,2026,10,38.28
202,Beloit,2026,11,47.116
202,Beloit,2026,12,52.439
204,Beltsville,2026,1,31.183
204,Beltsville,2026,2,29.754
204,Beltsville,2026,3,25.347
204,Beltsville,2026,4,21.015
204,Beltsville,2026,5,18.156
204,Beltsville,2026,6,20.485
204,Beltsville,2026,7,22.367
204,Beltsville,2026,8,24.246
204,Beltsville,2026,9,21.453
204,Beltsville,2026,10,19.853
204,Beltsville,2026,11,24.928
204,Beltsville,2026,12,28.239
205,Bend,2026,1,19.76
205,Bend,2026,2,17.428
205,Bend,2026,3,14.495
205,Bend,2026,4,11.891
205,Bend,2026,5,10.249
205,Bend,2026,6,11.439
205,Bend,2026,7,12.271
205,Bend,2026,8,13.183
205,Bend,2026,9,11.643
205,Bend,2026,10,10.226
205,Bend,2026,11,13.228
205,Bend,2026,12,15.748
206,Benewah,2026,1,36.478
206,Benewah,2026,2,32.387
206,Benewah,2026,3,27.431
206,Benewah,2026,4,22.306
206,Benewah,2026,5,19.826
206,Benewah,2026,6,21.458
206,Benewah,2026,7,23.437
206,Benewah,2026,8,25.21
206,Benewah,2026,9,22.771
206,Benewah,2026,10,20.5
206,Benewah,2026,11,26.479
206,Benewah,2026,12,31.055
207,Bengaluru,2025,11,76.506
207,Bengaluru,2025,12,80.608
207,Bengaluru,2026,1,82.388
207,Bengaluru,2026,2,81.777
207,Bengaluru,2026,3,75.729
207,Bengaluru,2026,4,72.068
207,Bengaluru,2026,5,68.124
207,Bengaluru,2026,6,70.064
207,Bengaluru,2026,7,64.368
207,Bengaluru,2026,8,64.858
207,Bengaluru,2026,9,64.65
207,Bengaluru,2026,10,87.703
208,Bennington,2026,1,26.75
208,Bennington,2026,2,24.423
208,Bennington,2026,3,20.644
208,Bennington,2026,4,16.799
208,Bennington,2026,5,14.445
208,Bennington,2026,6,15.796
208,Bennington,2026,7,16.766
208,Bennington,2026,8,17.633
208,Bennington,2026,9,15.293
208,Bennington,2026,10,14.053
208,Bennington,2026,11,18.669
208,Bennington,2026,12,21.687
209,"Bennington, VT",2013,1,22.234
209,"Bennington, VT",2013,2,20.332
209,"Bennington, VT",2013,3,17.136
209,"Bennington, VT",2013,4,14.35
209,"Bennington, VT",2013,5,12.39
209,"Bennington, VT",2013,6,14.268
209,"Bennington, VT",2013,7,15.253
209,"Bennington, VT",2013,8,16.654
209,"Bennington, VT",2013,9,14.522
209,"Bennington, VT",2013,10,13.026
209,"Bennington, VT",2013,11,18.034
209,"Bennington, VT",2013,12,21.309
210,Bensley,2017,1,39.745
210,Bensley,2017,2,36.338
210,Bensley,2017,3,31.272
210,Bensley,2017,4,25.677
210,Bensley,2017,5,21.779
210,Bensley,2017,6,24.343
210,Bensley,2017,7,26.342
210,Bensley,2017,8,29.087
210,Bensley,2017,9,27.083
210,Bensley,2017,10,25.49
210,Bensley,2017,11,33.405
210,Bensley,2017,12,38.387
211,Bent Creek,2026,1,34.06
211,Bent Creek,2026,2,33.709
211,Bent Creek,2026,3,31.299
211,Bent Creek,2026,4,27.223
211,Bent Creek,2026,5,23.446
211,Bent Creek,2026,6,25.848
211,Bent Creek,2026,7,27.467
211,Bent Creek,2026,8,29.831
211,Bent Creek,2026,9,27.473
211,Bent Creek,2026,10,24.796
211,Bent Creek,2026,11,32.757
211,Bent Creek,2026,12,37.275
212,Benzonia,2026,1,34.065
212,Benzonia,2026,2,33.697
212,Benzonia,2026,3,31.201
212,Benzonia,2026,4,27.01
212,Benzonia,2026,5,22.889
212,Benzonia,2026,6,25.862
212,Benzonia,2026,7,27.407
212,Benzonia,2026,8,29.751
212,Benzonia,2026,9,27.698
212,Benzonia,2026,10,25.434
212,Benzonia,2026,11,33.337
212,Benzonia,2026,12,38.312
213,Berea,2026,1,34.06
213,Berea,2026,2,33.709
213,Berea,2026,3,31.299
213,Berea,2026,4,27.223
213,Berea,2026,5,23.446
213,Berea,2026,6,25.848
213,Berea,2026,7,27.467
213,Berea,2026,8,29.831
213,Berea,2026,9,27.473
213,Berea,2026,10,24.796
213,Berea,2026,11,32.757
213,Berea,2026,12,37.275
214,Berhampur,2016,1,134.68
214,Berhampur,2016,2,127.97
214,Berhampur,2016,3,122.379
214,Berhampur,2016,4,114.671
214,Berhampur,2016,5,109.281
214,Berhampur,2016,6,105.927
214,Berhampur,2016,7,103.263
214,Berhampur,2016,8,103.146
214,Berhampur,2016,9,105.58
214,Berhampur,2016,10,117.06
214,Berhampur,2016,11,136.305
214,Berhampur,2016,12,147.211
216,Berlin,2026,1,46.727
216,Berlin,2026,2,43.296
216,Berlin,2026,3,36.903
216,Berlin,2026,4,30.535
216,Berlin,2026,5,26.517
216,Berlin,2026,6,28.651
216,Berlin,2026,7,31.299
216,Berlin,2026,8,33.152
216,Berlin,2026,9,30.323
216,Berlin,2026,10,27.625
216,Berlin,2026,11,37.195
216,Berlin,2026,12,44.168
218,"Berlin, NH-VT",2026,1,10.884
218,"Berlin, NH-VT",2026,2,9.506
218,"Berlin, NH-VT",2026,3,8.205
218,"Berlin, NH-VT",2026,4,7.192
218,"Berlin, NH-VT",2026,5,6.543
218,"Berlin, NH-VT",2026,6,6.683
218,"Berlin, NH-VT",2026,7,6.315
218,"Berlin, NH-VT",2026,8,6.506
218,"Berlin, NH-VT",2026,9,4.304
218,"Berlin, NH-VT",2026,10,4.074
218,"Berlin, NH-VT",2026,11,7.318
218,"Berlin, NH-VT",2026,12,8.415
219,Bernalillo,2015,1,25.121
219,Bernalillo,2015,2,24.288
219,Bernalillo,2015,3,21.203
219,Bernalillo,2015,4,17.591
219,Bernalillo,2015,5,15.274
219,Bernalillo,2015,6,17.249
219,Bernalillo,2015,7,18.702
219,Bernalillo,2015,8,20.112
219,Bernalillo,2015,9,18.64
219,Bernalillo,2015,10,17.33
219,Bernalillo,2015,11,22.779
219,Bernalillo,2015,12,25.221
220,Bessemer,2012,1,50.011
220,Bessemer,2012,2,46.872
220,Bessemer,2012,3,39.302
220,Bessemer,2012,4,32.888
220,Bessemer,2012,5,28.462
220,Bessemer,2012,6,31.539
220,Bessemer,2012,7,33.91
220,Bessemer,2012,8,35.068
220,Bessemer,2012,9,33.095
220,Bessemer,2012,10,31.813
220,Bessemer,2012,11,39.013
220,Bessemer,2012,12,45.042
222,Bethel Island,2025,1,34.274
222,Bethel Island,2025,2,31.649
222,Bethel Island,2025,3,28.204
222,Bethel Island,2025,4,23.377
222,Bethel Island,2025,5,20.572
222,Bethel Island,2025,6,22.557
222,Bethel Island,2025,7,24.448
222,Bethel Island,2025,8,26.118
222,Bethel Island,2025,9,24.473
222,Bethel Island,2025,10,21.951
222,Bethel Island,2025,11,28.806
222,Bethel Island,2025,12,32.834
227,Bhilai,2025,2,90.747
227,Bhilai,2025,3,83.4
227,Bhilai,2025,4,79.942
227,Bhilai,2025,5,74.998
227,Bhilai,2025,6,74.441
227,Bhilai,2025,7,68.98
227,Bhilai,2025,8,67.159
227,Bhilai,2025,9,66.911
227,Bhilai,2025,10,81.43
227,Bhilai,2025,11,94.254
227,Bhilai,2025,12,102.71
227,Bhilai,2026,1,104.589
229,Bhiwadi,2025,11,289.006
229,Bhiwadi,2025,12,205.03
229,Bhiwadi,2026,1,224.081
229,Bhiwadi,2026,2,188.544
229,Bhiwadi,2026,3,175.967
229,Bhiwadi,2026,4,165.844
229,Bhiwadi,2026,5,153.312
229,Bhiwadi,2026,6,137.055
229,Bhiwadi,2026,7,100.711
229,Bhiwadi,2026,8,84.958
229,Bhiwadi,2026,9,85.368
229,Bhiwadi,2026,10,117.529
231,Bhiwani,2025,11,183.204
231,Bhiwani,2025,12,161.17
231,Bhiwani,2026,1,160.541
231,Bhiwani,2026,2,146.838
231,Bhiwani,2026,3,132.172
231,Bhiwani,2026,4,127.069
231,Bhiwani,2026,5,118.214
231,Bhiwani,2026,6,101.297
231,Bhiwani,2026,7,75.251
231,Bhiwani,2026,8,76.048
231,Bhiwani,2026,9,77.384
231,Bhiwani,2026,10,114.881
232,Bhopal,2025,11,138.31
232,Bhopal,2025,12,133.552
232,Bhopal,2026,1,133.493
232,Bhopal,2026,2,121.654
232,Bhopal,2026,3,111.335
232,Bhopal,2026,4,107.831
232,Bhopal,2026,5,103.26
232,Bhopal,2026,6,97.981
232,Bhopal,2026,7,83.013
232,Bhopal,2026,8,86.778
232,Bhopal,2026,9,84.556
232,Bhopal,2026,10,96.605
233,Bhubaneswar,2025,11,108.438
233,Bhubaneswar,2025,12,112.293
233,Bhubaneswar,2026,1,119.93
233,Bhubaneswar,2026,2,108.73
233,Bhubaneswar,2026,3,100.131
233,Bhubaneswar,2026,4,95.904
233,Bhubaneswar,2026,5,89.566
233,Bhubaneswar,2026,6,83.392
233,Bhubaneswar,2026,7,74.719
233,Bhubaneswar,2026,8,71.595
233,Bhubaneswar,2026,9,70.599
233,Bhubaneswar,2026,10,85.915
236,Bidar,2025,11,102.783
236,Bidar,2025,12,105.094
236,Bidar,2026,1,107.29
236,Bidar,2026,2,103.715
236,Bidar,2026,3,98.06
236,Bidar,2026,4,92.13
236,Bidar,2026,5,84.551
236,Bidar,2026,6,76.683
236,Bidar,2026,7,69.22
236,Bidar,2026,8,67.298
236,Bidar,2026,9,69.019
236,Bidar,2026,10,112.472
237,Big Bear City,2026,1,24.799
237,Big Bear City,2026,2,23.243
237,Big Bear City,2026,3,19.913
237,Big Bear City,2026,4,15.929
237,Big Bear City,2026,5,13.401
237,Big Bear City,2026,6,15.336
237,Big Bear City,2026,7,16.527
237,Big Bear City,2026,8,17.539
237,Big Bear City,2026,9,15.293
237,Big Bear City,2026,10,13.782
237,Big Bear City,2026,11,18.271
237,Big Bear City,2026,12,21.279
238,Big Horn,2025,1,47.487
238,Big Horn,2025,2,44.422
238,Big Horn,2025,3,37.28
238,Big Horn,2025,4,30.564
238,Big Horn,2025,5,26.11
238,Big Horn,2025,6,29.624
238,Big Horn,2025,7,32.008
238,Big Horn,2025,8,34.29
238,Big Horn,2025,9,32.313
238,Big Horn,2025,10,30.463
238,Big Horn,2025,11,38.363
238,Big Horn,2025,12,43.846
239,Big Spring,2026,1,34.248
239,Big Spring,2026,2,33.665
239,Big Spring,2026,3,31.444
239,Big Spring,2026,4,26.952
239,Big Spring,2026,5,22.58
239,Big Spring,2026,6,25.156
239,Big Spring,2026,7,27.407
239,Big Spring,2026,8,29.831
239,Big Spring,2026,9,27.698
239,Big Spring,2026,10,24.86
239,Big Spring,2026,11,32.831
239,Big Spring,2026,12,37.275
240,Biglerville,2012,1,34.539
240,Biglerville,2012,2,33.656
240,Biglerville,2012,3,31.524
240,Biglerville,2012,4,27.003
240,Biglerville,2012,5,23.652
240,Biglerville,2012,6,25.693
240,Biglerville,2012,7,27.6
240,Biglerville,2012,8,29.894
240,Biglerville,2012,9,27.355
240,Biglerville,2012,10,24.768
240,Biglerville,2012,11,32.861
240,Biglerville,2012,12,37.337
243,Bilaspur,2025,11,112.805
243,Bilaspur,2025,12,119.886
243,Bilaspur,2026,1,120.631
243,Bilaspur,2026,2,111.372
243,Bilaspur,2026,3,104.224
243,Bilaspur,2026,4,98.859
243,Bilaspur,2026,5,92.6
243,Bilaspur,2026,6,78.979
243,Bilaspur,2026,7,68.742
243,Bilaspur,2026,8,68.349
243,Bilaspur,2026,9,69.398
243,Bilaspur,2026,10,110.38
245,Billings,2026,1,27.176
245,Billings,2026,2,26.003
245,Billings,2026,3,22.58
245,Billings,2026,4,18.778
245,Billings,2026,5,15.845
245,Billings,2026,6,17.595
245,Billings,2026,7,18.715
245,Billings,2026,8,20.015
245,Billings,2026,9,18.594
245,Billings,2026,10,17.045
245,Billings,2026,11,22.706
245,Billings,2026,12,25.179
246,"Billings, MT",2026,1,34.06
246,"Billings, MT",2026,2,33.7
246,"Billings, MT",2026,3,31.299
246,"Billings, MT",2026,4,27.223
246,"Billings, MT",2026,5,23.342
246,"Billings, MT",2026,6,25.84
246,"Billings, MT",2026,7,27.467
246,"Billings, MT",2026,8,29.85
246,"Billings, MT",2026,9,27.473
246,"Billings, MT",2026,10,24.788
246,"Billings, MT",2026,11,32.767
246,"Billings, MT",2026,12,37.275
248,Birmingham,2026,1,45.22
248,Birmingham,2026,2,42.241
248,Birmingham,2026,3,36.117
248,Birmingham,2026,4,30.8
248,Birmingham,2026,5,26.628
248,Birmingham,2026,6,30.184
248,Birmingham,2026,7,33.247
248,Birmingham,2026,8,34.988
248,Birmingham,2026,9,31.809
248,Birmingham,2026,10,29.302
248,Birmingham,2026,11,38.087
248,Birmingham,2026,12,44.432
249,Birmingham,2026,1,44.731
249,Birmingham,2026,2,41.382
249,Birmingham,2026,3,35.468
249,Birmingham,2026,4,29.69
249,Birmingham,2026,5,25.181
249,Birmingham,2026,6,28.186
249,Birmingham,2026,7,30.836
249,Birmingham,2026,8,32.628
249,Birmingham,2026,9,30.06
249,Birmingham,2026,10,28.494
249,Birmingham,2026,11,36.019
249,Birmingham,2026,12,41.782
250,"Birmingham-Hoover, AL",2026,1,39.497
250,"Birmingham-Hoover, AL",2026,2,35.706
250,"Birmingham-Hoover, AL",2026,3,30.533
250,"Birmingham-Hoover, AL",2026,4,24.64
250,"Birmingham-Hoover, AL",2026,5,20.721
250,"Birmingham-Hoover, AL",2026,6,23.483
250,"Birmingham-Hoover, AL",2026,7,25.208
250,"Birmingham-Hoover, AL",2026,8,27.246
250,"Birmingham-Hoover, AL",2026,9,24.978
250,"Birmingham-Hoover, AL",2026,10,22.991
250,"Birmingham-Hoover, AL",2026,11,28.955
250,"Birmingham-Hoover, AL",2026,12,32.841
253,Bishop,2026,1,41.199
253,Bishop,2026,2,37.965
253,Bishop,2026,3,31.003
253,Bishop,2026,4,25.503
253,Bishop,2026,5,22.006
253,Bishop,2026,6,24.509
253,Bishop,2026,7,26.207
253,Bishop,2026,8,29.023
253,Bishop,2026,9,27.133
253,Bishop,2026,10,24.708
253,Bishop,2026,11,32.757
253,Bishop,2026,12,37.275
254,"Bishop, CA",2026,1,18.71
254,"Bishop, CA",2026,2,16.156
254,"Bishop, CA",2026,3,14.295
254,"Bishop, CA",2026,4,11.717
254,"Bishop, CA",2026,5,10.071
254,"Bishop, CA",2026,6,11.574
254,"Bishop, CA",2026,7,12.34
254,"Bishop, CA",2026,8,13.145
254,"Bishop, CA",2026,9,11.463
254,"Bishop, CA",2026,10,10.555
254,"Bishop, CA",2026,11,13.406
254,"Bishop, CA",2026,12,15.736
255,Bismarck,2026,1,41.293
255,Bismarck,2026,2,38.012
255,Bismarck,2026,3,32.088
255,Bismarck,2026,4,26.72
255,Bismarck,2026,5,22.862
255,Bismarck,2026,6,24.84
255,Bismarck,2026,7,26.207
255,Bismarck,2026,8,29.023
255,Bismarck,2026,9,27.027
255,Bismarck,2026,10,24.708
255,Bismarck,2026,11,32.757
255,Bismarck,2026,12,37.275
256,"Bismarck, ND",2025,11,35.887
256,"Bismarck, ND",2025,12,40.539
256,"Bismarck, ND",2026,1,38.765
256,"Bismarck, ND",2026,2,34.752
256,"Bismarck, ND",2026,3,30.445
256,"Bismarck, ND",2026,4,26.331
256,"Bismarck, ND",2026,5,22.264
256,"Bismarck, ND",2026,6,25.658
256,"Bismarck, ND",2026,7,27.407
256,"Bismarck, ND",2026,8,29.789
256,"Bismarck, ND",2026,9,27.698
256,"Bismarck, ND",2026,10,25.434
258,"Blacksburg-Christiansburg-Radford, VA",2026,1,34.06
258,"Blacksburg-Christiansburg-Radford, VA",2026,2,33.7
258,"Blacksburg-Christiansburg-Radford, VA",2026,3,31.299
258,"Blacksburg-Christiansburg-Radford, VA",2026,4,27.29
258,"Blacksburg-Christiansburg-Radford, VA",2026,5,23.446
258,"Blacksburg-Christiansburg-Radford, VA",2026,6,25.84
258,"Blacksburg-Christiansburg-Radford, VA",2026,7,27.467
258,"Blacksburg-Christiansburg-Radford, VA",2026,8,29.831
258,"Blacksburg-Christiansburg-Radford, VA",2026,9,27.473
258,"Blacksburg-Christiansburg-Radford, VA",2026,10,24.788
258,"Blacksburg-Christiansburg-Radford, VA",2026,11,32.767
258,"Blacksburg-Christiansburg-Radford, VA",2026,12,37.275
260,Blaine,2026,1,35.557
260,Blaine,2026,2,32.104
260,Blaine,2026,3,27.784
260,Blaine,2026,4,22.306
260,Blaine,2026,5,19.781
260,Blaine,2026,6,21.533
260,Blaine,2026,7,23.437
260,Blaine,2026,8,25.21
260,Blaine,2026,9,22.577
260,Blaine,2026,10,20.842
260,Blaine,2026,11,26.384
260,Blaine,2026,12,31.055
261,Blair,2026,1,35.143
261,Blair,2026,2,32.297
261,Blair,2026,3,27.565
261,Blair,2026,4,22.365
261,Blair,2026,5,19.748
261,Blair,2026,6,21.23
261,Blair,2026,7,23.343
261,Blair,2026,8,25.191
261,Blair,2026,9,22.577
261,Blair,2026,10,20.803
261,Blair,2026,11,26.236
261,Blair,2026,12,31.055
262,Blakely,2026,1,33.887
262,Blakely,2026,2,32.443
262,Blakely,2026,3,29.636
262,Blakely,2026,4,25.141
262,Blakely,2026,5,22.206
262,Blakely,2026,6,24.625
262,Blakely,2026,7,26.13
262,Blakely,2026,8,28.916
262,Blakely,2026,9,26.298
262,Blakely,2026,10,24.916
262,Blakely,2026,11,31.935
262,Blakely,2026,12,37.01
263,Bloomfield,2026,1,35.65
263,Bloomfield,2026,2,31.544
263,Bloomfield,2026,3,26.316
263,Bloomfield,2026,4,21.644
263,Bloomfield,2026,5,18.731
263,Bloomfield,2026,6,20.714
263,Bloomfield,2026,7,22.549
263,Bloomfield,2026,8,24.359
263,Bloomfield,2026,9,21.736
263,Bloomfield,2026,10,19.257
263,Bloomfield,2026,11,25.466
263,Bloomfield,2026,12,29.165
264,Bloomingdale,2026,1,34.065
264,Bloomingdale,2026,2,33.697
264,Bloomingdale,2026,3,31.181
264,Bloomingdale,2026,4,27.01
264,Bloomingdale,2026,5,22.845
264,Bloomingdale,2026,6,25.862
264,Bloomingdale,2026,7,27.225
264,Bloomingdale,2026,8,29.751
264,Bloomingdale,2026,9,27.61
264,Bloomingdale,2026,10,25.434
264,Bloomingdale,2026,11,33.337
264,Bloomingdale,2026,12,38.312
265,Bloomington,2026,1,38.625
265,Bloomington,2026,2,34.752
265,Bloomington,2026,3,30.424
265,Bloomington,2026,4,26.331
265,Bloomington,2026,5,22.26
265,Bloomington,2026,6,25.658
265,Bloomington,2026,7,27.318
265,Bloomington,2026,8,29.793
265,Bloomington,2026,9,27.61
265,Bloomington,2026,10,25.434
265,Bloomington,2026,11,33.337
265,Bloomington,2026,12,38.312
266,"Bloomington, IN",2026,1,37.356
266,"Bloomington, IN",2026,2,33.66
266,"Bloomington, IN",2026,3,29.079
266,"Bloomington, IN",2026,4,24.595
266,"Bloomington, IN",2026,5,20.874
266,"Bloomington, IN",2026,6,23.49
266,"Bloomington, IN",2026,7,25.39
266,"Bloomington, IN",2026,8,27.284
266,"Bloomington, IN",2026,9,25.067
266,"Bloomington, IN",2026,10,23.574
266,"Bloomington, IN",2026,11,29.896
266,"Bloomington, IN",2026,12,34.526
267,Blue Ash,2026,1,32.845
267,Blue Ash,2026,2,30.848
267,Blue Ash,2026,3,26.406
267,Blue Ash,2026,4,21.989
267,Blue Ash,2026,5,18.424
267,Blue Ash,2026,6,20.284
267,Blue Ash,2026,7,22.367
267,Blue Ash,2026,8,24.246
267,Blue Ash,2026,9,21.453
267,Blue Ash,2026,10,19.784
267,Blue Ash,2026,11,24.928
267,Blue Ash,2026,12,28.239
268,Blue Island,2010,1,54.901
268,Blue Island,2010,2,51.826
268,Blue Island,2010,3,44.993
268,Blue Island,2010,4,36.781
268,Blue Island,2010,5,31.347
268,Blue Island,2010,6,34.363
268,Blue Island,2010,7,36.249
268,Blue Island,2010,8,38.241
268,Blue Island,2010,9,36.18
268,Blue Island,2010,10,34.343
268,Blue Island,2010,11,40.943
268,Blue Island,2010,12,43.085
269,Blue Point (District),2026,1,34.065
269,Blue Point (District),2026,2,33.697
269,Blue Point (District),2026,3,31.201
269,Blue Point (District),2026,4,27.01
269,Blue Point (District),2026,5,22.889
269,Blue Point (District),2026,6,25.862
269,Blue Point (District),2026,7,27.313
269,Blue Point (District),2026,8,29.751
269,Blue Point (District),2026,9,27.698
269,Blue Point (District),2026,10,25.434
269,Blue Point (District),2026,11,33.337
269,Blue Point (District),2026,12,38.312
270,Blyn,2026,1,9.275
270,Blyn,2026,2,8.125
270,Blyn,2026,3,7.442
270,Blyn,2026,4,6.325
270,Blyn,2026,5,5.25
270,Blyn,2026,6,6.091
270,Blyn,2026,7,6.386
270,Blyn,2026,8,6.487
270,Blyn,2026,9,4.276
270,Blyn,2026,10,3.963
270,Blyn,2026,11,7.31
270,Blyn,2026,12,8.415
271,Blythe,2026,1,34.248
271,Blythe,2026,2,33.61
271,Blythe,2026,3,31.444
271,Blythe,2026,4,26.952
271,Blythe,2026,5,22.385
271,Blythe,2026,6,25.647
271,Blythe,2026,7,27.407
271,Blythe,2026,8,29.789
271,Blythe,2026,9,27.698
271,Blythe,2026,10,25.21
271,Blythe,2026,11,33.305
271,Blythe,2026,12,38.312
273,Bogota,2026,1,64.638
273,Bogota,2026,2,61.048
273,Bogota,2026,3,55.856
273,Bogota,2026,4,49.747
273,Bogota,2026,5,45.171
273,Bogota,2026,6,48.668
273,Bogota,2026,7,50.96
273,Bogota,2026,8,52.531
273,Bogota,2026,9,51.301
273,Bogota,2026,10,50.152
273,Bogota,2026,11,56.427
273,Bogota,2026,12,62.641
275,Boise (corporate name Boise City),2026,1,24.306
275,Boise (corporate name Boise City),2026,2,21.515
275,Boise (corporate name Boise City),2026,3,17.953
275,Boise (corporate name Boise City),2026,4,14.482
275,Boise (corporate name Boise City),2026,5,12.675
275,Boise (corporate name Boise City),2026,6,13.854
275,Boise (corporate name Boise City),2026,7,14.299
275,Boise (corporate name Boise City),2026,8,15.734
275,Boise (corporate name Boise City),2026,9,13.874
275,Boise (corporate name Boise City),2026,10,12.092
275,Boise (corporate name Boise City),2026,11,15.65
275,Boise (corporate name Boise City),2026,12,18.01
276,"Boise City, ID",2026,1,27.348
276,"Boise City, ID",2026,2,25.621
276,"Boise City, ID",2026,3,21.968
276,"Boise City, ID",2026,4,17.668
276,"Boise City, ID",2026,5,15.17
276,"Boise City, ID",2026,6,16.874
276,"Boise City, ID",2026,7,17.827
276,"Boise City, ID",2026,8,18.408
276,"Boise City, ID",2026,9,16.799
276,"Boise City, ID",2026,10,14.953
276,"Boise City, ID",2026,11,19.169
276,"Boise City, ID",2026,12,22.484
279,Bondville,2026,1,36.478
279,Bondville,2026,2,32.67
279,Bondville,2026,3,27.681
279,Bondville,2026,4,22.306
279,Bondville,2026,5,19.826
279,Bondville,2026,6,21.921
279,Bondville,2026,7,23.437
279,Bondville,2026,8,25.21
279,Bondville,2026,9,22.771
279,Bondville,2026,10,20.67
279,Bondville,2026,11,26.45
279,Bondville,2026,12,31.055
280,Bongaigaon,2016,1,113.735
280,Bongaigaon,2016,2,110.564
280,Bongaigaon,2016,3,104.946
280,Bongaigaon,2016,4,101.116
280,Bongaigaon,2016,5,98.123
280,Bongaigaon,2016,6,95.398
280,Bongaigaon,2016,7,90.214
280,Bongaigaon,2016,8,88.918
280,Bongaigaon,2016,9,88.416
280,Bongaigaon,2016,10,94.758
280,Bongaigaon,2016,11,114.042
280,Bongaigaon,2016,12,128.077
281,Boone,2016,1,32.438
281,Boone,2016,2,30.183
281,Boone,2016,3,26.626
281,Boone,2016,4,21.667
281,Boone,2016,5,18.814
281,Boone,2016,6,20.81
281,Boone,2016,7,22.551
281,Boone,2016,8,24.372
281,Boone,2016,9,21.597
281,Boone,2016,10,19.606
281,Boone,2016,11,25.555
281,Boone,2016,12,29.264
282,Boonville,2026,1,33.887
282,Boonville,2026,2,32.398
282,Boonville,2026,3,29.355
282,Boonville,2026,4,25.141
282,Boonville,2026,5,21.951
282,Boonville,2026,6,24.127
282,Boonville,2026,7,26.13
282,Boonville,2026,8,28.943
282,Boonville,2026,9,26.298
282,Boonville,2026,10,25.071
282,Boonville,2026,11,32.482
282,Boonville,2026,12,37.507
283,Borger,2026,1,33.977
283,Borger,2026,2,32.255
283,Borger,2026,3,28.733
283,Borger,2026,4,23.3
283,Borger,2026,5,20.266
283,Borger,2026,6,22.61
283,Borger,2026,7,24.464
283,Borger,2026,8,26.08
283,Borger,2026,9,24.34
283,Borger,2026,10,22.498
283,Borger,2026,11,28.955
283,Borger,2026,12,32.841
284,Boston,2026,1,36.306
284,Boston,2026,2,32.969
284,Boston,2026,3,27.632
284,Boston,2026,4,22.365
284,Boston,2026,5,19.636
284,Boston,2026,6,21.23
284,Boston,2026,7,23.255
284,Boston,2026,8,25.191
284,Boston,2026,9,22.489
284,Boston,2026,10,21.013
284,Boston,2026,11,26.33
284,Boston,2026,12,31.415
285,Boulder,2026,1,31.183
285,Boulder,2026,2,29.754
285,Boulder,2026,3,25.367
285,Boulder,2026,4,21.015
285,Boulder,2026,5,18.223
285,Boulder,2026,6,20.485
285,Boulder,2026,7,22.461
285,Boulder,2026,8,24.246
285,Boulder,2026,9,21.453
285,Boulder,2026,10,19.853
285,Boulder,2026,11,25.224
285,Boulder,2026,12,29.165
286,Boulder City,2026,1,21.911
286,Boulder City,2026,2,19.069
286,Boulder City,2026,3,16.707
286,Boulder City,2026,4,13.693
286,Boulder City,2026,5,11.415
286,Boulder City,2026,6,13.017
286,Boulder City,2026,7,14.098
286,Boulder City,2026,8,15.715
286,Boulder City,2026,9,13.786
286,Boulder City,2026,10,12.098
286,Boulder City,2026,11,16.115
286,Boulder City,2026,12,18.694
287,"Boulder, CO",2014,1,34.524
287,"Boulder, CO",2014,2,33.651
287,"Boulder, CO",2014,3,31.519
287,"Boulder, CO",2014,4,26.999
287,"Boulder, CO",2014,5,22.985
287,"Boulder, CO",2014,6,24.964
287,"Boulder, CO",2014,7,26.342
287,"Boulder, CO",2014,8,29.087
287,"Boulder, CO",2014,9,27.083
287,"Boulder, CO",2014,10,24.764
287,"Boulder, CO",2014,11,32.856
287,"Boulder, CO",2014,12,37.339
288,Boulevard,2026,1,28.939
288,Boulevard,2026,2,26.831
288,Boulevard,2026,3,22.453
288,Boulevard,2026,4,19.018
288,Boulevard,2026,5,16.26
288,Boulevard,2026,6,18.214
288,Boulevard,2026,7,19.408
288,Boulevard,2026,8,21.12
288,Boulevard,2026,9,19.24
288,Boulevard,2026,10,17.295
288,Boulevard,2026,11,22.561
288,Boulevard,2026,12,25.185
289,Bountiful,2026,1,32.884
289,Bountiful,2026,2,30.443
289,Bountiful,2026,3,26.458
289,Bountiful,2026,4,21.693
289,Bountiful,2026,5,18.696
289,Bountiful,2026,6,20.636
289,Bountiful,2026,7,22.406
289,Bountiful,2026,8,24.377
289,Bountiful,2026,9,21.847
289,Bountiful,2026,10,19.472
289,Bountiful,2026,11,25.145
289,Bountiful,2026,12,29.165
290,Bowling Green,2026,1,65.554
290,Bowling Green,2026,2,61.308
290,Bowling Green,2026,3,56.532
290,Bowling Green,2026,4,51.005
290,Bowling Green,2026,5,46.149
290,Bowling Green,2026,6,47.137
290,Bowling Green,2026,7,49.304
290,Bowling Green,2026,8,50.885
290,Bowling Green,2026,9,47.831
290,Bowling Green,2026,10,44.591
290,Bowling Green,2026,11,52.76
290,Bowling Green,2026,12,55.561
291,"Bowling Green, KY",2026,1,24.275
291,"Bowling Green, KY",2026,2,22.886
291,"Bowling Green, KY",2026,3,19.015
291,"Bowling Green, KY",2026,4,15.808
291,"Bowling Green, KY",2026,5,13.401
291,"Bowling Green, KY",2026,6,15.336
291,"Bowling Green, KY",2026,7,16.433
291,"Bowling Green, KY",2026,8,17.52
291,"Bowling Green, KY",2026,9,15.293
291,"Bowling Green, KY",2026,10,13.782
291,"Bowling Green, KY",2026,11,18.271
291,"Bowling Green, KY",2026,12,21.279
292,Bozeman,2025,1,32.076
292,Bozeman,2025,2,31.052
292,Bozeman,2025,3,27.893
292,Bozeman,2025,4,22.615
292,Bozeman,2025,5,20.021
292,Bozeman,2025,6,22.151
292,Bozeman,2025,7,24.464
292,Bozeman,2025,8,25.96
292,Bozeman,2025,9,23.224
292,Bozeman,2025,10,21.043
292,Bozeman,2025,11,26.854
292,Bozeman,2025,12,31.415
293,"Bozeman, MT",2026,1,15.392
293,"Bozeman, MT",2026,2,13.476
293,"Bozeman, MT",2026,3,11.573
293,"Bozeman, MT",2026,4,9.282
293,"Bozeman, MT",2026,5,8.118
293,"Bozeman, MT",2026,6,9.386
293,"Bozeman, MT",2026,7,10.383
293,"Bozeman, MT",2026,8,11.424
293,"Bozeman, MT",2026,9,9.8
293,"Bozeman, MT",2026,10,8.192
293,"Bozeman, MT",2026,11,11.102
293,"Bozeman, MT",2026,12,13.02
295,Bradenton,2026,1,44.406
295,Bradenton,2026,2,41.68
295,Bradenton,2026,3,35.01
295,Bradenton,2026,4,29.618
295,Bradenton,2026,5,25.23
295,Bradenton,2026,6,28.59
295,Bradenton,2026,7,30.966
295,Bradenton,2026,8,32.655
295,Bradenton,2026,9,30.148
295,Bradenton,2026,10,28.512
295,Bradenton,2026,11,36.019
295,Bradenton,2026,12,41.782
296,Braidwood,2026,1,44.823
296,Braidwood,2026,2,40.176
296,Braidwood,2026,3,34.456
296,Braidwood,2026,4,29.623
296,Braidwood,2026,5,26.846
296,Braidwood,2026,6,28.631
296,Braidwood,2026,7,31.347
296,Braidwood,2026,8,33.505
296,Braidwood,2026,9,30.985
296,Braidwood,2026,10,27.749
296,Braidwood,2026,11,35.941
296,Braidwood,2026,12,40.539
297,Brainerd,2026,1,24.411
297,Brainerd,2026,2,23.077
297,Brainerd,2026,3,20.675
297,Brainerd,2026,4,16.923
297,Brainerd,2026,5,14.86
297,Brainerd,2026,6,15.154
297,Brainerd,2026,7,16.689
297,Brainerd,2026,8,17.475
297,Brainerd,2026,9,15.242
297,Brainerd,2026,10,13.377
297,Brainerd,2026,11,17.781
297,Brainerd,2026,12,20.259
298,"Brainerd, MN",2013,1,22.531
298,"Brainerd, MN",2013,2,20.075
298,"Brainerd, MN",2013,3,17.229
298,"Brainerd, MN",2013,4,14.659
298,"Brainerd, MN",2013,5,12.421
298,"Brainerd, MN",2013,6,14.0
298,"Brainerd, MN",2013,7,15.165
298,"Brainerd, MN",2013,8,16.635
298,"Brainerd, MN",2013,9,14.434
298,"Brainerd, MN",2013,10,12.827
298,"Brainerd, MN",2013,11,16.587
298,"Brainerd, MN",2013,12,18.7
299,Brajrajnagar,2025,11,96.111
299,Brajrajnagar,2025,12,96.739
299,Brajrajnagar,2026,1,99.513
299,Brajrajnagar,2026,2,93.059
299,Brajrajnagar,2026,3,87.688
299,Brajrajnagar,2026,4,82.989
299,Brajrajnagar,2026,5,76.794
299,Brajrajnagar,2026,6,72.097
299,Brajrajnagar,2026,7,65.763
299,Brajrajnagar,2026,8,63.337
299,Brajrajnagar,2026,9,66.269
299,Brajrajnagar,2026,10,103.191
301,Branson,2018,1,34.698
301,Branson,2018,2,33.92
301,Branson,2018,3,31.455
301,Branson,2018,4,27.217
301,Branson,2018,5,23.648
301,Branson,2018,6,25.883
301,Branson,2018,7,27.695
301,Branson,2018,8,29.938
301,Branson,2018,9,27.503
301,Branson,2018,10,24.764
301,Branson,2018,11,32.856
301,Branson,2018,12,37.375
302,"Branson, MO",2026,1,24.275
302,"Branson, MO",2026,2,22.773
302,"Branson, MO",2026,3,18.995
302,"Branson, MO",2026,4,15.281
302,"Branson, MO",2026,5,13.241
302,"Branson, MO",2026,6,15.154
302,"Branson, MO",2026,7,16.345
302,"Branson, MO",2026,8,17.52
302,"Branson, MO",2026,9,15.204
302,"Branson, MO",2026,10,13.6
302,"Branson, MO",2026,11,18.207
302,"Branson, MO",2026,12,21.286
303,Brasilia,2026,1,55.364
303,Brasilia,2026,2,53.192
303,Brasilia,2026,3,48.444
303,Brasilia,2026,4,42.641
303,Brasilia,2026,5,38.712
303,Brasilia,2026,6,43.888
303,Brasilia,2026,7,46.591
303,Brasilia,2026,8,48.645
303,Brasilia,2026,9,47.257
303,Brasilia,2026,10,46.566
303,Brasilia,2026,11,54.228
303,Brasilia,2026,12,59.654
305,Brawley,2026,1,29.299
305,Brawley,2026,2,27.999
305,Brawley,2026,3,23.583
305,Brawley,2026,4,20.195
305,Brawley,2026,5,17.257
305,Brawley,2026,6,19.301
305,Brawley,2026,7,20.865
305,Brawley,2026,8,22.509
305,Brawley,2026,9,20.218
305,Brawley,2026,10,18.161
305,Brawley,2026,11,23.699
305,Brawley,2026,12,26.885
306,Breckenridge,2013,1,42.122
306,Breckenridge,2013,2,39.727
306,Breckenridge,2013,3,33.736
306,Breckenridge,2013,4,28.33
306,Breckenridge,2013,5,24.21
306,Breckenridge,2013,6,27.496
306,Breckenridge,2013,7,29.881
306,Breckenridge,2013,8,32.083
306,Breckenridge,2013,9,30.183
306,Breckenridge,2013,10,28.77
306,Breckenridge,2013,11,36.086
306,Breckenridge,2013,12,41.89
307,Bremerton,2026,1,23.227
307,Bremerton,2026,2,20.873
307,Bremerton,2026,3,17.138
307,Bremerton,2026,4,14.411
307,Bremerton,2026,5,12.497
307,Bremerton,2026,6,14.355
307,Bremerton,2026,7,15.182
307,Bremerton,2026,8,16.677
307,Bremerton,2026,9,14.543
307,Bremerton,2026,10,13.023
307,Bremerton,2026,11,18.095
307,Bremerton,2026,12,21.279
308,"Bremerton-Silverdale, WA",2013,1,37.755
308,"Bremerton-Silverdale, WA",2013,2,33.873
308,"Bremerton-Silverdale, WA",2013,3,28.921
308,"Bremerton-Silverdale, WA",2013,4,23.041
308,"Bremerton-Silverdale, WA",2013,5,20.42
308,"Bremerton-Silverdale, WA",2013,6,22.417
308,"Bremerton-Silverdale, WA",2013,7,24.493
308,"Bremerton-Silverdale, WA",2013,8,25.898
308,"Bremerton-Silverdale, WA",2013,9,23.238
308,"Bremerton-Silverdale, WA",2013,10,21.473
308,"Bremerton-Silverdale, WA",2013,11,27.249
308,"Bremerton-Silverdale, WA",2013,12,32.342
309,Brewster,2026,1,28.661
309,Brewster,2026,2,26.534
309,Brewster,2026,3,22.453
309,Brewster,2026,4,19.018
309,Brewster,2026,5,16.24
309,Brewster,2026,6,18.214
309,Brewster,2026,7,19.408
309,Brewster,2026,8,21.12
309,Brewster,2026,9,19.24
309,Brewster,2026,10,17.295
309,Brewster,2026,11,22.561
309,Brewster,2026,12,25.185
311,Bridgeport,2026,1,35.557
311,Bridgeport,2026,2,32.094
311,Bridgeport,2026,3,27.599
311,Bridgeport,2026,4,22.306
311,Bridgeport,2026,5,19.826
311,Bridgeport,2026,6,21.921
311,Bridgeport,2026,7,23.437
311,Bridgeport,2026,8,25.304
311,Bridgeport,2026,9,22.771
311,Bridgeport,2026,10,20.963
311,Bridgeport,2026,11,26.45
311,Bridgeport,2026,12,31.055
312,Bridgeton,2026,1,34.065
312,Bridgeton,2026,2,33.697
312,Bridgeton,2026,3,31.201
312,Bridgeton,2026,4,27.01
312,Bridgeton,2026,5,22.93
312,Bridgeton,2026,6,25.956
312,Bridgeton,2026,7,27.407
312,Bridgeton,2026,8,29.793
312,Bridgeton,2026,9,27.698
312,Bridgeton,2026,10,25.434
312,Bridgeton,2026,11,33.337
312,Bridgeton,2026,12,38.312
313,Brigham City,2026,1,28.733
313,Brigham City,2026,2,26.093
313,Brigham City,2026,3,22.036
313,Brigham City,2026,4,18.831
313,Brigham City,2026,5,16.059
313,Brigham City,2026,6,18.316
313,Brigham City,2026,7,19.485
313,Brigham City,2026,8,21.233
313,Brigham City,2026,9,19.595
313,Brigham City,2026,10,17.571
313,Brigham City,2026,11,22.591
313,Brigham City,2026,12,25.179
315,Brisbane,2026,1,34.001
315,Brisbane,2026,2,31.097
315,Brisbane,2026,3,28.947
315,Brisbane,2026,4,25.205
315,Brisbane,2026,5,23.46
315,Brisbane,2026,6,26.678
315,Brisbane,2026,7,27.854
315,Brisbane,2026,8,28.881
315,Brisbane,2026,9,25.316
315,Brisbane,2026,10,22.6
315,Brisbane,2026,11,28.821
315,Brisbane,2026,12,32.682
316,Bristol,2026,1,59.711
316,Bristol,2026,2,55.667
316,Bristol,2026,3,50.482
316,Bristol,2026,4,42.223
316,Bristol,2026,5,36.353
316,Bristol,2026,6,38.192
316,Bristol,2026,7,41.556
316,Bristol,2026,8,44.03
316,Bristol,2026,9,41.099
316,Bristol,2026,10,38.137
316,Bristol,2026,11,47.116
316,Bristol,2026,12,52.439
317,Brockton,2026,1,34.19
317,Brockton,2026,2,32.073
317,Brockton,2026,3,29.256
317,Brockton,2026,4,24.832
317,Brockton,2026,5,20.825
317,Brockton,2026,6,23.041
317,Brockton,2026,7,25.39
317,Brockton,2026,8,27.284
317,Brockton,2026,9,25.067
317,Brockton,2026,10,23.224
317,Brockton,2026,11,29.97
317,Brockton,2026,12,34.526
318,Brook Park,2020,1,37.836
318,Brook Park,2020,2,33.538
318,Brook Park,2020,3,28.998
318,Brook Park,2020,4,23.44
318,Brook Park,2020,5,20.225
318,Brook Park,2020,6,22.121
318,Brook Park,2020,7,24.371
318,Brook Park,2020,8,25.986
318,Brook Park,2020,9,23.224
318,Brook Park,2020,10,21.349
318,Brook Park,2020,11,26.854
318,Brook Park,2020,12,31.415
319,Brookhurst,2026,1,34.248
319,Brookhurst,2026,2,33.61
319,Brookhurst,2026,3,31.444
319,Brookhurst,2026,4,26.952
319,Brookhurst,2026,5,22.385
319,Brookhurst,2026,6,25.561
319,Brookhurst,2026,7,27.407
319,Brookhurst,2026,8,29.831
319,Brookhurst,2026,9,27.698
319,Brookhurst,2026,10,25.21
319,Brookhurst,2026,11,33.305
319,Brookhurst,2026,12,38.312
320,Brookings,2015,1,41.423
320,Brookings,2015,2,37.971
320,Brookings,2015,3,31.476
320,Brookings,2015,4,25.509
320,Brookings,2015,5,21.771
320,Brookings,2015,6,24.072
320,Brookings,2015,7,26.342
320,Brookings,2015,8,29.087
320,Brookings,2015,9,27.083
320,Brookings,2015,10,24.916
320,Brookings,2015,11,32.931
320,Brookings,2015,12,37.317
321,"Brookings, SD",2025,6,32.425
321,"Brookings, SD",2025,7,34.701
321,"Brookings, SD",2025,8,35.549
321,"Brookings, SD",2025,9,33.438
321,"Brookings, SD",2025,10,31.638
321,"Brookings, SD",2025,11,38.807
321,"Brookings, SD",2025,12,43.578
321,"Brookings, SD",2026,1,41.628
321,"Brookings, SD",2026,2,37.544
321,"Brookings, SD",2026,3,31.367
321,"Brookings, SD",2026,4,25.482
321,"Brookings, SD",2026,5,21.688
322,Brownsville,2026,1,51.337
322,Brownsville,2026,2,47.907
322,Brownsville,2026,3,39.885
322,Brownsville,2026,4,32.311
322,Brownsville,2026,5,28.243
322,Brownsville,2026,6,30.202
322,Brownsville,2026,7,32.535
322,Brownsville,2026,8,34.29
322,Brownsville,2026,9,31.955
322,Brownsville,2026,10,29.509
322,Brownsville,2026,11,37.622
322,Brownsville,2026,12,43.072
324,Brunswick,2026,1,39.753
324,Brunswick,2026,2,35.849
324,Brunswick,2026,3,30.723
324,Brunswick,2026,4,24.786
324,Brunswick,2026,5,20.721
324,Brunswick,2026,6,23.483
324,Brunswick,2026,7,25.208
324,Brunswick,2026,8,27.246
324,Brunswick,2026,9,24.978
324,Brunswick,2026,10,23.065
324,Brunswick,2026,11,29.365
324,Brunswick,2026,12,34.532
325,Brussels,2026,1,46.717
325,Brussels,2026,2,43.296
325,Brussels,2026,3,37.028
325,Brussels,2026,4,31.865
325,Brussels,2026,5,27.867
325,Brussels,2026,6,30.314
325,Brussels,2026,7,33.037
325,Brussels,2026,8,35.107
325,Brussels,2026,9,32.752
325,Brussels,2026,10,29.926
325,Brussels,2026,11,39.368
325,Brussels,2026,12,46.431
326,Bryson City (RR name Bryson),2026,1,33.094
326,Bryson City (RR name Bryson),2026,2,32.645
326,Bryson City (RR name Bryson),2026,3,28.923
326,Bryson City (RR name Bryson),2026,4,23.3
326,Bryson City (RR name Bryson),2026,5,20.225
326,Bryson City (RR name Bryson),2026,6,22.517
326,Bryson City (RR name Bryson),2026,7,24.371
326,Bryson City (RR name Bryson),2026,8,25.986
326,Bryson City (RR name Bryson),2026,9,23.224
326,Bryson City (RR name Bryson),2026,10,21.627
326,Bryson City (RR name Bryson),2026,11,26.854
326,Bryson City (RR name Bryson),2026,12,31.415
327,Bucharest,2026,1,70.854
327,Bucharest,2026,2,65.888
327,Bucharest,2026,3,58.426
327,Bucharest,2026,4,52.227
327,Bucharest,2026,5,47.55
327,Bucharest,2026,6,48.507
327,Bucharest,2026,7,50.561
327,Bucharest,2026,8,51.986
327,Bucharest,2026,9,47.479
327,Bucharest,2026,10,42.578
327,Bucharest,2026,11,53.829
327,Bucharest,2026,12,58.499
328,Buckeye,2026,1,80.741
328,Buckeye,2026,2,74.416
328,Buckeye,2026,3,67.796
328,Buckeye,2026,4,60.7
328,Buckeye,2026,5,56.435
328,Buckeye,2026,6,57.493
328,Buckeye,2026,7,57.628
328,Buckeye,2026,8,58.294
328,Buckeye,2026,9,56.287
328,Buckeye,2026,10,54.287
328,Buckeye,2026,11,58.879
328,Buckeye,2026,12,61.126
329,Buckner,2026,1,34.065
329,Buckner,2026,2,33.654
329,Buckner,2026,3,31.419
329,Buckner,2026,4,26.966
329,Buckner,2026,5,22.393
329,Buckner,2026,6,25.703
329,Buckner,2026,7,27.407
329,Buckner,2026,8,29.789
329,Buckner,2026,9,27.698
329,Buckner,2026,10,25.434
329,Buckner,2026,11,33.305
329,Buckner,2026,12,38.312
330,"Bucyrus, OH",2010,1,34.727
330,"Bucyrus, OH",2010,2,33.845
330,"Bucyrus, OH",2010,3,31.691
330,"Bucyrus, OH",2010,4,27.079
330,"Bucyrus, OH",2010,5,23.19
330,"Bucyrus, OH",2010,6,25.909
330,"Bucyrus, OH",2010,7,27.529
330,"Bucyrus, OH",2010,8,30.018
330,"Bucyrus, OH",2010,9,28.836
330,"Bucyrus, OH",2010,10,25.585
330,"Bucyrus, OH",2010,11,33.795
330,"Bucyrus, OH",2010,12,38.407
331,Budapest,2026,1,63.985
331,Budapest,2026,2,60.353
331,Budapest,2026,3,54.22
331,Budapest,2026,4,47.365
331,Budapest,2026,5,41.771
331,Budapest,2026,6,42.714
331,Budapest,2026,7,44.012
331,Budapest,2026,8,46.447
331,Budapest,2026,9,42.609
331,Budapest,2026,10,38.403
331,Budapest,2026,11,49.393
331,Budapest,2026,12,55.546
332,Buenos Aires,2026,1,58.165
332,Buenos Aires,2026,2,55.843
332,Buenos Aires,2026,3,50.924
332,Buenos Aires,2026,4,44.902
332,Buenos Aires,2026,5,41.869
332,Buenos Aires,2026,6,45.53
332,Buenos Aires,2026,7,47.589
332,Buenos Aires,2026,8,50.067
332,Buenos Aires,2026,9,48.59
332,Buenos Aires,2026,10,47.513
332,Buenos Aires,2026,11,54.566
332,Buenos Aires,2026,12,59.955
333,Buffalo,2026,1,65.47
333,Buffalo,2026,2,61.677
333,Buffalo,2026,3,56.533
333,Buffalo,2026,4,50.992
333,Buffalo,2026,5,45.219
333,Buffalo,2026,6,46.096
333,Buffalo,2026,7,47.886
333,Buffalo,2026,8,49.378
333,Buffalo,2026,9,46.89
333,Buffalo,2026,10,42.629
333,Buffalo,2026,11,50.528
333,Buffalo,2026,12,53.105
334,Bulandshahr,2025,11,238.75
334,Bulandshahr,2025,12,197.173
334,Bulandshahr,2026,1,219.275
334,Bulandshahr,2026,2,195.298
334,Bulandshahr,2026,3,180.414
334,Bulandshahr,2026,4,156.287
334,Bulandshahr,2026,5,147.075
334,Bulandshahr,2026,6,125.88
334,Bulandshahr,2026,7,89.287
334,Bulandshahr,2026,8,83.88
334,Bulandshahr,2026,9,85.212
334,Bulandshahr,2026,10,117.059
335,Bullhead City,2026,1,52.154
335,Bullhead City,2026,2,49.207
335,Bullhead City,2026,3,41.693
335,Bullhead City,2026,4,34.08
335,Bullhead City,2026,5,30.39
335,Bullhead City,2026,6,32.748
335,Bullhead City,2026,7,34.701
335,Bullhead City,2026,8,35.549
335,Bullhead City,2026,9,33.438
335,Bullhead City,2026,10,31.638
335,Bullhead City,2026,11,38.807
335,Bullhead City,2026,12,43.578
337,Bunnell,2026,1,34.076
337,Bunnell,2026,2,33.697
337,Bunnell,2026,3,31.371
337,Bunnell,2026,4,26.941
337,Bunnell,2026,5,22.196
337,Bunnell,2026,6,25.379
337,Bunnell,2026,7,27.318
337,Bunnell,2026,8,29.793
337,Bunnell,2026,9,27.61
337,Bunnell,2026,10,25.644
337,Bunnell,2026,11,33.337
337,Bunnell,2026,12,38.312
338,Burbank,2026,1,49.298
338,Burbank,2026,2,45.55
338,Burbank,2026,3,38.341
338,Burbank,2026,4,31.708
338,Burbank,2026,5,26.918
338,Burbank,2026,6,29.874
338,Burbank,2026,7,31.878
338,Burbank,2026,8,33.432
338,Burbank,2026,9,31.254
338,Burbank,2026,10,29.041
338,Burbank,2026,11,37.568
338,Burbank,2026,12,43.072
339,Burke,2025,11,41.805
339,Burke,2025,12,46.702
339,Burke,2026,1,44.095
339,Burke,2026,2,41.201
339,Burke,2026,3,35.109
339,Burke,2026,4,29.647
339,Burke,2026,5,25.594
339,Burke,2026,6,27.669
339,Burke,2026,7,30.054
339,Burke,2026,8,32.693
339,Burke,2026,9,29.896
339,Burke,2026,10,26.455
340,Burlington,2025,1,34.815
340,Burlington,2025,2,31.616
340,Burlington,2025,3,28.177
340,Burlington,2025,4,23.41
340,Burlington,2025,5,20.389
340,Burlington,2025,6,22.668
340,Burlington,2025,7,24.448
340,Burlington,2025,8,26.137
340,Burlington,2025,9,24.539
340,Burlington,2025,10,22.031
340,Burlington,2025,11,28.903
340,Burlington,2025,12,32.834
341,Burns,2026,1,33.147
341,Burns,2026,2,31.927
341,Burns,2026,3,27.676
341,Burns,2026,4,22.38
341,Burns,2026,5,19.905
341,Burns,2026,6,21.381
341,Burns,2026,7,23.332
341,Burns,2026,8,25.304
341,Burns,2026,9,22.844
341,Burns,2026,10,20.49
341,Burns,2026,11,26.157
341,Burns,2026,12,31.055
342,Busan,2026,1,73.858
342,Busan,2026,2,68.659
342,Busan,2026,3,61.639
342,Busan,2026,4,53.133
342,Busan,2026,5,47.869
342,Busan,2026,6,48.235
342,Busan,2026,7,49.733
342,Busan,2026,8,52.288
342,Busan,2026,9,47.234
342,Busan,2026,10,42.823
342,Busan,2026,11,52.738
342,Busan,2026,12,56.137
343,Butner,2026,1,33.887
343,Butner,2026,2,32.398
343,Butner,2026,3,28.923
343,Butner,2026,4,23.55
343,Butner,2026,5,20.178
343,Butner,2026,6,22.316
343,Butner,2026,7,24.371
343,Butner,2026,8,25.96
343,Butner,2026,9,23.224
343,Butner,2026,10,21.043
343,Butner,2026,11,26.854
343,Butner,2026,12,31.415
344,Butte-Silver Bow (Remainder),2026,1,32.265
344,Butte-Silver Bow (Remainder),2026,2,30.708
344,Butte-Silver Bow (Remainder),2026,3,26.236
344,Butte-Silver Bow (Remainder),2026,4,21.698
344,Butte-Silver Bow (Remainder),2026,5,18.556
344,Butte-Silver Bow (Remainder),2026,6,20.485
344,Butte-Silver Bow (Remainder),2026,7,22.549
344,Butte-Silver Bow (Remainder),2026,8,24.246
344,Butte-Silver Bow (Remainder),2026,9,21.541
344,Butte-Silver Bow (Remainder),2026,10,19.853
344,Butte-Silver Bow (Remainder),2026,11,25.224
344,Butte-Silver Bow (Remainder),2026,12,29.165
348,Byrnihat,2025,9,130.501
348,Byrnihat,2025,10,134.214
348,Byrnihat,2025,11,149.457
348,Byrnihat,2025,12,144.884
348,Byrnihat,2026,1,142.093
348,Byrnihat,2026,2,131.624
348,Byrnihat,2026,3,124.928
348,Byrnihat,2026,4,114.115
348,Byrnihat,2026,5,105.894
348,Byrnihat,2026,6,96.922
348,Byrnihat,2026,7,81.294
348,Byrnihat,2026,8,81.571
349,"Cadillac, MI",2026,1,27.526
349,"Cadillac, MI",2026,2,24.671
349,"Cadillac, MI",2026,3,20.954
349,"Cadillac, MI",2026,4,16.799
349,"Cadillac, MI",2026,5,14.453
349,"Cadillac, MI",2026,6,15.777
349,"Cadillac, MI",2026,7,16.657
349,"Cadillac, MI",2026,8,17.633
349,"Cadillac, MI",2026,9,15.293
349,"Cadillac, MI",2026,10,14.034
349,"Cadillac, MI",2026,11,18.79
349,"Cadillac, MI",2026,12,21.687
350,Caguas,2026,1,30.192
350,Caguas,2026,2,28.336
350,Caguas,2026,3,23.861
350,Caguas,2026,4,19.648
350,Caguas,2026,5,17.023
350,Caguas,2026,6,19.258
350,Caguas,2026,7,20.943
350,Caguas,2026,8,22.621
350,Caguas,2026,9,20.64
350,Caguas,2026,10,18.349
350,Caguas,2026,11,23.908
350,Caguas,2026,12,26.878
351,Cairo,2026,1,153.565
351,Cairo,2026,2,147.17
351,Cairo,2026,3,124.329
351,Cairo,2026,4,104.067
351,Cairo,2026,5,91.067
351,Cairo,2026,6,95.104
351,Cairo,2026,7,102.198
351,Cairo,2026,8,106.869
351,Cairo,2026,9,101.352
351,Cairo,2026,10,95.083
351,Cairo,2026,11,121.567
351,Cairo,2026,12,139.459
352,Calais,2026,1,15.129
352,Calais,2026,2,13.175
352,Calais,2026,3,11.43
352,Calais,2026,4,9.224
352,Calais,2026,5,8.182
352,Calais,2026,6,9.457
352,Calais,2026,7,10.383
352,Calais,2026,8,11.444
352,Calais,2026,9,9.8
352,Calais,2026,10,8.37
352,Calais,2026,11,11.156
352,Calais,2026,12,13.02
353,Calera,2026,1,34.06
353,Calera,2026,2,33.709
353,Calera,2026,3,31.299
353,Calera,2026,4,27.223
353,Calera,2026,5,23.446
353,Calera,2026,6,25.942
353,Calera,2026,7,27.467
353,Calera,2026,8,29.831
353,Calera,2026,9,27.515
353,Calera,2026,10,24.837
353,Calera,2026,11,32.757
353,Calera,2026,12,37.275
354,Calexico,2026,1,44.823
354,Calexico,2026,2,40.716
354,Calexico,2026,3,34.548
354,Calexico,2026,4,29.649
354,Calexico,2026,5,26.758
354,Calexico,2026,6,28.719
354,Calexico,2026,7,31.347
354,Calexico,2026,8,33.505
354,Calexico,2026,9,31.072
354,Calexico,2026,10,28.489
354,Calexico,2026,11,37.266
354,Calexico,2026,12,43.072
355,Calgary,2026,1,32.911
355,Calgary,2026,2,30.663
355,Calgary,2026,3,27.937
355,Calgary,2026,4,22.944
355,Calgary,2026,5,19.666
355,Calgary,2026,6,20.796
355,Calgary,2026,7,22.601
355,Calgary,2026,8,24.173
355,Calgary,2026,9,21.5
355,Calgary,2026,10,19.713
355,Calgary,2026,11,25.258
355,Calgary,2026,12,29.411
356,Calvert City (RR name Calvert),2015,1,40.529
356,Calvert City (RR name Calvert),2015,2,37.125
356,Calvert City (RR name Calvert),2015,3,31.464
356,Calvert City (RR name Calvert),2015,4,25.781
356,Calvert City (RR name Calvert),2015,5,22.051
356,Calvert City (RR name Calvert),2015,6,24.712
356,Calvert City (RR name Calvert),2015,7,26.342
356,Calvert City (RR name Calvert),2015,8,29.087
356,Calvert City (RR name Calvert),2015,9,27.215
356,Calvert City (RR name Calvert),2015,10,24.844
356,Calvert City (RR name Calvert),2015,11,32.866
356,Calvert City (RR name Calvert),2015,12,37.317
357,"Cambridge, MD",2026,1,31.735
357,"Cambridge, MD",2026,2,29.228
357,"Cambridge, MD",2026,3,25.142
357,"Cambridge, MD",2026,4,20.977
357,"Cambridge, MD",2026,5,17.759
357,"Cambridge, MD",2026,6,19.543
357,"Cambridge, MD",2026,7,20.943
357,"Cambridge, MD",2026,8,22.621
357,"Cambridge, MD",2026,9,20.547
357,"Cambridge, MD",2026,10,18.349
357,"Cambridge, MD",2026,11,23.908
357,"Cambridge, MD",2026,12,26.878
358,Camden,2026,1,38.62
358,Camden,2026,2,35.151
358,Camden,2026,3,30.361
358,Camden,2026,4,24.82
358,Camden,2026,5,21.134
358,Camden,2026,6,23.494
358,Camden,2026,7,25.393
358,Camden,2026,8,27.378
358,Camden,2026,9,25.112
358,Camden,2026,10,23.072
358,Camden,2026,11,29.687
358,Camden,2026,12,34.526
359,Camp Pendleton South,2025,1,39.694
359,Camp Pendleton South,2025,2,35.849
359,Camp Pendleton South,2025,3,30.533
359,Camp Pendleton South,2025,4,24.786
359,Camp Pendleton South,2025,5,20.721
359,Camp Pendleton South,2025,6,23.521
359,Camp Pendleton South,2025,7,25.208
359,Camp Pendleton South,2025,8,27.246
359,Camp Pendleton South,2025,9,24.978
359,Camp Pendleton South,2025,10,23.134
359,Camp Pendleton South,2025,11,29.365
359,Camp Pendleton South,2025,12,34.526
360,Campo,2026,1,34.076
360,Campo,2026,2,33.709
360,Campo,2026,3,31.299
360,Campo,2026,4,27.223
360,Campo,2026,5,23.446
360,Campo,2026,6,25.942
360,Campo,2026,7,27.467
360,Campo,2026,8,29.831
360,Campo,2026,9,27.473
360,Campo,2026,10,24.796
360,Campo,2026,11,32.757
360,Campo,2026,12,37.275
361,Candor,2026,1,36.295
361,Candor,2026,2,32.969
361,Candor,2026,3,27.463
361,Candor,2026,4,22.365
361,Candor,2026,5,19.748
361,Candor,2026,6,21.23
361,Candor,2026,7,23.437
361,Candor,2026,8,25.191
361,Candor,2026,9,22.577
361,Candor,2026,10,20.803
361,Candor,2026,11,26.415
361,Candor,2026,12,31.055
362,Canon City,2026,1,28.001
362,Canon City,2026,2,26.382
362,Canon City,2026,3,22.299
362,Canon City,2026,4,18.852
362,Canon City,2026,5,16.25
362,Canon City,2026,6,18.339
362,Canon City,2026,7,19.245
362,Canon City,2026,8,21.251
362,Canon City,2026,9,19.712
362,Canon City,2026,10,17.594
362,Canon City,2026,11,22.599
362,Canon City,2026,12,25.103
363,Canton,2026,1,48.037
363,Canton,2026,2,44.592
363,Canton,2026,3,37.06
363,Canton,2026,4,30.577
363,Canton,2026,5,25.947
363,Canton,2026,6,28.636
363,Canton,2026,7,30.966
363,Canton,2026,8,32.693
363,Canton,2026,9,30.148
363,Canton,2026,10,28.512
363,Canton,2026,11,35.976
363,Canton,2026,12,40.539
364,Cape Coral,2026,1,34.065
364,Cape Coral,2026,2,33.697
364,Cape Coral,2026,3,31.201
364,Cape Coral,2026,4,27.01
364,Cape Coral,2026,5,22.889
364,Cape Coral,2026,6,25.862
364,Cape Coral,2026,7,27.407
364,Cape Coral,2026,8,29.789
364,Cape Coral,2026,9,27.698
364,Cape Coral,2026,10,25.434
364,Cape Coral,2026,11,33.337
364,Cape Coral,2026,12,38.312
365,Cape Town,2026,1,76.34
365,Cape Town,2026,2,71.178
365,Cape Town,2026,3,63.783
365,Cape Town,2026,4,56.355
365,Cape Town,2026,5,52.084
365,Cape Town,2026,6,53.367
365,Cape Town,2026,7,54.576
365,Cape Town,2026,8,55.192
365,Cape Town,2026,9,51.174
365,Cape Town,2026,10,48.207
365,Cape Town,2026,11,52.528
365,Cape Town,2026,12,55.497
366,Capitan,2026,1,30.279
366,Capitan,2026,2,28.336
366,Capitan,2026,3,23.861
366,Capitan,2026,4,19.648
366,Capitan,2026,5,16.829
366,Capitan,2026,6,18.276
366,Capitan,2026,7,19.485
366,Capitan,2026,8,21.233
366,Capitan,2026,9,19.569
366,Capitan,2026,10,17.483
366,Capitan,2026,11,22.591
366,Capitan,2026,12,25.179
367,Caracas,2026,1,81.329
367,Caracas,2026,2,77.239
367,Caracas,2026,3,69.339
367,Caracas,2026,4,64.171
367,Caracas,2026,5,59.581
367,Caracas,2026,6,62.137
367,Caracas,2026,7,65.375
367,Caracas,2026,8,68.732
367,Caracas,2026,9,66.078
367,Caracas,2026,10,64.716
367,Caracas,2026,11,75.038
367,Caracas,2026,12,83.259
368,Carbon,2020,1,30.33
368,Carbon,2020,2,28.123
368,Carbon,2020,3,24.095
368,Carbon,2020,4,20.088
368,Carbon,2020,5,17.62
368,Carbon,2020,6,19.805
368,Carbon,2020,7,21.047
368,Carbon,2020,8,23.243
368,Carbon,2020,9,21.141
368,Carbon,2020,10,19.243
368,Carbon,2020,11,25.371
368,Carbon,2020,12,29.165
369,Carbondale,2017,1,34.36
369,Carbondale,2017,2,33.921
369,Carbondale,2017,3,31.52
369,Carbondale,2017,4,26.979
369,Carbondale,2017,5,22.468
369,Carbondale,2017,6,25.37
369,Carbondale,2017,7,27.436
369,Carbondale,2017,8,29.895
369,Carbondale,2017,9,27.754
369,Carbondale,2017,10,25.266
369,Carbondale,2017,11,33.405
369,Carbondale,2017,12,38.387
371,Carlisle,2026,1,42.283
371,Carlisle,2026,2,39.483
371,Carlisle,2026,3,33.19
371,Carlisle,2026,4,28.57
371,Carlisle,2026,5,24.433
371,Carlisle,2026,6,26.662
371,Carlisle,2026,7,29.112
371,Carlisle,2026,8,31.635
371,Carlisle,2026,9,29.22
371,Carlisle,2026,10,26.605
371,Carlisle,2026,11,34.725
371,Carlisle,2026,12,37.88
372,Carlsbad,2026,1,29.938
372,Carlsbad,2026,2,27.662
372,Carlsbad,2026,3,22.961
372,Carlsbad,2026,4,19.097
372,Carlsbad,2026,5,16.328
372,Carlsbad,2026,6,18.214
372,Carlsbad,2026,7,19.408
372,Carlsbad,2026,8,21.12
372,Carlsbad,2026,9,19.24
372,Carlsbad,2026,10,17.324
372,Carlsbad,2026,11,22.857
372,Carlsbad,2026,12,25.179
373,"Carlsbad-Artesia, NM",2025,11,21.634
373,"Carlsbad-Artesia, NM",2025,12,23.552
373,"Carlsbad-Artesia, NM",2026,1,24.601
373,"Carlsbad-Artesia, NM",2026,2,22.052
373,"Carlsbad-Artesia, NM",2026,3,18.765
373,"Carlsbad-Artesia, NM",2026,4,15.243
373,"Carlsbad-Artesia, NM",2026,5,13.452
373,"Carlsbad-Artesia, NM",2026,6,14.996
373,"Carlsbad-Artesia, NM",2026,7,15.823
373,"Carlsbad-Artesia, NM",2026,8,16.677
373,"Carlsbad-Artesia, NM",2026,9,14.589
373,"Carlsbad-Artesia, NM",2026,10,12.834
374,Carlyss,2026,1,33.887
374,Carlyss,2026,2,32.443
374,Carlyss,2026,3,29.355
374,Carlyss,2026,4,25.141
374,Carlyss,2026,5,21.925
374,Carlyss,2026,6,23.851
374,Carlyss,2026,7,25.316
374,Carlyss,2026,8,27.219
374,Carlyss,2026,9,24.978
374,Carlyss,2026,10,22.974
374,Carlyss,2026,11,28.955
374,Carlyss,2026,12,32.841
376,Carmel Valley Village,2026,1,16.931
376,Carmel Valley Village,2026,2,14.494
376,Carmel Valley Village,2026,3,11.728
376,Carmel Valley Village,2026,4,9.527
376,Carmel Valley Village,2026,5,8.063
376,Carmel Valley Village,2026,6,9.337
376,Carmel Valley Village,2026,7,10.208
376,Carmel Valley Village,2026,8,11.462
376,Carmel Valley Village,2026,9,9.874
376,Carmel Valley Village,2026,10,8.213
376,Carmel Valley Village,2026,11,10.905
376,Carmel Valley Village,2026,12,11.993
377,Carpinteria,2024,9,20.332
377,Carpinteria,2024,10,18.19
377,Carpinteria,2024,11,24.131
377,Carpinteria,2024,12,27.917
377,Carpinteria,2025,1,27.685
377,Carpinteria,2025,2,26.003
377,Carpinteria,2025,3,22.58
377,Carpinteria,2025,4,18.792
377,Carpinteria,2025,5,15.845
377,Carpinteria,2025,6,17.299
377,Carpinteria,2025,7,18.621
377,Carpinteria,2025,8,20.015
378,Carroll,2026,1,24.232
378,Carroll,2026,2,22.126
378,Carroll,2026,3,19.04
378,Carroll,2026,4,15.75
378,Carroll,2026,5,13.411
378,Carroll,2026,6,15.173
378,Carroll,2026,7,16.527
378,Carroll,2026,8,17.539
378,Carroll,2026,9,15.293
378,Carroll,2026,10,14.219
378,Carroll,2026,11,18.963
378,Carroll,2026,12,21.687
379,Carson City,2026,1,23.963
379,Carson City,2026,2,20.993
379,Carson City,2026,3,17.138
379,Carson City,2026,4,14.411
379,Carson City,2026,5,12.412
379,Carson City,2026,6,14.355
379,Carson City,2026,7,15.094
379,Carson City,2026,8,16.564
379,Carson City,2026,9,14.455
379,Carson City,2026,10,13.023
379,Carson City,2026,11,18.095
379,Carson City,2026,12,21.279
380,Carter,2026,1,29.722
380,Carter,2026,2,27.131
380,Carter,2026,3,23.006
380,Carter,2026,4,19.76
380,Carter,2026,5,16.601
380,Carter,2026,6,18.699
380,Carter,2026,7,19.59
380,Carter,2026,8,21.139
380,Carter,2026,9,19.523
380,Carter,2026,10,17.859
380,Carter,2026,11,22.825
380,Carter,2026,12,25.179
381,Cary,2026,1,44.875
381,Cary,2026,2,40.497
381,Cary,2026,3,34.561
381,Cary,2026,4,29.682
381,Cary,2026,5,26.619
381,Cary,2026,6,28.71
381,Cary,2026,7,31.347
381,Cary,2026,8,33.523
381,Cary,2026,9,31.072
381,Cary,2026,10,28.481
381,Cary,2026,11,37.276
381,Cary,2026,12,43.072
382,Casa Grande,2026,1,42.76
382,Casa Grande,2026,2,39.6
382,Casa Grande,2026,3,33.57
382,Casa Grande,2026,4,28.299
382,Casa Grande,2026,5,24.166
382,Casa Grande,2026,6,26.957
382,Casa Grande,2026,7,29.217
382,Casa Grande,2026,8,31.593
382,Casa Grande,2026,9,29.446
382,Casa Grande,2026,10,26.961
382,Casa Grande,2026,11,34.799
382,Casa Grande,2026,12,37.88
383,Casablanca,2026,1,78.583
383,Casablanca,2026,2,73.28
383,Casablanca,2026,3,65.592
383,Casablanca,2026,4,59.393
383,Casablanca,2026,5,55.806
383,Casablanca,2026,6,58.409
383,Casablanca,2026,7,60.284
383,Casablanca,2026,8,63.697
383,Casablanca,2026,9,61.13
383,Casablanca,2026,10,60.781
383,Casablanca,2026,11,67.241
383,Casablanca,2026,12,73.476
384,Casper,2026,1,19.169
384,Casper,2026,2,17.002
384,Casper,2026,3,14.672
384,Casper,2026,4,11.905
384,Casper,2026,5,10.043
384,Casper,2026,6,11.582
384,Casper,2026,7,12.446
384,Casper,2026,8,13.164
384,Casper,2026,9,11.57
384,Casper,2026,10,10.589
384,Casper,2026,11,13.478
384,Casper,2026,12,15.748
386,Cassopolis,2026,1,33.887
386,Cassopolis,2026,2,32.443
386,Cassopolis,2026,3,29.355
386,Cassopolis,2026,4,25.141
386,Cassopolis,2026,5,21.925
386,Cassopolis,2026,6,24.127
386,Cassopolis,2026,7,26.13
386,Cassopolis,2026,8,28.916
386,Cassopolis,2026,9,26.298
386,Cassopolis,2026,10,25.286
386,Cassopolis,2026,11,32.482
386,Cassopolis,2026,12,37.507
387,Casstown,2026,1,34.016
387,Casstown,2026,2,33.7
387,Casstown,2026,3,31.299
387,Casstown,2026,4,27.29
387,Casstown,2026,5,23.342
387,Casstown,2026,6,25.84
387,Casstown,2026,7,27.467
387,Casstown,2026,8,29.85
387,Casstown,2026,9,27.25
387,Casstown,2026,10,24.788
387,Casstown,2026,11,32.767
387,Casstown,2026,12,37.275
388,Castle Hayne,2026,1,37.141
388,Castle Hayne,2026,2,32.953
388,Castle Hayne,2026,3,27.486
388,Castle Hayne,2026,4,22.306
388,Castle Hayne,2026,5,19.632
388,Castle Hayne,2026,6,21.259
388,Castle Hayne,2026,7,23.223
388,Castle Hayne,2026,8,25.304
388,Castle Hayne,2026,9,22.771
388,Castle Hayne,2026,10,20.41
388,Castle Hayne,2026,11,26.271
388,Castle Hayne,2026,12,31.055
390,Caswell,2026,1,22.591
390,Caswell,2026,2,19.539
390,Caswell,2026,3,16.026
390,Caswell,2026,4,13.288
390,Caswell,2026,5,11.688
390,Caswell,2026,6,12.761
390,Caswell,2026,7,13.181
390,Caswell,2026,8,14.21
390,Caswell,2026,9,13.025
390,Caswell,2026,10,12.196
390,Caswell,2026,11,15.735
390,Caswell,2026,12,18.01
391,Catano,2026,1,45.117
391,Catano,2026,2,42.389
391,Catano,2026,3,35.503
391,Catano,2026,4,29.419
391,Catano,2026,5,25.039
391,Catano,2026,6,28.59
391,Catano,2026,7,30.836
391,Catano,2026,8,32.655
391,Catano,2026,9,30.06
391,Catano,2026,10,28.512
391,Catano,2026,11,36.019
391,Catano,2026,12,41.782
392,Catron,2026,1,13.791
392,Catron,2026,2,11.602
392,Catron,2026,3,9.585
392,Catron,2026,4,7.845
392,Catron,2026,5,6.671
392,Catron,2026,6,6.822
392,Catron,2026,7,6.491
392,Catron,2026,8,6.487
392,Catron,2026,9,4.231
392,Catron,2026,10,4.155
392,Catron,2026,11,7.569
392,Catron,2026,12,8.415
393,Cave Creek,2026,1,34.065
393,Cave Creek,2026,2,33.654
393,Cave Creek,2026,3,31.201
393,Cave Creek,2026,4,27.01
393,Cave Creek,2026,5,22.975
393,Cave Creek,2026,6,25.862
393,Cave Creek,2026,7,27.407
393,Cave Creek,2026,8,29.789
393,Cave Creek,2026,9,27.698
393,Cave Creek,2026,10,25.434
393,Cave Creek,2026,11,33.337
393,Cave Creek,2026,12,38.312
394,Cave Junction,2026,1,27.526
394,Cave Junction,2026,2,24.671
394,Cave Junction,2026,3,20.729
394,Cave Junction,2026,4,16.799
394,Cave Junction,2026,5,14.445
394,Cave Junction,2026,6,15.796
394,Cave Junction,2026,7,16.766
394,Cave Junction,2026,8,17.633
394,Cave Junction,2026,9,15.293
394,Cave Junction,2026,10,14.053
394,Cave Junction,2026,11,18.79
394,Cave Junction,2026,12,21.687
395,Cayce,2020,1,35.917
395,Cayce,2020,2,32.27
395,Cayce,2020,3,27.735
395,Cayce,2020,4,22.385
395,Cayce,2020,5,19.636
395,Cayce,2020,6,21.035
395,Cayce,2020,7,23.255
395,Cayce,2020,8,25.191
395,Cayce,2020,9,22.489
395,Cayce,2020,10,20.734
395,Cayce,2020,11,25.94
395,Cayce,2020,12,29.76
396,Cedar,2026,1,33.212
396,Cedar,2026,2,32.602
396,Cedar,2026,3,28.971
396,Cedar,2026,4,23.256
396,Cedar,2026,5,20.337
396,Cedar,2026,6,22.562
396,Cedar,2026,7,24.552
396,Cedar,2026,8,26.024
396,Cedar,2026,9,24.233
396,Cedar,2026,10,22.498
396,Cedar,2026,11,29.091
396,Cedar,2026,12,33.828
397,Cedar Rapids,2026,1,39.82
397,Cedar Rapids,2026,2,35.063
397,Cedar Rapids,2026,3,30.168
397,Cedar Rapids,2026,4,24.582
397,Cedar Rapids,2026,5,21.013
397,Cedar Rapids,2026,6,23.682
397,Cedar Rapids,2026,7,25.284
397,Cedar Rapids,2026,8,27.378
397,Cedar Rapids,2026,9,25.067
397,Cedar Rapids,2026,10,23.246
397,Cedar Rapids,2026,11,30.017
397,Cedar Rapids,2026,12,35.689
398,Cedarhurst,2012,1,46.711
398,Cedarhurst,2012,2,43.767
398,Cedarhurst,2012,3,36.711
398,Cedarhurst,2012,4,29.835
398,Cedarhurst,2012,5,25.157
398,Cedarhurst,2012,6,28.699
398,Cedarhurst,2012,7,30.958
398,Cedarhurst,2012,8,32.782
398,Cedarhurst,2012,9,30.095
398,Cedarhurst,2012,10,28.731
398,Cedarhurst,2012,11,36.117
398,Cedarhurst,2012,12,41.89
399,Centerburg,2026,1,34.248
399,Centerburg,2026,2,33.655
399,Centerburg,2026,3,31.461
399,Centerburg,2026,4,26.952
399,Centerburg,2026,5,22.385
399,Centerburg,2026,6,25.253
399,Centerburg,2026,7,27.193
399,Centerburg,2026,8,29.789
399,Centerburg,2026,9,27.698
399,Centerburg,2026,10,24.882
399,Centerburg,2026,11,32.879
399,Centerburg,2026,12,37.275
400,Central Point,2010,1,27.406
400,Central Point,2010,2,25.867
400,Central Point,2010,3,21.773
400,Central Point,2010,4,17.79
400,Central Point,2010,5,15.43
400,Central Point,2010,6,17.313
400,Central Point,2010,7,18.824
400,Central Point,2010,8,20.234
400,Central Point,2010,9,18.651
400,Central Point,2010,10,17.053
400,Central Point,2010,11,22.556
400,Central Point,2010,12,25.22
401,"Centralia, WA",2026,1,9.275
401,"Centralia, WA",2026,2,8.125
401,"Centralia, WA",2026,3,7.442
401,"Centralia, WA",2026,4,6.325
401,"Centralia, WA",2026,5,5.25
401,"Centralia, WA",2026,6,6.091
401,"Centralia, WA",2026,7,6.386
401,"Centralia, WA",2026,8,6.487
401,"Centralia, WA",2026,9,4.276
401,"Centralia, WA",2026,10,3.963
401,"Centralia, WA",2026,11,7.31
401,"Centralia, WA",2026,12,8.415
402,Chaffee,2025,1,33.887
402,Chaffee,2025,2,32.398
402,Chaffee,2025,3,29.355
402,Chaffee,2025,4,25.141
402,Chaffee,2025,5,21.951
402,Chaffee,2025,6,24.127
402,Chaffee,2025,7,26.224
402,Chaffee,2025,8,28.943
402,Chaffee,2025,9,26.298
402,Chaffee,2025,10,25.071
402,Chaffee,2025,11,32.482
402,Chaffee,2025,12,37.507
403,Chalmette,2026,1,38.762
403,Chalmette,2026,2,34.072
403,Chalmette,2026,3,30.149
403,Chalmette,2026,4,26.273
403,Chalmette,2026,5,22.556
403,Chalmette,2026,6,24.829
403,Chalmette,2026,7,26.098
403,Chalmette,2026,8,29.023
403,Chalmette,2026,9,27.027
403,Chalmette,2026,10,24.708
403,Chalmette,2026,11,32.757
403,Chalmette,2026,12,37.275
405,"Chambersburg-Waynesboro, PA",2026,1,34.202
405,"Chambersburg-Waynesboro, PA",2026,2,33.466
405,"Chambersburg-Waynesboro, PA",2026,3,31.461
405,"Chambersburg-Waynesboro, PA",2026,4,26.952
405,"Chambersburg-Waynesboro, PA",2026,5,22.302
405,"Chambersburg-Waynesboro, PA",2026,6,24.821
405,"Chambersburg-Waynesboro, PA",2026,7,26.312
405,"Chambersburg-Waynesboro, PA",2026,8,29.023
405,"Chambersburg-Waynesboro, PA",2026,9,27.027
405,"Chambersburg-Waynesboro, PA",2026,10,24.699
405,"Chambersburg-Waynesboro, PA",2026,11,32.879
405,"Chambersburg-Waynesboro, PA",2026,12,37.275
406,Champaign,2026,1,42.76
406,Champaign,2026,2,39.342
406,Champaign,2026,3,33.537
406,Champaign,2026,4,28.299
406,Champaign,2026,5,24.166
406,Champaign,2026,6,27.279
406,Champaign,2026,7,29.801
406,Champaign,2026,8,31.977
406,Champaign,2026,9,29.446
406,Champaign,2026,10,27.306
406,Champaign,2026,11,35.268
406,Champaign,2026,12,40.539
408,Chandigarh,2025,11,115.726
408,Chandigarh,2025,12,117.026
408,Chandigarh,2026,1,120.631
408,Chandigarh,2026,2,111.615
408,Chandigarh,2026,3,103.938
408,Chandigarh,2026,4,100.275
408,Chandigarh,2026,5,95.241
408,Chandigarh,2026,6,85.983
408,Chandigarh,2026,7,75.715
408,Chandigarh,2026,8,73.928
408,Chandigarh,2026,9,73.705
408,Chandigarh,2026,10,94.836
409,Chandler,2026,1,66.471
409,Chandler,2026,2,61.677
409,Chandler,2026,3,56.533
409,Chandler,2026,4,50.992
409,Chandler,2026,5,44.764
409,Chandler,2026,6,45.94
409,Chandler,2026,7,47.729
409,Chandler,2026,8,49.069
409,Chandler,2026,9,47.367
409,Chandler,2026,10,43.964
409,Chandler,2026,11,52.22
409,Chandler,2026,12,55.235
410,Chandrapur,2025,11,98.534
410,Chandrapur,2025,12,103.862
410,Chandrapur,2026,1,107.388
410,Chandrapur,2026,2,105.048
410,Chandrapur,2026,3,97.303
410,Chandrapur,2026,4,92.594
410,Chandrapur,2026,5,85.36
410,Chandrapur,2026,6,83.544
410,Chandrapur,2026,7,77.139
410,Chandrapur,2026,8,74.802
410,Chandrapur,2026,9,72.554
410,Chandrapur,2026,10,93.38
412,Channelview,2026,1,49.26
412,Channelview,2026,2,45.75
412,Channelview,2026,3,38.491
412,Channelview,2026,4,31.744
412,Channelview,2026,5,27.272
412,Channelview,2026,6,29.513
412,Channelview,2026,7,31.93
412,Channelview,2026,8,33.505
412,Channelview,2026,9,31.072
412,Channelview,2026,10,28.481
412,Channelview,2026,11,37.276
412,Channelview,2026,12,43.072
413,Chanute,2014,1,43.845
413,Chanute,2014,2,40.96
413,Chanute,2014,3,34.475
413,Chanute,2014,4,29.72
413,Chanute,2014,5,26.413
413,Chanute,2014,6,29.624
413,Chanute,2014,7,32.002
413,Chanute,2014,8,34.346
413,Chanute,2014,9,32.278
413,Chanute,2014,10,30.71
413,Chanute,2014,11,38.571
413,Chanute,2014,12,43.939
415,Charkhi Dadri,2025,11,207.153
415,Charkhi Dadri,2025,12,190.009
415,Charkhi Dadri,2026,1,226.768
415,Charkhi Dadri,2026,2,185.6
415,Charkhi Dadri,2026,3,140.843
415,Charkhi Dadri,2026,4,137.33
415,Charkhi Dadri,2026,5,129.56
415,Charkhi Dadri,2026,6,107.845
415,Charkhi Dadri,2026,7,77.515
415,Charkhi Dadri,2026,8,75.804
415,Charkhi Dadri,2026,9,74.096
415,Charkhi Dadri,2026,10,121.726
416,Charleroi,2026,1,34.19
416,Charleroi,2026,2,32.173
416,Charleroi,2026,3,29.013
416,Charleroi,2026,4,24.891
416,Charleroi,2026,5,20.833
416,Charleroi,2026,6,23.483
416,Charleroi,2026,7,25.39
416,Charleroi,2026,8,27.246
416,Charleroi,2026,9,25.067
416,Charleroi,2026,10,23.798
416,Charleroi,2026,11,29.928
416,Charleroi,2026,12,34.526
417,Charleston,2026,1,35.2
417,Charleston,2026,2,31.776
417,Charleston,2026,3,26.427
417,Charleston,2026,4,21.664
417,Charleston,2026,5,18.6
417,Charleston,2026,6,20.525
417,Charleston,2026,7,22.444
417,Charleston,2026,8,24.359
417,Charleston,2026,9,21.736
417,Charleston,2026,10,19.361
417,Charleston,2026,11,25.136
417,Charleston,2026,12,29.165
418,"Charleston, WV",2017,1,35.305
418,"Charleston, WV",2017,2,34.155
418,"Charleston, WV",2017,3,31.236
418,"Charleston, WV",2017,4,27.427
418,"Charleston, WV",2017,5,23.098
418,"Charleston, WV",2017,6,26.629
418,"Charleston, WV",2017,7,28.563
418,"Charleston, WV",2017,8,31.144
418,"Charleston, WV",2017,9,29.502
418,"Charleston, WV",2017,10,27.403
418,"Charleston, WV",2017,11,35.399
418,"Charleston, WV",2017,12,40.611
419,"Charleston-North Charleston, SC",2026,1,38.39
419,"Charleston-North Charleston, SC",2026,2,34.56
419,"Charleston-North Charleston, SC",2026,3,30.472
419,"Charleston-North Charleston, SC",2026,4,26.273
419,"Charleston-North Charleston, SC",2026,5,22.381
419,"Charleston-North Charleston, SC",2026,6,25.468
419,"Charleston-North Charleston, SC",2026,7,27.407
419,"Charleston-North Charleston, SC",2026,8,29.789
419,"Charleston-North Charleston, SC",2026,9,27.698
419,"Charleston-North Charleston, SC",2026,10,25.21
419,"Charleston-North Charleston, SC",2026,11,33.305
419,"Charleston-North Charleston, SC",2026,12,38.312
421,Charlotte,2026,1,42.975
421,Charlotte,2026,2,39.01
421,Charlotte,2026,3,33.177
421,Charlotte,2026,4,28.537
421,Charlotte,2026,5,24.467
421,Charlotte,2026,6,26.574
421,Charlotte,2026,7,29.112
421,Charlotte,2026,8,31.635
421,Charlotte,2026,9,29.22
421,Charlotte,2026,10,26.517
421,Charlotte,2026,11,34.725
421,Charlotte,2026,12,37.88
422,Charlotte Amalie,2020,1,40.448
422,Charlotte Amalie,2020,2,36.015
422,Charlotte Amalie,2020,3,30.592
422,Charlotte Amalie,2020,4,24.45
422,Charlotte Amalie,2020,5,20.549
422,Charlotte Amalie,2020,6,22.85
422,Charlotte Amalie,2020,7,24.459
422,Charlotte Amalie,2020,8,26.024
422,Charlotte Amalie,2020,9,24.233
422,Charlotte Amalie,2020,10,21.951
422,Charlotte Amalie,2020,11,28.806
422,Charlotte Amalie,2020,12,32.834
423,"Charlotte-Concord-Gastonia, NC-SC",2026,1,45.535
423,"Charlotte-Concord-Gastonia, NC-SC",2026,2,42.532
423,"Charlotte-Concord-Gastonia, NC-SC",2026,3,35.693
423,"Charlotte-Concord-Gastonia, NC-SC",2026,4,29.491
423,"Charlotte-Concord-Gastonia, NC-SC",2026,5,25.018
423,"Charlotte-Concord-Gastonia, NC-SC",2026,6,28.186
423,"Charlotte-Concord-Gastonia, NC-SC",2026,7,30.836
423,"Charlotte-Concord-Gastonia, NC-SC",2026,8,32.655
423,"Charlotte-Concord-Gastonia, NC-SC",2026,9,30.06
423,"Charlotte-Concord-Gastonia, NC-SC",2026,10,28.864
423,"Charlotte-Concord-Gastonia, NC-SC",2026,11,36.019
423,"Charlotte-Concord-Gastonia, NC-SC",2026,12,41.782
425,"Charlottesville, VA",2026,1,37.356
425,"Charlottesville, VA",2026,2,33.142
425,"Charlottesville, VA",2026,3,28.796
425,"Charlottesville, VA",2026,4,22.951
425,"Charlottesville, VA",2026,5,19.826
425,"Charlottesville, VA",2026,6,21.458
425,"Charlottesville, VA",2026,7,23.437
425,"Charlottesville, VA",2026,8,25.304
425,"Charlottesville, VA",2026,9,22.771
425,"Charlottesville, VA",2026,10,20.792
425,"Charlottesville, VA",2026,11,26.479
425,"Charlottesville, VA",2026,12,31.055
426,Charlton,2026,1,31.183
426,Charlton,2026,2,29.702
426,Charlton,2026,3,25.367
426,Charlton,2026,4,21.015
426,Charlton,2026,5,18.268
426,Charlton,2026,6,20.485
426,Charlton,2026,7,22.549
426,Charlton,2026,8,24.246
426,Charlton,2026,9,21.541
426,Charlton,2026,10,19.853
426,Charlton,2026,11,25.402
426,Charlton,2026,12,29.165
427,Chatsworth,2026,1,23.062
427,Chatsworth,2026,2,20.98
427,Chatsworth,2026,3,16.813
427,Chatsworth,2026,4,13.69
427,Chatsworth,2026,5,11.893
427,Chatsworth,2026,6,12.629
427,Chatsworth,2026,7,13.181
427,Chatsworth,2026,8,14.21
427,Chatsworth,2026,9,13.07
427,Chatsworth,2026,10,12.054
427,Chatsworth,2026,11,15.65
427,Chatsworth,2026,12,18.01
428,Chattanooga,2026,1,39.82
428,Chattanooga,2026,2,35.828
428,Chattanooga,2026,3,30.58
428,Chattanooga,2026,4,24.582
428,Chattanooga,2026,5,20.874
428,Chattanooga,2026,6,23.528
428,Chattanooga,2026,7,25.39
428,Chattanooga,2026,8,27.284
428,Chattanooga,2026,9,25.067
428,Chattanooga,2026,10,23.798
428,Chattanooga,2026,11,29.896
428,Chattanooga,2026,12,34.526
429,"Chattanooga, TN-GA",2020,1,44.731
429,"Chattanooga, TN-GA",2020,2,41.716
429,"Chattanooga, TN-GA",2020,3,35.468
429,"Chattanooga, TN-GA",2020,4,30.103
429,"Chattanooga, TN-GA",2020,5,26.033
429,"Chattanooga, TN-GA",2020,6,29.383
429,"Chattanooga, TN-GA",2020,7,31.878
429,"Chattanooga, TN-GA",2020,8,33.406
429,"Chattanooga, TN-GA",2020,9,31.254
429,"Chattanooga, TN-GA",2020,10,29.453
429,"Chattanooga, TN-GA",2020,11,37.568
429,"Chattanooga, TN-GA",2020,12,43.072
430,Cheektowaga,2026,1,38.807
430,Cheektowaga,2026,2,34.874
430,Cheektowaga,2026,3,30.504
430,Cheektowaga,2026,4,26.273
430,Cheektowaga,2026,5,22.39
430,Cheektowaga,2026,6,25.824
430,Cheektowaga,2026,7,27.407
430,Cheektowaga,2026,8,29.831
430,Cheektowaga,2026,9,27.698
430,Cheektowaga,2026,10,25.434
430,Cheektowaga,2026,11,33.305
430,Cheektowaga,2026,12,38.312
431,Chehalis,2026,1,23.713
431,Chehalis,2026,2,20.443
431,Chehalis,2026,3,16.768
431,Chehalis,2026,4,13.67
431,Chehalis,2026,5,11.893
431,Chehalis,2026,6,12.779
431,Chehalis,2026,7,13.181
431,Chehalis,2026,8,14.21
431,Chehalis,2026,9,13.025
431,Chehalis,2026,10,12.215
431,Chehalis,2026,11,15.613
431,Chehalis,2026,12,18.01
432,Chelan,2026,1,20.69
432,Chelan,2026,2,17.595
432,Chelan,2026,3,14.7
432,Chelan,2026,4,11.891
432,Chelan,2026,5,10.006
432,Chelan,2026,6,11.478
432,Chelan,2026,7,12.342
432,Chelan,2026,8,13.164
432,Chelan,2026,9,11.57
432,Chelan,2026,10,10.276
432,Chelan,2026,11,13.304
432,Chelan,2026,12,15.748
433,Chelmsford (Chelmsford Center),2026,1,34.076
433,Chelmsford (Chelmsford Center),2026,2,33.709
433,Chelmsford (Chelmsford Center),2026,3,31.346
433,Chelmsford (Chelmsford Center),2026,4,27.19
433,Chelmsford (Chelmsford Center),2026,5,23.524
433,Chelmsford (Chelmsford Center),2026,6,25.76
433,Chelmsford (Chelmsford Center),2026,7,27.467
433,Chelmsford (Chelmsford Center),2026,8,29.831
433,Chelmsford (Chelmsford Center),2026,9,27.446
433,Chelmsford (Chelmsford Center),2026,10,24.708
433,Chelmsford (Chelmsford Center),2026,11,32.757
433,Chelmsford (Chelmsford Center),2026,12,37.275
434,Cheney,2020,1,23.27
434,Cheney,2020,2,20.98
434,Cheney,2020,3,16.813
434,Cheney,2020,4,13.69
434,Cheney,2020,5,11.893
434,Cheney,2020,6,12.629
434,Cheney,2020,7,13.181
434,Cheney,2020,8,14.21
434,Cheney,2020,9,13.07
434,Cheney,2020,10,12.054
434,Cheney,2020,11,15.65
434,Cheney,2020,12,18.01
436,Chengdu,2026,1,112.926
436,Chengdu,2026,2,107.443
436,Chengdu,2026,3,95.804
436,Chengdu,2026,4,83.486
436,Chengdu,2026,5,75.907
436,Chengdu,2026,6,78.478
436,Chengdu,2026,7,82.402
436,Chengdu,2026,8,85.366
436,Chengdu,2026,9,83.634
436,Chengdu,2026,10,83.213
436,Chengdu,2026,11,103.947
436,Chengdu,2026,12,120.818
437,Chennai,2025,11,85.426
437,Chennai,2025,12,91.628
437,Chennai,2026,1,95.762
437,Chennai,2026,2,91.425
437,Chennai,2026,3,85.186
437,Chennai,2026,4,82.536
437,Chennai,2026,5,76.165
437,Chennai,2026,6,75.055
437,Chennai,2026,7,69.914
437,Chennai,2026,8,70.685
437,Chennai,2026,9,69.137
437,Chennai,2026,10,84.729
438,Cherry Tree,2026,1,44.823
438,Cherry Tree,2026,2,40.582
438,Cherry Tree,2026,3,34.548
438,Cherry Tree,2026,4,29.649
438,Cherry Tree,2026,5,26.758
438,Cherry Tree,2026,6,28.631
438,Cherry Tree,2026,7,31.347
438,Cherry Tree,2026,8,33.505
438,Cherry Tree,2026,9,31.072
438,Cherry Tree,2026,10,28.401
438,Cherry Tree,2026,11,37.266
438,Cherry Tree,2026,12,43.072
439,Cheshire,2026,1,34.065
439,Cheshire,2026,2,33.697
439,Cheshire,2026,3,31.181
439,Cheshire,2026,4,26.966
439,Cheshire,2026,5,22.458
439,Cheshire,2026,6,25.751
439,Cheshire,2026,7,27.318
439,Cheshire,2026,8,29.793
439,Cheshire,2026,9,27.61
439,Cheshire,2026,10,25.434
439,Cheshire,2026,11,33.337
439,Cheshire,2026,12,38.312
440,Chester,2026,1,39.82
440,Chester,2026,2,35.828
440,Chester,2026,3,30.613
440,Chester,2026,4,24.582
440,Chester,2026,5,20.874
440,Chester,2026,6,23.528
440,Chester,2026,7,25.39
440,Chester,2026,8,27.284
440,Chester,2026,9,25.067
440,Chester,2026,10,23.798
440,Chester,2026,11,29.896
440,Chester,2026,12,34.526
441,Chesterfield,2026,1,40.591
441,Chesterfield,2026,2,36.015
441,Chesterfield,2026,3,30.592
441,Chesterfield,2026,4,24.47
441,Chesterfield,2026,5,20.855
441,Chesterfield,2026,6,22.861
441,Chesterfield,2026,7,24.448
441,Chesterfield,2026,8,26.118
441,Chesterfield,2026,9,24.428
441,Chesterfield,2026,10,21.951
441,Chesterfield,2026,11,28.806
441,Chesterfield,2026,12,32.834
442,Cheyenne,2026,1,18.984
442,Cheyenne,2026,2,15.56
442,Cheyenne,2026,3,13.089
442,Cheyenne,2026,4,10.982
442,Cheyenne,2026,5,9.201
442,Cheyenne,2026,6,10.27
442,Cheyenne,2026,7,11.404
442,Cheyenne,2026,8,12.325
442,Cheyenne,2026,9,10.524
442,Cheyenne,2026,10,9.108
442,Cheyenne,2026,11,12.068
442,Cheyenne,2026,12,14.013
447,Chiang Mai,2026,1,106.003
447,Chiang Mai,2026,2,100.104
447,Chiang Mai,2026,3,93.826
447,Chiang Mai,2026,4,89.796
447,Chiang Mai,2026,5,83.236
447,Chiang Mai,2026,6,80.942
447,Chiang Mai,2026,7,73.203
447,Chiang Mai,2026,8,72.196
447,Chiang Mai,2026,9,71.987
447,Chiang Mai,2026,10,88.507
447,Chiang Mai,2026,11,102.795
447,Chiang Mai,2026,12,105.995
448,Chicago,2026,1,47.469
448,Chicago,2026,2,43.344
448,Chicago,2026,3,36.375
448,Chicago,2026,4,29.689
448,Chicago,2026,5,25.356
448,Chicago,2026,6,28.051
448,Chicago,2026,7,30.966
448,Chicago,2026,8,32.693
448,Chicago,2026,9,30.148
448,Chicago,2026,10,28.126
448,Chicago,2026,11,36.146
448,Chicago,2026,12,41.782
449,"Chicago-Naperville-Elgin, IL-IN-WI",2026,1,34.065
449,"Chicago-Naperville-Elgin, IL-IN-WI",2026,2,33.84
449,"Chicago-Naperville-Elgin, IL-IN-WI",2026,3,31.181
449,"Chicago-Naperville-Elgin, IL-IN-WI",2026,4,27.157
449,"Chicago-Naperville-Elgin, IL-IN-WI",2026,5,22.777
449,"Chicago-Naperville-Elgin, IL-IN-WI",2026,6,26.005
449,"Chicago-Naperville-Elgin, IL-IN-WI",2026,7,28.187
449,"Chicago-Naperville-Elgin, IL-IN-WI",2026,8,30.999
449,"Chicago-Naperville-Elgin, IL-IN-WI",2026,9,28.705
449,"Chicago-Naperville-Elgin, IL-IN-WI",2026,10,26.41
449,"Chicago-Naperville-Elgin, IL-IN-WI",2026,11,34.522
449,"Chicago-Naperville-Elgin, IL-IN-WI",2026,12,37.88
450,Chickasaw,2026,1,39.029
450,Chickasaw,2026,2,35.865
450,Chickasaw,2026,3,30.18
450,Chickasaw,2026,4,24.874
450,Chickasaw,2026,5,20.951
450,Chickasaw,2026,6,22.972
450,Chickasaw,2026,7,24.448
450,Chickasaw,2026,8,26.137
450,Chickasaw,2026,9,24.539
450,Chickasaw,2026,10,22.031
450,Chickasaw,2026,11,28.903
450,Chickasaw,2026,12,32.834
451,Chico,2026,1,41.445
451,Chico,2026,2,37.858
451,Chico,2026,3,31.366
451,Chico,2026,4,25.526
451,Chico,2026,5,21.696
451,Chico,2026,6,24.507
451,Chico,2026,7,26.312
451,Chico,2026,8,29.023
451,Chico,2026,9,27.027
451,Chico,2026,10,25.434
451,Chico,2026,11,33.305
451,Chico,2026,12,38.312
452,"Chico, CA",2026,1,33.935
452,"Chico, CA",2026,2,32.398
452,"Chico, CA",2026,3,28.923
452,"Chico, CA",2026,4,23.561
452,"Chico, CA",2026,5,20.225
452,"Chico, CA",2026,6,22.555
452,"Chico, CA",2026,7,24.371
452,"Chico, CA",2026,8,25.986
452,"Chico, CA",2026,9,23.224
452,"Chico, CA",2026,10,21.349
452,"Chico, CA",2026,11,26.854
452,"Chico, CA",2026,12,31.415
453,Chicopee,2026,1,34.076
453,Chicopee,2026,2,33.466
453,Chicopee,2026,3,31.389
453,Chicopee,2026,4,26.972
453,Chicopee,2026,5,22.862
453,Chicopee,2026,6,24.84
453,Chicopee,2026,7,26.207
453,Chicopee,2026,8,29.023
453,Chicopee,2026,9,27.027
453,Chicopee,2026,10,24.708
453,Chicopee,2026,11,32.757
453,Chicopee,2026,12,37.275
454,Chikkaballapur,2025,10,47.504
454,Chikkaballapur,2025,11,59.585
454,Chikkaballapur,2025,12,62.71
454,Chikkaballapur,2026,1,68.317
454,Chikkaballapur,2026,2,70.533
454,Chikkaballapur,2026,3,64.899
454,Chikkaballapur,2026,4,62.02
454,Chikkaballapur,2026,5,60.482
454,Chikkaballapur,2026,6,56.787
454,Chikkaballapur,2026,7,51.245
454,Chikkaballapur,2026,8,51.68
454,Chikkaballapur,2026,9,53.396
455,Chikkamagaluru,2025,11,57.545
455,Chikkamagaluru,2025,12,70.695
455,Chikkamagaluru,2026,1,71.847
455,Chikkamagaluru,2026,2,70.369
455,Chikkamagaluru,2026,3,66.356
455,Chikkamagaluru,2026,4,63.12
455,Chikkamagaluru,2026,5,58.638
455,Chikkamagaluru,2026,6,55.586
455,Chikkamagaluru,2026,7,51.234
455,Chikkamagaluru,2026,8,51.973
455,Chikkamagaluru,2026,9,53.737
455,Chikkamagaluru,2026,10,82.22
456,Childersburg,2018,1,45.668
456,Childersburg,2018,2,42.094
456,Childersburg,2018,3,35.643
456,Childersburg,2018,4,29.475
456,Childersburg,2018,5,25.671
456,Childersburg,2018,6,27.792
456,Childersburg,2018,7,30.24
456,Childersburg,2018,8,32.8
456,Childersburg,2018,9,29.979
456,Childersburg,2018,10,26.511
456,Childersburg,2018,11,34.825
456,Childersburg,2018,12,37.956
457,China Grove,2014,1,34.524
457,China Grove,2014,2,33.941
457,China Grove,2014,3,31.429
457,China Grove,2014,4,27.271
457,China Grove,2014,5,23.57
457,China Grove,2014,6,25.777
457,China Grove,2014,7,27.601
457,China Grove,2014,8,29.895
457,China Grove,2014,9,27.529
457,China Grove,2014,10,24.852
457,China Grove,2014,11,32.856
457,China Grove,2014,12,37.339
460,Chittagong,2026,1,168.653
460,Chittagong,2026,2,152.548
460,Chittagong,2026,3,140.055
460,Chittagong,2026,4,130.259
460,Chittagong,2026,5,124.014
460,Chittagong,2026,6,108.107
460,Chittagong,2026,7,89.395
460,Chittagong,2026,8,88.937
460,Chittagong,2026,9,87.09
460,Chittagong,2026,10,99.906
460,Chittagong,2026,11,121.858
460,Chittagong,2026,12,123.336
461,Chittoor,2025,11,126.399
461,Chittoor,2025,12,125.96
461,Chittoor,2026,1,126.035
461,Chittoor,2026,2,114.601
461,Chittoor,2026,3,104.618
461,Chittoor,2026,4,100.144
461,Chittoor,2026,5,94.545
461,Chittoor,2026,6,84.605
461,Chittoor,2026,7,75.718
461,Chittoor,2026,8,73.081
461,Chittoor,2026,9,73.459
461,Chittoor,2026,10,92.162
463,Choctaw,2026,1,33.823
463,Choctaw,2026,2,32.398
463,Choctaw,2026,3,28.923
463,Choctaw,2026,4,23.32
463,Choctaw,2026,5,20.225
463,Choctaw,2026,6,22.517
463,Choctaw,2026,7,24.371
463,Choctaw,2026,8,25.986
463,Choctaw,2026,9,23.224
463,Choctaw,2026,10,21.349
463,Choctaw,2026,11,26.854
463,Choctaw,2026,12,31.415
464,Chongqing,2026,1,118.108
464,Chongqing,2026,2,105.06
464,Chongqing,2026,3,89.769
464,Chongqing,2026,4,78.575
464,Chongqing,2026,5,71.885
464,Chongqing,2026,6,72.155
464,Chongqing,2026,7,74.69
464,Chongqing,2026,8,76.195
464,Chongqing,2026,9,76.062
464,Chongqing,2026,10,75.614
464,Chongqing,2026,11,88.855
464,Chongqing,2026,12,104.201
468,Chula Vista,2025,1,49.213
468,Chula Vista,2025,2,45.495
468,Chula Vista,2025,3,38.491
468,Chula Vista,2025,4,31.744
468,Chula Vista,2025,5,27.272
468,Chula Vista,2025,6,29.521
468,Chula Vista,2025,7,31.93
468,Chula Vista,2025,8,33.505
468,Chula Vista,2025,9,31.072
468,Chula Vista,2025,10,28.489
468,Chula Vista,2025,11,37.266
468,Chula Vista,2025,12,43.072
471,Cicero,2026,1,44.304
471,Cicero,2026,2,40.229
471,Cicero,2026,3,34.528
471,Cicero,2026,4,29.603
471,Cicero,2026,5,26.403
471,Cicero,2026,6,28.601
471,Cicero,2026,7,31.452
471,Cicero,2026,8,33.505
471,Cicero,2026,9,31.127
471,Cicero,2026,10,28.401
471,Cicero,2026,11,37.388
471,Cicero,2026,12,43.072
472,Cincinnati,2026,1,45.958
472,Cincinnati,2026,2,42.283
472,Cincinnati,2026,3,35.693
472,Cincinnati,2026,4,29.491
472,Cincinnati,2026,5,25.039
472,Cincinnati,2026,6,28.492
472,Cincinnati,2026,7,30.836
472,Cincinnati,2026,8,32.655
472,Cincinnati,2026,9,30.06
472,Cincinnati,2026,10,28.864
472,Cincinnati,2026,11,36.019
472,Cincinnati,2026,12,41.782
473,"Cincinnati, OH-KY-IN",2026,1,34.202
473,"Cincinnati, OH-KY-IN",2026,2,33.466
473,"Cincinnati, OH-KY-IN",2026,3,31.389
473,"Cincinnati, OH-KY-IN",2026,4,26.952
473,"Cincinnati, OH-KY-IN",2026,5,22.559
473,"Cincinnati, OH-KY-IN",2026,6,24.829
473,"Cincinnati, OH-KY-IN",2026,7,26.207
473,"Cincinnati, OH-KY-IN",2026,8,29.023
473,"Cincinnati, OH-KY-IN",2026,9,27.027
473,"Cincinnati, OH-KY-IN",2026,10,24.708
473,"Cincinnati, OH-KY-IN",2026,11,32.757
473,"Cincinnati, OH-KY-IN",2026,12,37.275
475,Ciudad-Juarez,2015,1,111.928
475,Ciudad-Juarez,2015,2,103.758
475,Ciudad-Juarez,2015,3,94.318
475,Ciudad-Juarez,2015,4,83.728
475,Ciudad-Juarez,2015,5,76.256
475,Ciudad-Juarez,2015,6,78.916
475,Ciudad-Juarez,2015,7,80.716
475,Ciudad-Juarez,2015,8,80.742
475,Ciudad-Juarez,2015,9,77.061
475,Ciudad-Juarez,2015,10,76.789
475,Ciudad-Juarez,2015,11,85.565
475,Ciudad-Juarez,2015,12,95.773
476,Claiborne,2026,1,34.065
476,Claiborne,2026,2,33.654
476,Claiborne,2026,3,31.201
476,Claiborne,2026,4,26.966
476,Claiborne,2026,5,22.267
476,Claiborne,2026,6,25.658
476,Claiborne,2026,7,27.407
476,Claiborne,2026,8,29.789
476,Claiborne,2026,9,27.698
476,Claiborne,2026,10,25.434
476,Claiborne,2026,11,33.337
476,Claiborne,2026,12,38.312
477,Clairton,2026,1,37.356
477,Clairton,2026,2,33.142
477,Clairton,2026,3,28.796
477,Clairton,2026,4,22.951
477,Clairton,2026,5,19.826
477,Clairton,2026,6,21.458
477,Clairton,2026,7,23.223
477,Clairton,2026,8,25.21
477,Clairton,2026,9,22.771
477,Clairton,2026,10,20.5
477,Clairton,2026,11,26.479
477,Clairton,2026,12,31.055
479,"Claremont-Lebanon, NH-VT",2026,1,34.248
479,"Claremont-Lebanon, NH-VT",2026,2,33.665
479,"Claremont-Lebanon, NH-VT",2026,3,31.444
479,"Claremont-Lebanon, NH-VT",2026,4,26.952
479,"Claremont-Lebanon, NH-VT",2026,5,22.532
479,"Claremont-Lebanon, NH-VT",2026,6,25.534
479,"Claremont-Lebanon, NH-VT",2026,7,27.407
479,"Claremont-Lebanon, NH-VT",2026,8,29.831
479,"Claremont-Lebanon, NH-VT",2026,9,27.698
479,"Claremont-Lebanon, NH-VT",2026,10,25.152
479,"Claremont-Lebanon, NH-VT",2026,11,33.378
479,"Claremont-Lebanon, NH-VT",2026,12,38.312
480,Clarion,2010,1,50.435
480,Clarion,2010,2,46.872
480,Clarion,2010,3,39.071
480,Clarion,2010,4,32.912
480,Clarion,2010,5,28.37
480,Clarion,2010,6,31.455
480,Clarion,2010,7,34.122
480,Clarion,2010,8,35.74
480,Clarion,2010,9,33.51
480,Clarion,2010,10,31.917
480,Clarion,2010,11,39.013
480,Clarion,2010,12,45.032
481,Clark,2026,1,34.06
481,Clark,2026,2,33.709
481,Clark,2026,3,31.299
481,Clark,2026,4,27.223
481,Clark,2026,5,23.446
481,Clark,2026,6,25.848
481,Clark,2026,7,27.467
481,Clark,2026,8,29.831
481,Clark,2026,9,27.473
481,Clark,2026,10,24.796
481,Clark,2026,11,32.757
481,Clark,2026,12,37.275
482,Clarksburg,2026,1,34.937
482,Clarksburg,2026,2,31.616
482,Clarksburg,2026,3,28.44
482,Clarksburg,2026,4,23.431
482,Clarksburg,2026,5,20.389
482,Clarksburg,2026,6,22.668
482,Clarksburg,2026,7,24.448
482,Clarksburg,2026,8,26.137
482,Clarksburg,2026,9,24.539
482,Clarksburg,2026,10,22.031
482,Clarksburg,2026,11,28.903
482,Clarksburg,2026,12,32.834
483,Clarkston,2026,1,38.709
483,Clarkston,2026,2,34.719
483,Clarkston,2026,3,30.614
483,Clarkston,2026,4,26.467
483,Clarkston,2026,5,22.131
483,Clarkston,2026,6,25.073
483,Clarkston,2026,7,27.225
483,Clarkston,2026,8,29.751
483,Clarkston,2026,9,27.61
483,Clarkston,2026,10,25.786
483,Clarkston,2026,11,33.337
483,Clarkston,2026,12,38.312
484,Clarksville,2026,1,33.289
484,Clarksville,2026,2,31.622
484,Clarksville,2026,3,27.377
484,Clarksville,2026,4,22.306
484,Clarksville,2026,5,19.398
484,Clarksville,2026,6,21.259
484,Clarksville,2026,7,23.332
484,Clarksville,2026,8,25.304
484,Clarksville,2026,9,22.771
484,Clarksville,2026,10,20.41
484,Clarksville,2026,11,26.149
484,Clarksville,2026,12,31.055
485,"Clarksville, TN-KY",2026,1,36.998
485,"Clarksville, TN-KY",2026,2,32.824
485,"Clarksville, TN-KY",2026,3,27.645
485,"Clarksville, TN-KY",2026,4,22.36
485,"Clarksville, TN-KY",2026,5,19.905
485,"Clarksville, TN-KY",2026,6,21.358
485,"Clarksville, TN-KY",2026,7,23.332
485,"Clarksville, TN-KY",2026,8,25.304
485,"Clarksville, TN-KY",2026,9,22.844
485,"Clarksville, TN-KY",2026,10,20.498
485,"Clarksville, TN-KY",2026,11,26.149
485,"Clarksville, TN-KY",2026,12,31.055
486,Clearwater,2026,1,34.076
486,Clearwater,2026,2,33.709
486,Clearwater,2026,3,31.299
486,Clearwater,2026,4,27.223
486,Clearwater,2026,5,23.446
486,Clearwater,2026,6,25.848
486,Clearwater,2026,7,27.467
486,Clearwater,2026,8,29.831
486,Clearwater,2026,9,27.473
486,Clearwater,2026,10,24.796
486,Clearwater,2026,11,32.757
486,Clearwater,2026,12,37.275
487,Cleburne,2026,1,34.248
487,Cleburne,2026,2,33.61
487,Cleburne,2026,3,31.444
487,Cleburne,2026,4,26.952
487,Cleburne,2026,5,22.385
487,Cleburne,2026,6,25.468
487,Cleburne,2026,7,27.407
487,Cleburne,2026,8,29.789
487,Cleburne,2026,9,27.698
487,Cleburne,2026,10,25.21
487,Cleburne,2026,11,33.305
487,Cleburne,2026,12,38.312
488,Clermont,2026,1,34.248
488,Clermont,2026,2,33.654
488,Clermont,2026,3,31.419
488,Clermont,2026,4,26.952
488,Clermont,2026,5,22.353
488,Clermont,2026,6,25.703
488,Clermont,2026,7,27.407
488,Clermont,2026,8,29.789
488,Clermont,2026,9,27.698
488,Clermont,2026,10,25.434
488,Clermont,2026,11,33.305
488,Clermont,2026,12,38.312
489,Cleveland,2026,1,40.925
489,Cleveland,2026,2,36.881
489,Cleveland,2026,3,31.078
489,Cleveland,2026,4,25.563
489,Cleveland,2026,5,21.688
489,Cleveland,2026,6,24.402
489,Cleveland,2026,7,26.312
489,Cleveland,2026,8,28.981
489,Cleveland,2026,9,26.386
489,Cleveland,2026,10,24.495
489,Cleveland,2026,11,32.082
489,Cleveland,2026,12,37.275
490,"Cleveland, TN",2013,1,47.662
490,"Cleveland, TN",2013,2,44.878
490,"Cleveland, TN",2013,3,37.504
490,"Cleveland, TN",2013,4,30.71
490,"Cleveland, TN",2013,5,25.899
490,"Cleveland, TN",2013,6,28.42
490,"Cleveland, TN",2013,7,30.958
490,"Cleveland, TN",2013,8,32.782
490,"Cleveland, TN",2013,9,30.095
490,"Cleveland, TN",2013,10,28.94
490,"Cleveland, TN",2013,11,36.117
490,"Cleveland, TN",2013,12,41.89
491,"Cleveland-Elyria, OH",2026,1,38.807
491,"Cleveland-Elyria, OH",2026,2,34.56
491,"Cleveland-Elyria, OH",2026,3,30.472
491,"Cleveland-Elyria, OH",2026,4,26.273
491,"Cleveland-Elyria, OH",2026,5,22.381
491,"Cleveland-Elyria, OH",2026,6,25.647
491,"Cleveland-Elyria, OH",2026,7,27.407
491,"Cleveland-Elyria, OH",2026,8,29.789
491,"Cleveland-Elyria, OH",2026,9,27.698
491,"Cleveland-Elyria, OH",2026,10,25.21
491,"Cleveland-Elyria, OH",2026,11,33.305
491,"Cleveland-Elyria, OH",2026,12,38.312
492,Cleves,2026,1,38.032
492,Cleves,2026,2,35.238
492,Cleves,2026,3,30.361
492,Cleves,2026,4,24.82
492,Cleves,2026,5,21.134
492,Cleves,2026,6,23.494
492,Cleves,2026,7,25.393
492,Cleves,2026,8,27.378
492,Cleves,2026,9,25.112
492,Cleves,2026,10,23.072
492,Cleves,2026,11,29.687
492,Cleves,2026,12,34.526
493,Clifton,2016,1,38.976
493,Clifton,2016,2,35.157
493,Clifton,2016,3,30.866
493,Clifton,2016,4,24.609
493,Clifton,2016,5,20.957
493,Clifton,2016,6,23.625
493,Clifton,2016,7,25.42
493,Clifton,2016,8,27.391
493,Clifton,2016,9,25.123
493,Clifton,2016,10,23.854
493,Clifton,2016,11,29.996
493,Clifton,2016,12,34.625
494,Clinton,2026,1,42.425
494,Clinton,2026,2,38.51
494,Clinton,2026,3,32.133
494,Clinton,2026,4,26.699
494,Clinton,2026,5,22.302
494,Clinton,2026,6,24.829
494,Clinton,2026,7,26.098
494,Clinton,2026,8,29.023
494,Clinton,2026,9,27.027
494,Clinton,2026,10,24.708
494,Clinton,2026,11,32.879
494,Clinton,2026,12,37.275
495,Clive,2020,1,37.173
495,Clive,2020,2,33.682
495,Clive,2020,3,28.998
495,Clive,2020,4,23.221
495,Clive,2020,5,20.225
495,Clive,2020,6,22.322
495,Clive,2020,7,24.371
495,Clive,2020,8,25.986
495,Clive,2020,9,23.224
495,Clive,2020,10,21.627
495,Clive,2020,11,26.854
495,Clive,2020,12,31.415
496,Cloquet,2026,1,23.799
496,Cloquet,2026,2,20.443
496,Cloquet,2026,3,16.813
496,Cloquet,2026,4,13.69
496,Cloquet,2026,5,11.893
496,Cloquet,2026,6,12.629
496,Cloquet,2026,7,13.181
496,Cloquet,2026,8,14.21
496,Cloquet,2026,9,13.025
496,Cloquet,2026,10,12.054
496,Cloquet,2026,11,15.65
496,Cloquet,2026,12,18.01
497,Cloverdale,2026,1,19.76
497,Cloverdale,2026,2,17.031
497,Cloverdale,2026,3,14.363
497,Cloverdale,2026,4,11.891
497,Cloverdale,2026,5,10.006
497,Cloverdale,2026,6,11.328
497,Cloverdale,2026,7,12.342
497,Cloverdale,2026,8,13.164
497,Cloverdale,2026,9,11.57
497,Cloverdale,2026,10,10.115
497,Cloverdale,2026,11,13.219
497,Cloverdale,2026,12,15.748
498,Clovis,2026,1,68.223
498,Clovis,2026,2,63.421
498,Clovis,2026,3,58.023
498,Clovis,2026,4,53.506
498,Clovis,2026,5,50.012
498,Clovis,2026,6,50.309
498,Clovis,2026,7,51.052
498,Clovis,2026,8,52.169
498,Clovis,2026,9,50.051
498,Clovis,2026,10,45.938
498,Clovis,2026,11,53.242
498,Clovis,2026,12,56.545
499,Cobb,2020,1,16.55
499,Cobb,2020,2,13.962
499,Cobb,2020,3,11.763
499,Cobb,2020,4,9.271
499,Cobb,2020,5,8.285
499,Cobb,2020,6,9.386
499,Cobb,2020,7,10.295
499,Cobb,2020,8,11.424
499,Cobb,2020,9,9.712
499,Cobb,2020,10,8.402
499,Cobb,2020,11,10.988
499,Cobb,2020,12,11.981
500,Cockeysville,2026,1,36.276
500,Cockeysville,2026,2,32.969
500,Cockeysville,2026,3,27.442
500,Cockeysville,2026,4,22.365
500,Cockeysville,2026,5,19.703
500,Cockeysville,2026,6,21.23
500,Cockeysville,2026,7,23.348
500,Cockeysville,2026,8,25.191
500,Cockeysville,2026,9,22.489
500,Cockeysville,2026,10,20.803
500,Cockeysville,2026,11,26.236
500,Cockeysville,2026,12,31.055
501,"Coco, PR",2018,1,34.885
501,"Coco, PR",2018,2,33.82
501,"Coco, PR",2018,3,31.57
501,"Coco, PR",2018,4,26.979
501,"Coco, PR",2018,5,22.425
501,"Coco, PR",2018,6,24.953
501,"Coco, PR",2018,7,26.435
501,"Coco, PR",2018,8,29.087
501,"Coco, PR",2018,9,27.083
501,"Coco, PR",2018,10,24.764
501,"Coco, PR",2018,11,32.978
501,"Coco, PR",2018,12,37.375
502,Cocoa Beach,2026,1,34.202
502,Cocoa Beach,2026,2,33.466
502,Cocoa Beach,2026,3,31.389
502,Cocoa Beach,2026,4,26.972
502,Cocoa Beach,2026,5,22.559
502,Cocoa Beach,2026,6,24.829
502,Cocoa Beach,2026,7,26.207
502,Cocoa Beach,2026,8,29.023
502,Cocoa Beach,2026,9,27.027
502,Cocoa Beach,2026,10,24.708
502,Cocoa Beach,2026,11,32.757
502,Cocoa Beach,2026,12,37.275
503,Coconut Creek,2026,1,33.845
503,Coconut Creek,2026,2,32.443
503,Coconut Creek,2026,3,29.355
503,Coconut Creek,2026,4,25.141
503,Coconut Creek,2026,5,21.925
503,Coconut Creek,2026,6,23.851
503,Coconut Creek,2026,7,25.316
503,Coconut Creek,2026,8,27.219
503,Coconut Creek,2026,9,24.978
503,Coconut Creek,2026,10,22.974
503,Coconut Creek,2026,11,28.955
503,Coconut Creek,2026,12,32.841
505,Cody,2026,1,16.587
505,Cody,2026,2,13.983
505,Cody,2026,3,11.573
505,Cody,2026,4,9.287
505,Cody,2026,5,8.244
505,Cody,2026,6,9.386
505,Cody,2026,7,10.295
505,Cody,2026,8,11.424
505,Cody,2026,9,9.712
505,Cody,2026,10,8.192
505,Cody,2026,11,11.102
505,Cody,2026,12,13.008
506,Coeur d'Alene,2010,1,35.659
506,Coeur d'Alene,2010,2,32.101
506,Coeur d'Alene,2010,3,28.033
506,Coeur d'Alene,2010,4,23.504
506,Coeur d'Alene,2010,5,20.795
506,Coeur d'Alene,2010,6,22.674
506,Coeur d'Alene,2010,7,24.704
506,Coeur d'Alene,2010,8,26.059
506,Coeur d'Alene,2010,9,24.3
506,Coeur d'Alene,2010,10,22.107
506,Coeur d'Alene,2010,11,29.004
506,Coeur d'Alene,2010,12,33.869
507,"Coeur d'Alene, ID",2026,1,29.778
507,"Coeur d'Alene, ID",2026,2,27.076
507,"Coeur d'Alene, ID",2026,3,23.027
507,"Coeur d'Alene, ID",2026,4,19.76
507,"Coeur d'Alene, ID",2026,5,16.712
507,"Coeur d'Alene, ID",2026,6,18.927
507,"Coeur d'Alene, ID",2026,7,19.59
507,"Coeur d'Alene, ID",2026,8,21.233
507,"Coeur d'Alene, ID",2026,9,19.523
507,"Coeur d'Alene, ID",2026,10,18.087
507,"Coeur d'Alene, ID",2026,11,23.853
507,"Coeur d'Alene, ID",2026,12,26.878
508,Coffeyville,2012,1,46.528
508,Coffeyville,2012,2,43.873
508,Coffeyville,2012,3,36.711
508,Coffeyville,2012,4,29.763
508,Coffeyville,2012,5,25.157
508,Coffeyville,2012,6,28.477
508,Coffeyville,2012,7,30.958
508,Coffeyville,2012,8,32.782
508,Coffeyville,2012,9,30.095
508,Coffeyville,2012,10,28.588
508,Coffeyville,2012,11,36.117
508,Coffeyville,2012,12,41.89
509,Coggon,2026,1,34.248
509,Coggon,2026,2,33.665
509,Coggon,2026,3,31.444
509,Coggon,2026,4,26.952
509,Coggon,2026,5,22.385
509,Coggon,2026,6,25.241
509,Coggon,2026,7,27.407
509,Coggon,2026,8,29.789
509,Coggon,2026,9,27.698
509,Coggon,2026,10,24.86
509,Coggon,2026,11,32.831
509,Coggon,2026,12,37.275
510,Coimbatore,2025,11,92.665
510,Coimbatore,2025,12,97.243
510,Coimbatore,2026,1,101.475
510,Coimbatore,2026,2,97.601
510,Coimbatore,2026,3,92.14
510,Coimbatore,2026,4,85.643
510,Coimbatore,2026,5,81.481
510,Coimbatore,2026,6,80.795
510,Coimbatore,2026,7,73.41
510,Coimbatore,2026,8,72.93
510,Coimbatore,2026,9,71.868
510,Coimbatore,2026,10,87.462
511,Colfax,2025,3,19.563
511,Colfax,2025,4,15.915
511,Colfax,2025,5,13.258
511,Colfax,2025,6,15.173
511,Colfax,2025,7,16.433
511,Colfax,2025,8,17.539
511,Colfax,2025,9,15.293
511,Colfax,2025,10,13.992
511,Colfax,2025,11,18.142
511,Colfax,2025,12,21.279
511,Colfax,2026,1,22.463
511,Colfax,2026,2,20.021
512,College,2017,1,41.863
512,College,2017,2,38.511
512,College,2017,3,32.714
512,College,2017,4,26.726
512,College,2017,5,22.476
512,College,2017,6,25.854
512,College,2017,7,27.53
512,College,2017,8,29.895
512,College,2017,9,27.754
512,College,2017,10,25.49
512,College,2017,11,33.405
512,College,2017,12,38.387
513,Coloma,2026,1,41.138
513,Coloma,2026,2,37.999
513,Coloma,2026,3,30.986
513,Coloma,2026,4,24.661
513,Coloma,2026,5,20.951
513,Coloma,2026,6,22.972
513,Coloma,2026,7,24.448
513,Coloma,2026,8,26.137
513,Coloma,2026,9,24.539
513,Coloma,2026,10,22.031
513,Coloma,2026,11,28.903
513,Coloma,2026,12,32.834
514,Colombo,2026,1,91.769
514,Colombo,2026,2,91.178
514,Colombo,2026,3,86.243
514,Colombo,2026,4,82.856
514,Colombo,2026,5,76.486
514,Colombo,2026,6,75.055
514,Colombo,2026,7,69.697
514,Colombo,2026,8,70.685
514,Colombo,2026,9,69.458
514,Colombo,2026,10,85.05
514,Colombo,2026,11,101.353
514,Colombo,2026,12,106.303
515,Colorado Springs,2026,1,27.691
515,Colorado Springs,2026,2,25.651
515,Colorado Springs,2026,3,21.564
515,Colorado Springs,2026,4,17.664
515,Colorado Springs,2026,5,15.249
515,Colorado Springs,2026,6,17.114
515,Colorado Springs,2026,7,18.61
515,Colorado Springs,2026,8,20.109
515,Colorado Springs,2026,9,18.835
515,Colorado Springs,2026,10,16.996
515,Colorado Springs,2026,11,21.514
515,Colorado Springs,2026,12,23.552
517,Columbia,2026,1,40.189
517,Columbia,2026,2,36.913
517,Columbia,2026,3,30.651
517,Columbia,2026,4,24.742
517,Columbia,2026,5,20.951
517,Columbia,2026,6,22.972
517,Columbia,2026,7,24.448
517,Columbia,2026,8,26.137
517,Columbia,2026,9,24.539
517,Columbia,2026,10,22.031
517,Columbia,2026,11,28.903
517,Columbia,2026,12,32.834
518,Columbia Falls,2026,1,36.478
518,Columbia Falls,2026,2,33.091
518,Columbia Falls,2026,3,29.126
518,Columbia Falls,2026,4,24.609
518,Columbia Falls,2026,5,20.874
518,Columbia Falls,2026,6,23.528
518,Columbia Falls,2026,7,25.39
518,Columbia Falls,2026,8,27.284
518,Columbia Falls,2026,9,25.067
518,Columbia Falls,2026,10,23.798
518,Columbia Falls,2026,11,29.896
518,Columbia Falls,2026,12,34.526
519,"Columbia, MO",2026,1,34.248
519,"Columbia, MO",2026,2,33.654
519,"Columbia, MO",2026,3,31.452
519,"Columbia, MO",2026,4,26.952
519,"Columbia, MO",2026,5,22.393
519,"Columbia, MO",2026,6,25.73
519,"Columbia, MO",2026,7,27.407
519,"Columbia, MO",2026,8,29.831
519,"Columbia, MO",2026,9,27.698
519,"Columbia, MO",2026,10,25.434
519,"Columbia, MO",2026,11,33.305
519,"Columbia, MO",2026,12,38.312
520,"Columbia, SC",2026,1,49.773
520,"Columbia, SC",2026,2,45.55
520,"Columbia, SC",2026,3,38.531
520,"Columbia, SC",2026,4,31.78
520,"Columbia, SC",2026,5,27.081
520,"Columbia, SC",2026,6,30.601
520,"Columbia, SC",2026,7,32.91
520,"Columbia, SC",2026,8,34.218
520,"Columbia, SC",2026,9,32.225
520,"Columbia, SC",2026,10,30.332
520,"Columbia, SC",2026,11,38.45
520,"Columbia, SC",2026,12,43.846
521,Columbus,2026,1,47.196
521,Columbus,2026,2,44.087
521,Columbus,2026,3,37.221
521,Columbus,2026,4,30.607
521,Columbus,2026,5,25.788
521,Columbus,2026,6,28.59
521,Columbus,2026,7,30.966
521,Columbus,2026,8,32.655
521,Columbus,2026,9,30.148
521,Columbus,2026,10,28.512
521,Columbus,2026,11,36.019
521,Columbus,2026,12,41.782
523,"Columbus, OH",2026,1,48.963
523,"Columbus, OH",2026,2,44.592
523,"Columbus, OH",2026,3,37.013
523,"Columbus, OH",2026,4,30.607
523,"Columbus, OH",2026,5,25.923
523,"Columbus, OH",2026,6,28.59
523,"Columbus, OH",2026,7,30.878
523,"Columbus, OH",2026,8,32.655
523,"Columbus, OH",2026,9,30.06
523,"Columbus, OH",2026,10,28.512
523,"Columbus, OH",2026,11,36.019
523,"Columbus, OH",2026,12,41.782
524,Colusa,2026,1,30.677
524,Colusa,2026,2,28.336
524,Colusa,2026,3,23.861
524,Colusa,2026,4,19.648
524,Colusa,2026,5,16.829
524,Colusa,2026,6,18.276
524,Colusa,2026,7,19.485
524,Colusa,2026,8,21.233
524,Colusa,2026,9,19.569
524,Colusa,2026,10,17.483
524,Colusa,2026,11,22.591
524,Colusa,2026,12,25.179
525,Colville,2026,1,25.417
525,Colville,2026,2,24.145
525,Colville,2026,3,21.239
525,Colville,2026,4,17.978
525,Colville,2026,5,15.038
525,Colville,2026,6,16.729
525,Colville,2026,7,17.626
525,Colville,2026,8,18.408
525,Colville,2026,9,16.711
525,Colville,2026,10,14.98
525,Colville,2026,11,18.923
525,Colville,2026,12,21.694
526,Commerce City,2026,1,37.232
526,Commerce City,2026,2,33.539
526,Commerce City,2026,3,28.998
526,Commerce City,2026,4,23.01
526,Commerce City,2026,5,20.225
526,Commerce City,2026,6,22.517
526,Commerce City,2026,7,24.371
526,Commerce City,2026,8,25.986
526,Commerce City,2026,9,23.224
526,Commerce City,2026,10,21.627
526,Commerce City,2026,11,26.854
526,Commerce City,2026,12,31.415
527,Compton,2026,1,55.499
527,Compton,2026,2,52.465
527,Compton,2026,3,45.991
527,Compton,2026,4,37.25
527,Compton,2026,5,32.599
527,Compton,2026,6,34.188
527,Compton,2026,7,35.642
527,Compton,2026,8,36.795
527,Compton,2026,9,35.156
527,Compton,2026,10,32.998
527,Compton,2026,11,41.339
527,Compton,2026,12,47.461
528,Concord,2026,1,23.417
528,Concord,2026,2,20.98
528,Concord,2026,3,16.735
528,Concord,2026,4,13.69
528,Concord,2026,5,12.241
528,Concord,2026,6,13.457
528,Concord,2026,7,14.299
528,Concord,2026,8,15.734
528,Concord,2026,9,13.92
528,Concord,2026,10,12.18
528,Concord,2026,11,15.65
528,Concord,2026,12,18.01
529,Conneaut,2026,1,34.06
529,Conneaut,2026,2,33.709
529,Conneaut,2026,3,31.299
529,Conneaut,2026,4,27.19
529,Conneaut,2026,5,23.446
529,Conneaut,2026,6,25.76
529,Conneaut,2026,7,27.467
529,Conneaut,2026,8,29.831
529,Conneaut,2026,9,27.473
529,Conneaut,2026,10,24.708
529,Conneaut,2026,11,32.757
529,Conneaut,2026,12,37.275
530,Conroe,2026,1,52.868
530,Conroe,2026,2,48.962
530,Conroe,2026,3,40.389
530,Conroe,2026,4,32.994
530,Conroe,2026,5,28.214
530,Conroe,2026,6,31.323
530,Conroe,2026,7,33.855
530,Conroe,2026,8,35.255
530,Conroe,2026,9,33.119
530,Conroe,2026,10,31.77
530,Conroe,2026,11,38.738
530,Conroe,2026,12,43.578
531,Converse,2026,1,30.086
531,Converse,2026,2,28.776
531,Converse,2026,3,24.125
531,Converse,2026,4,20.559
531,Converse,2026,5,17.424
531,Converse,2026,6,19.301
531,Converse,2026,7,20.865
531,Converse,2026,8,22.509
531,Converse,2026,9,20.218
531,Converse,2026,10,18.161
531,Converse,2026,11,23.699
531,Converse,2026,12,26.885
532,Conway,2026,1,41.199
532,Conway,2026,2,38.031
532,Conway,2026,3,32.147
532,Conway,2026,4,26.971
532,Conway,2026,5,22.679
532,Conway,2026,6,24.928
532,Conway,2026,7,26.207
532,Conway,2026,8,29.042
532,Conway,2026,9,27.159
532,Conway,2026,10,24.796
532,Conway,2026,11,32.757
532,Conway,2026,12,37.275
533,Conyers,2026,1,33.887
533,Conyers,2026,2,32.398
533,Conyers,2026,3,28.923
533,Conyers,2026,4,23.55
533,Conyers,2026,5,20.204
533,Conyers,2026,6,22.316
533,Conyers,2026,7,24.371
533,Conyers,2026,8,25.986
533,Conyers,2026,9,23.224
533,Conyers,2026,10,21.043
533,Conyers,2026,11,26.854
533,Conyers,2026,12,31.415
535,Cook,2026,1,15.44
535,Cook,2026,2,13.364
535,Cook,2026,3,11.763
535,Cook,2026,4,9.276
535,Cook,2026,5,8.386
535,Cook,2026,6,9.424
535,Cook,2026,7,10.295
535,Cook,2026,8,11.424
535,Cook,2026,9,9.712
535,Cook,2026,10,8.402
535,Cook,2026,11,10.988
535,Cook,2026,12,11.981
536,Cookeville,2026,1,31.183
536,Cookeville,2026,2,29.754
536,Cookeville,2026,3,25.347
536,Cookeville,2026,4,21.015
536,Cookeville,2026,5,18.196
536,Cookeville,2026,6,20.485
536,Cookeville,2026,7,22.461
536,Cookeville,2026,8,24.246
536,Cookeville,2026,9,21.648
536,Cookeville,2026,10,19.853
536,Cookeville,2026,11,24.928
536,Cookeville,2026,12,28.239
538,Cooleemee,2010,1,34.539
538,Cooleemee,2010,2,33.937
538,Cooleemee,2010,3,31.529
538,Cooleemee,2010,4,27.371
538,Cooleemee,2010,5,23.67
538,Cooleemee,2010,6,25.904
538,Cooleemee,2010,7,27.723
538,Cooleemee,2010,8,30.018
538,Cooleemee,2010,9,28.652
538,Cooleemee,2010,10,25.703
538,Cooleemee,2010,11,33.68
538,Cooleemee,2010,12,38.407
539,Coolidge,2020,1,55.502
539,Coolidge,2020,2,52.38
539,Coolidge,2020,3,46.457
539,Coolidge,2020,4,37.983
539,Coolidge,2020,5,31.606
539,Coolidge,2020,6,34.462
539,Coolidge,2020,7,35.809
539,Coolidge,2020,8,36.824
539,Coolidge,2020,9,35.068
539,Coolidge,2020,10,33.777
539,Coolidge,2020,11,40.325
539,Coolidge,2020,12,45.23
541,Copan,2026,1,39.638
541,Copan,2026,2,35.706
541,Copan,2026,3,30.533
541,Copan,2026,4,24.64
541,Copan,2026,5,21.024
541,Copan,2026,6,24.171
541,Copan,2026,7,26.224
541,Copan,2026,8,28.985
541,Copan,2026,9,26.298
541,Copan,2026,10,24.719
541,Copan,2026,11,31.935
541,Copan,2026,12,37.003
542,Copenhagen,2026,1,38.692
542,Copenhagen,2026,2,34.569
542,Copenhagen,2026,3,30.293
542,Copenhagen,2026,4,27.846
542,Copenhagen,2026,5,24.129
542,Copenhagen,2026,6,28.343
542,Copenhagen,2026,7,30.76
542,Copenhagen,2026,8,32.788
542,Copenhagen,2026,9,28.902
542,Copenhagen,2026,10,25.435
542,Copenhagen,2026,11,33.969
542,Copenhagen,2026,12,38.905
543,Coral Springs,2013,1,34.727
543,Coral Springs,2013,2,33.929
543,Coral Springs,2013,3,31.586
543,Coral Springs,2013,4,26.983
543,Coral Springs,2013,5,22.48
543,Coral Springs,2013,6,25.658
543,Coral Springs,2013,7,27.435
543,Coral Springs,2013,8,29.894
543,Coral Springs,2013,9,27.713
543,Coral Springs,2013,10,25.489
543,Coral Springs,2013,11,33.403
543,Coral Springs,2013,12,38.407
545,Corcoran,2026,1,48.33
545,Corcoran,2026,2,44.936
545,Corcoran,2026,3,37.163
545,Corcoran,2026,4,30.644
545,Corcoran,2026,5,26.33
545,Corcoran,2026,6,28.724
545,Corcoran,2026,7,31.347
545,Corcoran,2026,8,33.505
545,Corcoran,2026,9,31.072
545,Corcoran,2026,10,28.489
545,Corcoran,2026,11,37.266
545,Corcoran,2026,12,43.072
546,Cordoba,2026,1,59.045
546,Cordoba,2026,2,56.246
546,Cordoba,2026,3,51.192
546,Cordoba,2026,4,45.764
546,Cordoba,2026,5,42.034
546,Cordoba,2026,6,46.485
546,Cordoba,2026,7,48.463
546,Cordoba,2026,8,50.89
546,Cordoba,2026,9,48.373
546,Cordoba,2026,10,46.749
546,Cordoba,2026,11,53.624
546,Cordoba,2026,12,57.366
547,"Corning, NY",2026,1,30.244
547,"Corning, NY",2026,2,28.687
547,"Corning, NY",2026,3,23.955
547,"Corning, NY",2026,4,19.686
547,"Corning, NY",2026,5,16.537
547,"Corning, NY",2026,6,18.396
547,"Corning, NY",2026,7,19.59
547,"Corning, NY",2026,8,21.139
547,"Corning, NY",2026,9,19.329
547,"Corning, NY",2026,10,17.324
547,"Corning, NY",2026,11,22.814
547,"Corning, NY",2026,12,25.179
548,Cornwall,2026,1,24.967
548,Cornwall,2026,2,21.89
548,Cornwall,2026,3,17.84
548,Cornwall,2026,4,14.462
548,Cornwall,2026,5,12.675
548,Cornwall,2026,6,14.004
548,Cornwall,2026,7,15.078
548,Cornwall,2026,8,16.677
548,Cornwall,2026,9,14.543
548,Cornwall,2026,10,12.834
548,Cornwall,2026,11,16.163
548,Cornwall,2026,12,18.706
549,Corona de Tucson,2026,1,44.948
549,Corona de Tucson,2026,2,39.61
549,Corona de Tucson,2026,3,33.651
549,Corona de Tucson,2026,4,28.299
549,Corona de Tucson,2026,5,23.936
549,Corona de Tucson,2026,6,25.74
549,Corona de Tucson,2026,7,27.571
549,Corona de Tucson,2026,8,29.831
549,Corona de Tucson,2026,9,27.483
549,Corona de Tucson,2026,10,24.688
549,Corona de Tucson,2026,11,32.879
549,Corona de Tucson,2026,12,37.275
550,Corpus Christi,2026,1,51.698
550,Corpus Christi,2026,2,47.954
550,Corpus Christi,2026,3,39.885
550,Corpus Christi,2026,4,32.311
550,Corpus Christi,2026,5,28.133
550,Corpus Christi,2026,6,30.202
550,Corpus Christi,2026,7,32.535
550,Corpus Christi,2026,8,34.29
550,Corpus Christi,2026,9,31.955
550,Corpus Christi,2026,10,29.509
550,Corpus Christi,2026,11,37.622
550,Corpus Christi,2026,12,43.072
551,Corsicana,2026,1,41.445
551,Corsicana,2026,2,37.736
551,Corsicana,2026,3,31.339
551,Corsicana,2026,4,25.57
551,Corsicana,2026,5,21.696
551,Corsicana,2026,6,24.368
551,Corsicana,2026,7,26.312
551,Corsicana,2026,8,29.023
551,Corsicana,2026,9,27.027
551,Corsicana,2026,10,25.434
551,Corsicana,2026,11,33.337
551,Corsicana,2026,12,38.312
552,Cortez,2026,1,26.744
552,Cortez,2026,2,24.397
552,Cortez,2026,3,21.148
552,Cortez,2026,4,17.564
552,Cortez,2026,5,15.259
552,Cortez,2026,6,16.988
552,Cortez,2026,7,17.613
552,Cortez,2026,8,18.521
552,Cortez,2026,9,16.799
552,Cortez,2026,10,15.351
552,Cortez,2026,11,19.461
552,Cortez,2026,12,22.7
553,Cortina Indian Rancheria,2026,1,18.737
553,Cortina Indian Rancheria,2026,2,16.184
553,Cortina Indian Rancheria,2026,3,13.608
553,Cortina Indian Rancheria,2026,4,10.982
553,Cortina Indian Rancheria,2026,5,9.444
553,Cortina Indian Rancheria,2026,6,10.27
553,Cortina Indian Rancheria,2026,7,11.404
553,Cortina Indian Rancheria,2026,8,12.325
553,Cortina Indian Rancheria,2026,9,10.57
553,Cortina Indian Rancheria,2026,10,9.108
553,Cortina Indian Rancheria,2026,11,12.068
553,Cortina Indian Rancheria,2026,12,14.013
554,Corvallis,2020,1,30.677
554,Corvallis,2020,2,28.327
554,Corvallis,2020,3,24.046
554,Corvallis,2020,4,20.162
554,Corvallis,2020,5,17.635
554,Corvallis,2020,6,19.653
554,Corvallis,2020,7,20.904
554,Corvallis,2020,8,22.621
554,Corvallis,2020,9,20.612
554,Corvallis,2020,10,18.46
554,Corvallis,2020,11,23.916
554,Corvallis,2020,12,26.878
555,Costa Mesa,2018,1,34.703
555,Costa Mesa,2018,2,33.988
555,Costa Mesa,2018,3,31.31
555,Costa Mesa,2018,4,27.037
555,Costa Mesa,2018,5,23.098
555,Costa Mesa,2018,6,26.629
555,Costa Mesa,2018,7,28.563
555,Costa Mesa,2018,8,31.144
555,Costa Mesa,2018,9,29.502
555,Costa Mesa,2018,10,27.403
555,Costa Mesa,2018,11,35.399
555,Costa Mesa,2018,12,40.611
556,Cottage Grove,2026,1,34.141
556,Cottage Grove,2026,2,33.697
556,Cottage Grove,2026,3,31.201
556,Cottage Grove,2026,4,26.966
556,Cottage Grove,2026,5,22.353
556,Cottage Grove,2026,6,25.658
556,Cottage Grove,2026,7,27.407
556,Cottage Grove,2026,8,29.789
556,Cottage Grove,2026,9,27.698
556,Cottage Grove,2026,10,25.434
556,Cottage Grove,2026,11,33.337
556,Cottage Grove,2026,12,38.312
557,Council Bluffs,2026,1,40.799
557,Council Bluffs,2026,2,37.073
557,Council Bluffs,2026,3,31.688
557,Council Bluffs,2026,4,25.57
557,Council Bluffs,2026,5,21.611
557,Council Bluffs,2026,6,24.368
557,Council Bluffs,2026,7,26.13
557,Council Bluffs,2026,8,28.943
557,Council Bluffs,2026,9,26.298
557,Council Bluffs,2026,10,24.719
557,Council Bluffs,2026,11,31.935
557,Council Bluffs,2026,12,37.003
558,Cove,2020,1,28.153
558,Cove,2020,2,26.412
558,Cove,2020,3,22.263
558,Cove,2020,4,18.836
558,Cove,2020,5,15.801
558,Cove,2020,6,17.071
558,Cove,2020,7,18.533
558,Cove,2020,8,19.996
558,Cove,2020,9,17.641
558,Cove,2020,10,15.805
558,Cove,2020,11,20.588
558,Cove,2020,12,23.167
559,Covington,2020,1,52.173
559,Covington,2020,2,49.126
559,Covington,2020,3,41.528
559,Covington,2020,4,34.126
559,Covington,2020,5,30.319
559,Covington,2020,6,32.335
559,Covington,2020,7,34.239
559,Covington,2020,8,35.495
559,Covington,2020,9,33.337
559,Covington,2020,10,31.334
559,Covington,2020,11,38.892
559,Covington,2020,12,43.578
560,Cozad,2016,1,51.197
560,Cozad,2016,2,48.165
560,Cozad,2016,3,40.764
560,Cozad,2016,4,33.051
560,Cozad,2016,5,29.36
560,Cozad,2016,6,32.241
560,Cozad,2016,7,34.737
560,Cozad,2016,8,35.342
560,Cozad,2016,9,33.379
560,Cozad,2016,10,31.802
560,Cozad,2016,11,38.993
560,Cozad,2016,12,43.65
561,"Craig, CO",2019,1,33.45
561,"Craig, CO",2019,2,32.398
561,"Craig, CO",2019,3,28.923
561,"Craig, CO",2019,4,23.331
561,"Craig, CO",2019,5,20.225
561,"Craig, CO",2019,6,22.517
561,"Craig, CO",2019,7,24.464
561,"Craig, CO",2019,8,25.986
561,"Craig, CO",2019,9,23.224
561,"Craig, CO",2019,10,21.349
561,"Craig, CO",2019,11,26.854
561,"Craig, CO",2019,12,31.415
562,Crescent City,2026,1,35.557
562,Crescent City,2026,2,31.811
562,Crescent City,2026,3,26.382
562,Crescent City,2026,4,21.644
562,Crescent City,2026,5,18.731
562,Crescent City,2026,6,20.714
562,Crescent City,2026,7,22.549
562,Crescent City,2026,8,24.359
562,Crescent City,2026,9,21.736
562,Crescent City,2026,10,19.55
562,Crescent City,2026,11,25.466
562,Crescent City,2026,12,29.165
563,Crested Butte,2019,1,52.731
563,Crested Butte,2019,2,49.285
563,Crested Butte,2019,3,41.851
563,Crested Butte,2019,4,34.122
563,Crested Butte,2019,5,30.044
563,Crested Butte,2019,6,32.477
563,Crested Butte,2019,7,34.701
563,Crested Butte,2019,8,35.232
563,Crested Butte,2019,9,33.438
563,Crested Butte,2019,10,31.77
563,Crested Butte,2019,11,38.894
563,Crested Butte,2019,12,43.578
564,Crestline,2026,1,34.141
564,Crestline,2026,2,33.654
564,Crestline,2026,3,31.419
564,Crestline,2026,4,26.966
564,Crestline,2026,5,22.353
564,Crestline,2026,6,25.658
564,Crestline,2026,7,27.407
564,Crestline,2026,8,29.789
564,Crestline,2026,9,27.698
564,Crestline,2026,10,25.434
564,Crestline,2026,11,33.294
564,Crestline,2026,12,38.312
566,Crockett,2025,1,34.06
566,Crockett,2025,2,33.709
566,Crockett,2025,3,31.346
566,Crockett,2025,4,26.972
566,Crockett,2025,5,22.862
566,Crockett,2025,6,24.84
566,Crockett,2025,7,26.207
566,Crockett,2025,8,29.023
566,Crockett,2025,9,27.133
566,Crockett,2025,10,24.708
566,Crockett,2025,11,32.757
566,Crockett,2025,12,37.275
568,Crossett,2026,1,44.455
568,Crossett,2026,2,41.91
568,Crossett,2026,3,35.01
568,Crossett,2026,4,29.618
568,Crossett,2026,5,25.067
568,Crossett,2026,6,28.59
568,Crossett,2026,7,30.966
568,Crossett,2026,8,32.655
568,Crossett,2026,9,30.148
568,Crossett,2026,10,28.512
568,Crossett,2026,11,36.019
568,Crossett,2026,12,41.782
569,Crossville,2026,1,33.813
569,Crossville,2026,2,32.327
569,Crossville,2026,3,29.446
569,Crossville,2026,4,25.021
569,Crossville,2026,5,21.82
569,Crossville,2026,6,23.692
569,Crossville,2026,7,25.393
569,Crossville,2026,8,27.396
569,Crossville,2026,9,25.178
569,Crossville,2026,10,23.152
569,Crossville,2026,11,29.697
569,Crossville,2026,12,34.526
570,Crownpoint,2014,1,48.303
570,Crownpoint,2014,2,44.942
570,Crownpoint,2014,3,37.312
570,Crownpoint,2014,4,30.706
570,Crownpoint,2014,5,25.895
570,Crownpoint,2014,6,28.383
570,Crownpoint,2014,7,30.959
570,Crownpoint,2014,8,32.783
570,Crownpoint,2014,9,30.137
570,Crownpoint,2014,10,28.942
570,Crownpoint,2014,11,36.118
570,Crownpoint,2014,12,41.875
571,Cuddalore,2025,11,62.611
571,Cuddalore,2025,12,65.721
571,Cuddalore,2026,1,70.033
571,Cuddalore,2026,2,70.876
571,Cuddalore,2026,3,64.572
571,Cuddalore,2026,4,62.053
571,Cuddalore,2026,5,58.814
571,Cuddalore,2026,6,58.461
571,Cuddalore,2026,7,55.542
571,Cuddalore,2026,8,56.58
571,Cuddalore,2026,9,57.776
571,Cuddalore,2026,10,84.707
572,Culberson,2025,12,34.991
572,Culberson,2026,1,34.007
572,Culberson,2026,2,33.697
572,Culberson,2026,3,31.201
572,Culberson,2026,4,27.01
572,Culberson,2026,5,22.889
572,Culberson,2026,6,25.862
572,Culberson,2026,7,27.407
572,Culberson,2026,8,29.751
572,Culberson,2026,9,27.698
572,Culberson,2026,10,25.434
572,Culberson,2026,11,33.337
573,"Cullowhee, NC",2020,1,34.196
573,"Cullowhee, NC",2020,2,32.332
573,"Cullowhee, NC",2020,3,29.231
573,"Cullowhee, NC",2020,4,24.891
573,"Cullowhee, NC",2020,5,20.833
573,"Cullowhee, NC",2020,6,23.528
573,"Cullowhee, NC",2020,7,25.296
573,"Cullowhee, NC",2020,8,27.284
573,"Cullowhee, NC",2020,9,25.067
573,"Cullowhee, NC",2020,10,23.798
573,"Cullowhee, NC",2020,11,29.896
573,"Cullowhee, NC",2020,12,34.526
574,Culpeper,2013,1,34.815
574,Culpeper,2013,2,32.079
574,Culpeper,2013,3,29.526
574,Culpeper,2013,4,25.032
574,Culpeper,2013,5,22.052
574,Culpeper,2013,6,24.53
574,Culpeper,2013,7,26.341
574,Culpeper,2013,8,29.086
574,Culpeper,2013,9,27.214
574,Culpeper,2013,10,24.856
574,Culpeper,2013,11,32.861
574,Culpeper,2013,12,37.337
578,Custer,2026,1,9.792
578,Custer,2026,2,8.193
578,Custer,2026,3,7.351
578,Custer,2026,4,6.339
578,Custer,2026,5,5.119
578,Custer,2026,6,6.431
578,Custer,2026,7,6.491
578,Custer,2026,8,6.487
578,Custer,2026,9,4.231
578,Custer,2026,10,4.091
578,Custer,2026,11,7.503
578,Custer,2026,12,8.415
579,Cutler Ridge,2026,1,34.065
579,Cutler Ridge,2026,2,33.697
579,Cutler Ridge,2026,3,31.201
579,Cutler Ridge,2026,4,27.01
579,Cutler Ridge,2026,5,22.889
579,Cutler Ridge,2026,6,25.862
579,Cutler Ridge,2026,7,27.407
579,Cutler Ridge,2026,8,29.751
579,Cutler Ridge,2026,9,27.698
579,Cutler Ridge,2026,10,25.434
579,Cutler Ridge,2026,11,33.337
579,Cutler Ridge,2026,12,38.312
580,Cuttack,2025,11,112.397
580,Cuttack,2025,12,118.813
580,Cuttack,2026,1,120.871
580,Cuttack,2026,2,110.867
580,Cuttack,2026,3,99.863
580,Cuttack,2026,4,92.385
580,Cuttack,2026,5,84.991
580,Cuttack,2026,6,81.016
580,Cuttack,2026,7,74.203
580,Cuttack,2026,8,72.036
580,Cuttack,2026,9,72.188
580,Cuttack,2026,10,87.665
581,Cuyahoga Heights,2026,1,35.143
581,Cuyahoga Heights,2026,2,32.104
581,Cuyahoga Heights,2026,3,27.784
581,Cuyahoga Heights,2026,4,22.306
581,Cuyahoga Heights,2026,5,20.021
581,Cuyahoga Heights,2026,6,22.928
581,Cuyahoga Heights,2026,7,24.552
581,Cuyahoga Heights,2026,8,26.118
581,Cuyahoga Heights,2026,9,24.47
581,Cuyahoga Heights,2026,10,22.453
581,Cuyahoga Heights,2026,11,29.102
581,Cuyahoga Heights,2026,12,33.828
582,Dade City,2026,1,34.016
582,Dade City,2026,2,33.883
582,Dade City,2026,3,31.299
582,Dade City,2026,4,27.29
582,Dade City,2026,5,23.524
582,Dade City,2026,6,25.84
582,Dade City,2026,7,27.467
582,Dade City,2026,8,29.85
582,Dade City,2026,9,27.25
582,Dade City,2026,10,24.788
582,Dade City,2026,11,32.767
582,Dade City,2026,12,37.275
584,Dakar,2026,1,106.262
584,Dakar,2026,2,98.501
584,Dakar,2026,3,84.524
584,Dakar,2026,4,74.129
584,Dakar,2026,5,67.777
584,Dakar,2026,6,70.069
584,Dakar,2026,7,72.891
584,Dakar,2026,8,75.433
584,Dakar,2026,9,71.94
584,Dakar,2026,10,71.926
584,Dakar,2026,11,82.637
584,Dakar,2026,12,91.59
585,Dale,2026,1,41.55
585,Dale,2026,2,37.879
585,Dale,2026,3,31.319
585,Dale,2026,4,25.57
585,Dale,2026,5,21.544
585,Dale,2026,6,24.368
585,Dale,2026,7,26.13
585,Dale,2026,8,28.943
585,Dale,2026,9,26.298
585,Dale,2026,10,24.862
585,Dale,2026,11,31.935
585,Dale,2026,12,37.003
586,Dallas,2026,1,38.905
586,Dallas,2026,2,35.053
586,Dallas,2026,3,31.056
586,Dallas,2026,4,26.081
586,Dallas,2026,5,22.567
586,Dallas,2026,6,25.111
586,Dallas,2026,7,27.225
586,Dallas,2026,8,29.751
586,Dallas,2026,9,27.61
586,Dallas,2026,10,25.786
586,Dallas,2026,11,33.337
586,Dallas,2026,12,38.312
587,Daman,2016,1,96.082
587,Daman,2016,2,97.606
587,Daman,2016,3,91.975
587,Daman,2016,4,85.308
587,Daman,2016,5,82.203
587,Daman,2016,6,82.773
587,Daman,2016,7,81.506
587,Daman,2016,8,82.536
587,Daman,2016,9,82.153
587,Daman,2016,10,90.666
587,Daman,2016,11,104.332
587,Daman,2016,12,115.635
588,Damoh,2025,11,119.841
588,Damoh,2025,12,121.932
588,Damoh,2026,1,123.112
588,Damoh,2026,2,111.326
588,Damoh,2026,3,102.746
588,Damoh,2026,4,95.054
588,Damoh,2026,5,88.515
588,Damoh,2026,6,79.37
588,Damoh,2026,7,69.797
588,Damoh,2026,8,70.25
588,Damoh,2026,9,69.766
588,Damoh,2026,10,112.727
589,Damtal,2016,1,156.376
589,Damtal,2016,2,152.497
589,Damtal,2016,3,144.382
589,Damtal,2016,4,136.637
589,Damtal,2016,5,132.833
589,Damtal,2016,6,125.524
589,Damtal,2016,7,122.793
589,Damtal,2016,8,118.752
589,Damtal,2016,9,116.907
589,Damtal,2016,10,128.035
589,Damtal,2016,11,142.93
589,Damtal,2016,12,154.178
590,Danbury,2026,1,35.342
590,Danbury,2026,2,31.622
590,Danbury,2026,3,26.451
590,Danbury,2026,4,21.644
590,Danbury,2026,5,18.537
590,Danbury,2026,6,20.515
590,Danbury,2026,7,22.335
590,Danbury,2026,8,24.359
590,Danbury,2026,9,21.736
590,Danbury,2026,10,19.361
590,Danbury,2026,11,25.258
590,Danbury,2026,12,29.165
592,Dar es Salaam,2026,1,92.357
592,Dar es Salaam,2026,2,85.129
592,Dar es Salaam,2026,3,75.131
592,Dar es Salaam,2026,4,66.923
592,Dar es Salaam,2026,5,59.397
592,Dar es Salaam,2026,6,60.271
592,Dar es Salaam,2026,7,61.658
592,Dar es Salaam,2026,8,62.319
592,Dar es Salaam,2026,9,58.076
592,Dar es Salaam,2026,10,53.006
592,Dar es Salaam,2026,11,59.894
592,Dar es Salaam,2026,12,63.845
593,Daranga,2016,1,107.977
593,Daranga,2016,2,106.901
593,Daranga,2016,3,102.06
593,Daranga,2016,4,96.472
593,Daranga,2016,5,93.402
593,Daranga,2016,6,90.522
593,Daranga,2016,7,87.535
593,Daranga,2016,8,87.308
593,Daranga,2016,9,86.331
593,Daranga,2016,10,94.789
593,Daranga,2016,11,113.067
593,Daranga,2016,12,127.926
596,Darrington,2026,1,32.845
596,Darrington,2026,2,30.848
596,Darrington,2026,3,26.406
596,Darrington,2026,4,21.989
596,Darrington,2026,5,18.424
596,Darrington,2026,6,20.284
596,Darrington,2026,7,22.367
596,Darrington,2026,8,24.246
596,Darrington,2026,9,21.453
596,Darrington,2026,10,19.784
596,Darrington,2026,11,24.928
596,Darrington,2026,12,28.239
598,Davanagere,2025,11,62.719
598,Davanagere,2025,12,70.105
598,Davanagere,2026,1,77.472
598,Davanagere,2026,2,73.285
598,Davanagere,2026,3,68.935
598,Davanagere,2026,4,65.199
598,Davanagere,2026,5,62.247
598,Davanagere,2026,6,60.259
598,Davanagere,2026,7,55.5
598,Davanagere,2026,8,55.972
598,Davanagere,2026,9,57.608
598,Davanagere,2026,10,76.289
599,Davenport,2026,1,40.743
599,Davenport,2026,2,37.073
599,Davenport,2026,3,31.708
599,Davenport,2026,4,25.57
599,Davenport,2026,5,21.656
599,Davenport,2026,6,24.368
599,Davenport,2026,7,26.312
599,Davenport,2026,8,28.981
599,Davenport,2026,9,26.386
599,Davenport,2026,10,24.719
599,Davenport,2026,11,32.114
599,Davenport,2026,12,37.275
600,Davidson,2010,1,45.556
600,Davidson,2010,2,41.1
600,Davidson,2010,3,34.831
600,Davidson,2010,4,29.378
600,Davidson,2010,5,26.534
600,Davidson,2010,6,28.63
600,Davidson,2010,7,31.655
600,Davidson,2010,8,33.755
600,Davidson,2010,9,31.187
600,Davidson,2010,10,28.578
600,Davidson,2010,11,37.491
600,Davidson,2010,12,43.18
601,Davie,2026,1,35.2
601,Davie,2026,2,31.864
601,Davie,2026,3,26.542
601,Davie,2026,4,21.664
601,Davie,2026,5,18.835
601,Davie,2026,6,20.525
601,Davie,2026,7,22.444
601,Davie,2026,8,24.359
601,Davie,2026,9,21.808
601,Davie,2026,10,19.361
601,Davie,2026,11,25.136
601,Davie,2026,12,29.165
602,Dawki,2015,9,59.788
602,Dawki,2015,10,70.689
602,Dawki,2015,11,76.27
602,Dawki,2015,12,82.06
602,Dawki,2016,1,84.94
602,Dawki,2016,2,86.669
602,Dawki,2016,3,84.932
602,Dawki,2016,4,78.869
602,Dawki,2016,5,74.879
602,Dawki,2016,6,75.18
602,Dawki,2016,7,76.065
602,Dawki,2016,8,78.227
603,Dayton,2026,1,45.484
603,Dayton,2026,2,42.202
603,Dayton,2026,3,35.503
603,Dayton,2026,4,29.419
603,Dayton,2026,5,25.039
603,Dayton,2026,6,28.59
603,Dayton,2026,7,30.836
603,Dayton,2026,8,32.655
603,Dayton,2026,9,30.06
603,Dayton,2026,10,28.512
603,Dayton,2026,11,36.019
603,Dayton,2026,12,41.782
604,Daytona Beach,2026,1,38.39
604,Daytona Beach,2026,2,34.56
604,Daytona Beach,2026,3,30.472
604,Daytona Beach,2026,4,26.273
604,Daytona Beach,2026,5,22.381
604,Daytona Beach,2026,6,25.468
604,Daytona Beach,2026,7,27.407
604,Daytona Beach,2026,8,29.789
604,Daytona Beach,2026,9,27.698
604,Daytona Beach,2026,10,25.21
604,Daytona Beach,2026,11,33.305
604,Daytona Beach,2026,12,38.312
605,DeKalb,2026,1,34.06
605,DeKalb,2026,2,33.621
605,DeKalb,2026,3,31.389
605,DeKalb,2026,4,26.972
605,DeKalb,2026,5,22.862
605,DeKalb,2026,6,24.84
605,DeKalb,2026,7,26.207
605,DeKalb,2026,8,29.023
605,DeKalb,2026,9,27.027
605,DeKalb,2026,10,24.708
605,DeKalb,2026,11,32.757
605,DeKalb,2026,12,37.275
606,Dearborn,2026,1,48.692
606,Dearborn,2026,2,43.959
606,Dearborn,2026,3,36.188
606,Dearborn,2026,4,29.689
606,Dearborn,2026,5,25.503
606,Dearborn,2026,6,28.063
606,Dearborn,2026,7,30.753
606,Dearborn,2026,8,32.693
606,Dearborn,2026,9,30.148
606,Dearborn,2026,10,27.856
606,Dearborn,2026,11,36.063
606,Dearborn,2026,12,41.782
607,Decatur,2026,1,36.998
607,Decatur,2026,2,32.835
607,Decatur,2026,3,27.701
607,Decatur,2026,4,22.327
607,Decatur,2026,5,19.983
607,Decatur,2026,6,21.27
607,Decatur,2026,7,23.332
607,Decatur,2026,8,25.304
607,Decatur,2026,9,22.817
607,Decatur,2026,10,20.41
607,Decatur,2026,11,26.149
607,Decatur,2026,12,31.055
608,Deer Park,2026,1,43.452
608,Deer Park,2026,2,39.198
608,Deer Park,2026,3,33.345
608,Deer Park,2026,4,28.299
608,Deer Park,2026,5,24.166
608,Deer Park,2026,6,26.676
608,Deer Park,2026,7,29.217
608,Deer Park,2026,8,31.635
608,Deer Park,2026,9,29.446
608,Deer Park,2026,10,26.691
608,Deer Park,2026,11,34.847
608,Deer Park,2026,12,37.88
609,Dehradun,2025,11,74.507
609,Dehradun,2025,12,86.431
609,Dehradun,2026,1,100.298
609,Dehradun,2026,2,103.668
609,Dehradun,2026,3,99.432
609,Dehradun,2026,4,92.721
609,Dehradun,2026,5,85.991
609,Dehradun,2026,6,81.795
609,Dehradun,2026,7,75.086
609,Dehradun,2026,8,72.86
609,Dehradun,2026,9,76.466
609,Dehradun,2026,10,100.649
610,Del Mar,2018,1,34.477
610,Del Mar,2018,2,34.174
610,Del Mar,2018,3,33.564
610,Del Mar,2018,4,31.12
610,Del Mar,2018,5,27.987
610,Del Mar,2018,6,30.762
610,Del Mar,2018,7,33.033
610,Del Mar,2018,8,35.006
610,Del Mar,2018,9,33.06
610,Del Mar,2018,10,31.793
610,Del Mar,2018,11,38.993
610,Del Mar,2018,12,43.65
611,Delaware,2026,1,31.798
611,Delaware,2026,2,29.256
611,Delaware,2026,3,25.057
611,Delaware,2026,4,20.977
611,Delaware,2026,5,17.759
611,Delaware,2026,6,19.543
611,Delaware,2026,7,20.943
611,Delaware,2026,8,22.621
611,Delaware,2026,9,20.547
611,Delaware,2026,10,18.349
611,Delaware,2026,11,23.908
611,Delaware,2026,12,26.878
612,Delaware City,2026,1,34.13
612,Delaware City,2026,2,31.842
612,Delaware City,2026,3,28.177
612,Delaware City,2026,4,23.41
612,Delaware City,2026,5,20.494
612,Delaware City,2026,6,22.645
612,Delaware City,2026,7,24.448
612,Delaware City,2026,8,26.118
612,Delaware City,2026,9,24.5
612,Delaware City,2026,10,22.039
612,Delaware City,2026,11,28.893
612,Delaware City,2026,12,32.834
613,Delhi,2025,11,262.242
613,Delhi,2025,12,225.115
613,Delhi,2026,1,231.76
613,Delhi,2026,2,218.643
613,Delhi,2026,3,199.181
613,Delhi,2026,4,193.559
613,Delhi,2026,5,185.466
613,Delhi,2026,6,143.067
613,Delhi,2026,7,116.393
613,Delhi,2026,8,106.074
613,Delhi,2026,9,112.991
613,Delhi,2026,10,150.564
614,Delray Beach,2026,1,35.375
614,Delray Beach,2026,2,32.297
614,Delray Beach,2026,3,27.565
614,Delray Beach,2026,4,22.365
614,Delray Beach,2026,5,19.748
614,Delray Beach,2026,6,21.23
614,Delray Beach,2026,7,23.437
614,Delray Beach,2026,8,25.191
614,Delray Beach,2026,9,22.577
614,Delray Beach,2026,10,20.803
614,Delray Beach,2026,11,26.236
614,Delray Beach,2026,12,31.055
615,Delta,2026,1,36.12
615,Delta,2026,2,32.914
615,Delta,2026,3,27.542
615,Delta,2026,4,22.327
615,Delta,2026,5,19.704
615,Delta,2026,6,21.27
615,Delta,2026,7,23.332
615,Delta,2026,8,25.304
615,Delta,2026,9,22.771
615,Delta,2026,10,20.41
615,Delta,2026,11,26.149
615,Delta,2026,12,31.055
616,Deming,2025,10,69.348
616,Deming,2025,11,76.254
616,Deming,2025,12,81.738
616,Deming,2026,1,75.417
616,Deming,2026,2,70.473
616,Deming,2026,3,63.29
616,Deming,2026,4,57.618
616,Deming,2026,5,53.652
616,Deming,2026,6,54.254
616,Deming,2026,7,54.782
616,Deming,2026,8,54.861
616,Deming,2026,9,51.316
618,Denali,2026,1,9.275
618,Denali,2026,2,8.238
618,Denali,2026,3,7.397
618,Denali,2026,4,6.325
618,Denali,2026,5,5.25
618,Denali,2026,6,6.193
618,Denali,2026,7,6.386
618,Denali,2026,8,6.487
618,Denali,2026,9,4.231
618,Denali,2026,10,4.028
618,Denali,2026,11,7.177
618,Denali,2026,12,8.415
619,Denton,2026,1,38.645
619,Denton,2026,2,34.719
619,Denton,2026,3,30.614
619,Denton,2026,4,26.467
619,Denton,2026,5,22.152
619,Denton,2026,6,25.379
619,Denton,2026,7,27.225
619,Denton,2026,8,29.751
619,Denton,2026,9,27.61
619,Denton,2026,10,25.786
619,Denton,2026,11,33.337
619,Denton,2026,12,38.312
620,Dentsville (Dents),2026,1,41.55
620,Dentsville (Dents),2026,2,37.736
620,Dentsville (Dents),2026,3,31.319
620,Dentsville (Dents),2026,4,25.57
620,Dentsville (Dents),2026,5,21.611
620,Dentsville (Dents),2026,6,24.368
620,Dentsville (Dents),2026,7,26.13
620,Dentsville (Dents),2026,8,28.943
620,Dentsville (Dents),2026,9,26.298
620,Dentsville (Dents),2026,10,24.719
620,Dentsville (Dents),2026,11,31.935
620,Dentsville (Dents),2026,12,37.003
621,Denver,2026,1,34.196
621,Denver,2026,2,32.173
621,Denver,2026,3,28.993
621,Denver,2026,4,23.3
621,Denver,2026,5,20.292
621,Denver,2026,6,22.517
621,Denver,2026,7,24.371
621,Denver,2026,8,25.986
621,Denver,2026,9,23.224
621,Denver,2026,10,21.418
621,Denver,2026,11,27.15
621,Denver,2026,12,32.3
622,"Denver-Aurora-Lakewood, CO",2026,1,12.633
622,"Denver-Aurora-Lakewood, CO",2026,2,11.007
622,"Denver-Aurora-Lakewood, CO",2026,3,9.376
622,"Denver-Aurora-Lakewood, CO",2026,4,7.865
622,"Denver-Aurora-Lakewood, CO",2026,5,6.7
622,"Denver-Aurora-Lakewood, CO",2026,6,6.683
622,"Denver-Aurora-Lakewood, CO",2026,7,6.386
622,"Denver-Aurora-Lakewood, CO",2026,8,6.487
622,"Denver-Aurora-Lakewood, CO",2026,9,4.276
622,"Denver-Aurora-Lakewood, CO",2026,10,4.074
622,"Denver-Aurora-Lakewood, CO",2026,11,7.318
622,"Denver-Aurora-Lakewood, CO",2026,12,8.415
623,Dera Baba,2015,11,127.699
623,Dera Baba,2015,12,134.301
623,Dera Baba,2016,1,131.508
623,Dera Baba,2016,2,128.182
623,Dera Baba,2016,3,122.765
623,Dera Baba,2016,4,114.875
623,Dera Baba,2016,5,109.474
623,Dera Baba,2016,6,105.969
623,Dera Baba,2016,7,103.936
623,Dera Baba,2016,8,104.705
623,Dera Baba,2016,9,107.158
623,Dera Baba,2016,10,119.546
624,Dera Bassi,2016,1,142.532
624,Dera Bassi,2016,2,139.811
624,Dera Bassi,2016,3,133.552
624,Dera Bassi,2016,4,127.03
624,Dera Bassi,2016,5,122.536
624,Dera Bassi,2016,6,116.397
624,Dera Bassi,2016,7,110.908
624,Dera Bassi,2016,8,110.431
624,Dera Bassi,2016,9,111.538
624,Dera Bassi,2016,10,128.056
624,Dera Bassi,2016,11,144.697
624,Dera Bassi,2016,12,153.832
625,Des Moines,2026,1,40.591
625,Des Moines,2026,2,36.015
625,Des Moines,2026,3,30.665
625,Des Moines,2026,4,24.45
625,Des Moines,2026,5,20.783
625,Des Moines,2026,6,22.85
625,Des Moines,2026,7,24.339
625,Des Moines,2026,8,26.118
625,Des Moines,2026,9,24.428
625,Des Moines,2026,10,21.951
625,Des Moines,2026,11,28.928
625,Des Moines,2026,12,32.834
626,"Des Moines-West Des Moines, IA",2018,1,53.048
626,"Des Moines-West Des Moines, IA",2018,2,50.765
626,"Des Moines-West Des Moines, IA",2018,3,43.131
626,"Des Moines-West Des Moines, IA",2018,4,36.268
626,"Des Moines-West Des Moines, IA",2018,5,31.129
626,"Des Moines-West Des Moines, IA",2018,6,33.553
626,"Des Moines-West Des Moines, IA",2018,7,35.341
626,"Des Moines-West Des Moines, IA",2018,8,37.786
626,"Des Moines-West Des Moines, IA",2018,9,35.623
626,"Des Moines-West Des Moines, IA",2018,10,32.993
626,"Des Moines-West Des Moines, IA",2018,11,41.317
626,"Des Moines-West Des Moines, IA",2018,12,47.533
627,Des Plaines,2026,1,48.358
627,Des Plaines,2026,2,43.822
627,Des Plaines,2026,3,36.294
627,Des Plaines,2026,4,29.689
627,Des Plaines,2026,5,25.126
627,Des Plaines,2026,6,27.631
627,Des Plaines,2026,7,29.945
627,Des Plaines,2026,8,32.019
627,Des Plaines,2026,9,29.933
627,Des Plaines,2026,10,26.435
627,Des Plaines,2026,11,34.847
627,Des Plaines,2026,12,37.88
628,Detroit,2026,1,46.502
628,Detroit,2026,2,42.976
628,Detroit,2026,3,36.133
628,Detroit,2026,4,30.154
628,Detroit,2026,5,26.009
628,Detroit,2026,6,29.732
628,Detroit,2026,7,31.878
628,Detroit,2026,8,33.432
628,Detroit,2026,9,31.254
628,Detroit,2026,10,29.238
628,Detroit,2026,11,37.568
628,Detroit,2026,12,43.072
629,Detroit Lakes,2026,1,28.153
629,Detroit Lakes,2026,2,26.412
629,Detroit Lakes,2026,3,22.263
629,Detroit Lakes,2026,4,18.836
629,Detroit Lakes,2026,5,15.733
629,Detroit Lakes,2026,6,17.071
629,Detroit Lakes,2026,7,18.533
629,Detroit Lakes,2026,8,19.996
629,Detroit Lakes,2026,9,17.641
629,Detroit Lakes,2026,10,15.805
629,Detroit Lakes,2026,11,20.292
629,Detroit Lakes,2026,12,23.174
630,"Detroit-Warren-Dearborn, MI",2019,1,33.622
630,"Detroit-Warren-Dearborn, MI",2019,2,31.995
630,"Detroit-Warren-Dearborn, MI",2019,3,27.617
630,"Detroit-Warren-Dearborn, MI",2019,4,22.327
630,"Detroit-Warren-Dearborn, MI",2019,5,19.704
630,"Detroit-Warren-Dearborn, MI",2019,6,21.27
630,"Detroit-Warren-Dearborn, MI",2019,7,23.332
630,"Detroit-Warren-Dearborn, MI",2019,8,25.304
630,"Detroit-Warren-Dearborn, MI",2019,9,22.771
630,"Detroit-Warren-Dearborn, MI",2019,10,20.41
630,"Detroit-Warren-Dearborn, MI",2019,11,26.149
630,"Detroit-Warren-Dearborn, MI",2019,12,31.055
631,Dewas,2025,11,135.955
631,Dewas,2025,12,131.78
631,Dewas,2026,1,130.897
631,Dewas,2026,2,123.198
631,Dewas,2026,3,109.404
631,Dewas,2026,4,103.017
631,Dewas,2026,5,98.895
631,Dewas,2026,6,85.917
631,Dewas,2026,7,75.795
631,Dewas,2026,8,75.857
631,Dewas,2026,9,74.829
631,Dewas,2026,10,90.932
632,Dhaka,2026,1,164.181
632,Dhaka,2026,2,149.186
632,Dhaka,2026,3,139.705
632,Dhaka,2026,4,130.693
632,Dhaka,2026,5,124.909
632,Dhaka,2026,6,104.427
632,Dhaka,2026,7,85.811
632,Dhaka,2026,8,82.563
632,Dhaka,2026,9,83.764
632,Dhaka,2026,10,96.891
632,Dhaka,2026,11,122.968
632,Dhaka,2026,12,123.269
633,Dhanbad,2025,11,100.81
633,Dhanbad,2025,12,108.624
633,Dhanbad,2026,1,113.645
633,Dhanbad,2026,2,109.699
633,Dhanbad,2026,3,101.694
633,Dhanbad,2026,4,96.779
633,Dhanbad,2026,5,92.386
633,Dhanbad,2026,6,83.638
633,Dhanbad,2026,7,75.844
633,Dhanbad,2026,8,73.279
633,Dhanbad,2026,9,73.163
633,Dhanbad,2026,10,94.524
636,Dharwad,2025,11,86.392
636,Dharwad,2025,12,90.134
636,Dharwad,2026,1,91.482
636,Dharwad,2026,2,93.187
636,Dharwad,2026,3,93.469
636,Dharwad,2026,4,90.426
636,Dharwad,2026,5,83.884
636,Dharwad,2026,6,79.847
636,Dharwad,2026,7,73.949
636,Dharwad,2026,8,75.636
636,Dharwad,2026,9,74.49
636,Dharwad,2026,10,98.788
639,Dibrugarh,2015,10,150.087
639,Dibrugarh,2015,11,152.698
639,Dibrugarh,2015,12,155.761
639,Dibrugarh,2016,1,151.907
639,Dibrugarh,2016,2,144.364
639,Dibrugarh,2016,3,137.905
639,Dibrugarh,2016,4,132.775
639,Dibrugarh,2016,5,127.001
639,Dibrugarh,2016,6,122.133
639,Dibrugarh,2016,7,115.694
639,Dibrugarh,2016,8,114.058
639,Dibrugarh,2016,9,115.71
640,"Dickinson, ND",2025,12,33.828
640,"Dickinson, ND",2026,1,33.505
640,"Dickinson, ND",2026,2,32.054
640,"Dickinson, ND",2026,3,29.149
640,"Dickinson, ND",2026,4,24.832
640,"Dickinson, ND",2026,5,21.013
640,"Dickinson, ND",2026,6,23.691
640,"Dickinson, ND",2026,7,25.498
640,"Dickinson, ND",2026,8,27.378
640,"Dickinson, ND",2026,9,25.067
640,"Dickinson, ND",2026,10,23.266
640,"Dickinson, ND",2026,11,29.896
641,Dimapur,2016,1,174.052
641,Dimapur,2016,2,177.704
641,Dimapur,2016,3,177.382
641,Dimapur,2016,4,177.009
641,Dimapur,2016,5,176.621
641,Dimapur,2016,6,169.588
641,Dimapur,2016,7,163.553
641,Dimapur,2016,8,160.867
641,Dimapur,2016,9,161.126
641,Dimapur,2016,10,161.867
641,Dimapur,2016,11,166.325
641,Dimapur,2016,12,174.668
643,Dock Junction,2013,1,39.224
643,Dock Junction,2013,2,36.359
643,Dock Junction,2013,3,31.42
643,Dock Junction,2013,4,25.876
643,Dock Junction,2013,5,21.651
643,Dock Junction,2013,6,24.017
643,Dock Junction,2013,7,26.058
643,Dock Junction,2013,8,28.854
643,Dock Junction,2013,9,26.312
643,Dock Junction,2013,10,25.126
643,Dock Junction,2013,11,32.581
643,Dock Junction,2013,12,37.57
645,Dodge City,2026,1,28.733
645,Dodge City,2026,2,26.093
645,Dodge City,2026,3,22.029
645,Dodge City,2026,4,18.798
645,Dodge City,2026,5,16.137
645,Dodge City,2026,6,18.228
645,Dodge City,2026,7,19.485
645,Dodge City,2026,8,21.233
645,Dodge City,2026,9,19.523
645,Dodge City,2026,10,17.483
645,Dodge City,2026,11,22.591
645,Dodge City,2026,12,25.179
646,Doha,2026,1,102.586
646,Doha,2026,2,94.016
646,Doha,2026,3,82.63
646,Doha,2026,4,74.553
646,Doha,2026,5,72.013
646,Doha,2026,6,77.336
646,Doha,2026,7,82.952
646,Doha,2026,8,88.019
646,Doha,2026,9,83.513
646,Doha,2026,10,82.111
646,Doha,2026,11,99.191
646,Doha,2026,12,114.865
648,Door,2026,1,37.584
648,Door,2026,2,33.888
648,Door,2026,3,28.883
648,Door,2026,4,22.972
648,Door,2026,5,19.983
648,Door,2026,6,21.27
648,Door,2026,7,23.332
648,Door,2026,8,25.304
648,Door,2026,9,22.817
648,Door,2026,10,20.41
648,Door,2026,11,26.149
648,Door,2026,12,31.055
649,Doraville,2013,1,49.761
649,Doraville,2013,2,45.863
649,Doraville,2013,3,38.781
649,Doraville,2013,4,32.224
649,Doraville,2013,5,28.435
649,Doraville,2013,6,31.384
649,Doraville,2013,7,33.91
649,Doraville,2013,8,35.041
649,Doraville,2013,9,33.095
649,Doraville,2013,10,32.148
649,Doraville,2013,11,38.5
649,Doraville,2013,12,43.607
650,Dothan,2020,1,42.292
650,Dothan,2020,2,40.108
650,Dothan,2020,3,35.097
650,Dothan,2020,4,30.455
650,Dothan,2020,5,26.033
650,Dothan,2020,6,29.537
650,Dothan,2020,7,31.878
650,Dothan,2020,8,33.406
650,Dothan,2020,9,31.254
650,Dothan,2020,10,29.238
650,Dothan,2020,11,37.568
650,Dothan,2020,12,43.072
651,Douglas,2025,10,50.883
651,Douglas,2025,11,55.387
651,Douglas,2025,12,58.39
651,Douglas,2026,1,55.49
651,Douglas,2026,2,52.496
651,Douglas,2026,3,45.968
651,Douglas,2026,4,37.296
651,Douglas,2026,5,33.347
651,Douglas,2026,6,34.266
651,Douglas,2026,7,35.188
651,Douglas,2026,8,36.795
651,Douglas,2026,9,34.766
652,"Douglas, GA",2026,1,43.339
652,"Douglas, GA",2026,2,40.656
652,"Douglas, GA",2026,3,34.365
652,"Douglas, GA",2026,4,29.693
652,"Douglas, GA",2026,5,26.341
652,"Douglas, GA",2026,6,29.695
652,"Douglas, GA",2026,7,31.878
652,"Douglas, GA",2026,8,33.432
652,"Douglas, GA",2026,9,31.254
652,"Douglas, GA",2026,10,29.394
652,"Douglas, GA",2026,11,37.568
652,"Douglas, GA",2026,12,43.072
653,Douglasville,2026,1,45.578
653,Douglasville,2026,2,41.477
653,Douglasville,2026,3,34.614
653,Douglasville,2026,4,29.271
653,Douglasville,2026,5,26.846
653,Douglasville,2026,6,28.673
653,Douglasville,2026,7,31.347
653,Douglasville,2026,8,33.505
653,Douglasville,2026,9,30.985
653,Douglasville,2026,10,27.749
653,Douglasville,2026,11,35.941
653,Douglasville,2026,12,40.539
654,Dover,2026,1,38.39
654,Dover,2026,2,34.639
654,Dover,2026,3,30.472
654,Dover,2026,4,26.273
654,Dover,2026,5,22.381
654,Dover,2026,6,25.241
654,Dover,2026,7,27.407
654,Dover,2026,8,29.831
654,Dover,2026,9,27.698
654,Dover,2026,10,24.86
654,Dover,2026,11,32.831
654,Dover,2026,12,37.275
655,"Dover, DE",2026,1,35.342
655,"Dover, DE",2026,2,31.622
655,"Dover, DE",2026,3,26.188
655,"Dover, DE",2026,4,21.644
655,"Dover, DE",2026,5,18.324
655,"Dover, DE",2026,6,20.515
655,"Dover, DE",2026,7,22.444
655,"Dover, DE",2026,8,24.359
655,"Dover, DE",2026,9,21.736
655,"Dover, DE",2026,10,19.361
655,"Dover, DE",2026,11,25.258
655,"Dover, DE",2026,12,29.165
656,Dripping Springs,2012,1,34.544
656,Dripping Springs,2012,2,34.016
656,Dripping Springs,2012,3,33.399
656,Dripping Springs,2012,4,31.052
656,Dripping Springs,2012,5,28.015
656,Dripping Springs,2012,6,31.351
656,Dripping Springs,2012,7,33.91
656,Dripping Springs,2012,8,35.068
656,Dripping Springs,2012,9,33.095
656,Dripping Springs,2012,10,31.822
656,Dripping Springs,2012,11,39.013
656,Dripping Springs,2012,12,45.042
657,"DuBois, PA",2020,1,34.065
657,"DuBois, PA",2020,2,33.697
657,"DuBois, PA",2020,3,31.181
657,"DuBois, PA",2020,4,27.01
657,"DuBois, PA",2020,5,22.777
657,"DuBois, PA",2020,6,25.862
657,"DuBois, PA",2020,7,27.225
657,"DuBois, PA",2020,8,29.751
657,"DuBois, PA",2020,9,27.61
657,"DuBois, PA",2020,10,25.434
657,"DuBois, PA",2020,11,33.337
657,"DuBois, PA",2020,12,38.312
658,Dubai,2026,1,115.592
658,Dubai,2026,2,101.194
658,Dubai,2026,3,88.007
658,Dubai,2026,4,78.237
658,Dubai,2026,5,75.659
658,Dubai,2026,6,81.391
658,Dubai,2026,7,88.757
658,Dubai,2026,8,95.124
658,Dubai,2026,9,87.655
658,Dubai,2026,10,83.018
658,Dubai,2026,11,102.692
658,Dubai,2026,12,116.797
659,Dublin,2026,1,31.598
659,Dublin,2026,2,29.48
659,Dublin,2026,3,25.918
659,Dublin,2026,4,21.394
659,Dublin,2026,5,18.943
659,Dublin,2026,6,21.579
659,Dublin,2026,7,23.109
659,Dublin,2026,8,24.994
659,Dublin,2026,9,21.113
659,Dublin,2026,10,19.168
659,Dublin,2026,11,25.632
659,Dublin,2026,12,30.336
660,Duchesne,2026,1,25.245
660,Duchesne,2026,2,23.733
660,Duchesne,2026,3,20.025
660,Duchesne,2026,4,16.425
660,Duchesne,2026,5,14.364
660,Duchesne,2026,6,16.224
660,Duchesne,2026,7,17.747
660,Duchesne,2026,8,18.521
660,Duchesne,2026,9,16.799
660,Duchesne,2026,10,15.249
660,Duchesne,2026,11,19.731
660,Duchesne,2026,12,22.7
661,Due West,2017,1,35.003
661,Due West,2017,2,34.155
661,Due West,2017,3,31.236
661,Due West,2017,4,27.471
661,Due West,2017,5,23.013
661,Due West,2017,6,26.629
661,Due West,2017,7,28.475
661,Due West,2017,8,31.106
661,Due West,2017,9,29.414
661,Due West,2017,10,27.403
661,Due West,2017,11,35.399
661,Due West,2017,12,40.611
662,Duluth,2026,1,25.61
662,Duluth,2026,2,23.067
662,Duluth,2026,3,19.73
662,Duluth,2026,4,15.915
662,Duluth,2026,5,13.544
662,Duluth,2026,6,14.985
662,Duluth,2026,7,15.714
662,Duluth,2026,8,16.677
662,Duluth,2026,9,14.543
662,Duluth,2026,10,12.834
662,Duluth,2026,11,16.285
662,Duluth,2026,12,18.706
663,"Duluth, MN-WI",2026,1,12.947
663,"Duluth, MN-WI",2026,2,11.042
663,"Duluth, MN-WI",2026,3,9.609
663,"Duluth, MN-WI",2026,4,7.903
663,"Duluth, MN-WI",2026,5,6.607
663,"Duluth, MN-WI",2026,6,6.866
663,"Duluth, MN-WI",2026,7,6.491
663,"Duluth, MN-WI",2026,8,6.487
663,"Duluth, MN-WI",2026,9,4.231
663,"Duluth, MN-WI",2026,10,4.091
663,"Duluth, MN-WI",2026,11,7.534
663,"Duluth, MN-WI",2026,12,8.415
664,Dune Acres,2020,1,57.853
664,Dune Acres,2020,2,54.436
664,Dune Acres,2020,3,49.107
664,Dune Acres,2020,4,41.218
664,Dune Acres,2020,5,35.463
664,Dune Acres,2020,6,37.138
664,Dune Acres,2020,7,40.136
664,Dune Acres,2020,8,43.098
664,Dune Acres,2020,9,40.4
664,Dune Acres,2020,10,37.024
664,Dune Acres,2020,11,47.358
664,Dune Acres,2020,12,52.554
666,Dunkirk,2026,1,32.383
666,Dunkirk,2026,2,30.793
666,Dunkirk,2026,3,26.454
666,Dunkirk,2026,4,21.64
666,Dunkirk,2026,5,18.597
666,Dunkirk,2026,6,20.531
666,Dunkirk,2026,7,22.549
666,Dunkirk,2026,8,24.265
666,Dunkirk,2026,9,21.541
666,Dunkirk,2026,10,19.853
666,Dunkirk,2026,11,25.36
666,Dunkirk,2026,12,29.165
667,Dunn,2019,1,20.138
667,Dunn,2019,2,18.284
667,Dunn,2019,3,16.57
667,Dunn,2019,4,13.689
667,Dunn,2019,5,11.631
667,Dunn,2019,6,12.749
667,Dunn,2019,7,13.197
667,Dunn,2019,8,14.145
667,Dunn,2019,9,12.956
667,Dunn,2019,10,10.919
667,Dunn,2019,11,13.623
667,Dunn,2019,12,15.673
669,Durango,2019,1,46.74
669,Durango,2019,2,42.808
669,Durango,2019,3,35.846
669,Durango,2019,4,29.481
669,Durango,2019,5,25.672
669,Durango,2019,6,27.749
669,Durango,2019,7,29.649
669,Durango,2019,8,31.867
669,Durango,2019,9,28.655
669,Durango,2019,10,25.801
669,Durango,2019,11,33.579
669,Durango,2019,12,38.407
670,"Durango, CO",2026,1,22.69
670,"Durango, CO",2026,2,20.164
670,"Durango, CO",2026,3,17.029
670,"Durango, CO",2026,4,14.352
670,"Durango, CO",2026,5,12.355
670,"Durango, CO",2026,6,14.192
670,"Durango, CO",2026,7,15.182
670,"Durango, CO",2026,8,16.583
670,"Durango, CO",2026,9,14.543
670,"Durango, CO",2026,10,13.0
670,"Durango, CO",2026,11,17.966
670,"Durango, CO",2026,12,20.252
672,Durban,2026,1,82.398
672,Durban,2026,2,75.61
672,Durban,2026,3,68.032
672,Durban,2026,4,59.655
672,Durban,2026,5,54.641
672,Durban,2026,6,55.492
672,Durban,2026,7,56.521
672,Durban,2026,8,57.431
672,Durban,2026,9,53.612
672,Durban,2026,10,49.81
672,Durban,2026,11,53.044
672,Durban,2026,12,56.835
673,Durgapur,2025,11,89.5
673,Durgapur,2025,12,95.656
673,Durgapur,2026,1,100.539
673,Durgapur,2026,2,98.271
673,Durgapur,2026,3,91.288
673,Durgapur,2026,4,86.887
673,Durgapur,2026,5,82.63
673,Durgapur,2026,6,79.525
673,Durgapur,2026,7,72.827
673,Durgapur,2026,8,72.597
673,Durgapur,2026,9,73.074
673,Durgapur,2026,10,92.106
674,Durham,2026,1,37.192
674,Durham,2026,2,33.872
674,Durham,2026,3,29.187
674,Durham,2026,4,25.083
674,Durham,2026,5,21.951
674,Durham,2026,6,24.127
674,Durham,2026,7,26.13
674,Durham,2026,8,28.943
674,Durham,2026,9,26.298
674,Durham,2026,10,25.286
674,Durham,2026,11,32.482
674,Durham,2026,12,37.507
675,"Durham-Chapel Hill, NC",2026,1,34.248
675,"Durham-Chapel Hill, NC",2026,2,33.655
675,"Durham-Chapel Hill, NC",2026,3,31.461
675,"Durham-Chapel Hill, NC",2026,4,26.952
675,"Durham-Chapel Hill, NC",2026,5,22.532
675,"Durham-Chapel Hill, NC",2026,6,25.253
675,"Durham-Chapel Hill, NC",2026,7,27.407
675,"Durham-Chapel Hill, NC",2026,8,29.831
675,"Durham-Chapel Hill, NC",2026,9,27.698
675,"Durham-Chapel Hill, NC",2026,10,24.893
675,"Durham-Chapel Hill, NC",2026,11,32.879
675,"Durham-Chapel Hill, NC",2026,12,37.275
676,Dyersburg,2026,1,35.077
676,Dyersburg,2026,2,31.864
676,Dyersburg,2026,3,26.542
676,Dyersburg,2026,4,21.664
676,Dyersburg,2026,5,18.835
676,Dyersburg,2026,6,20.525
676,Dyersburg,2026,7,22.444
676,Dyersburg,2026,8,24.359
676,Dyersburg,2026,9,21.808
676,Dyersburg,2026,10,19.361
676,Dyersburg,2026,11,25.136
676,Dyersburg,2026,12,29.165
677,Eagle Mountain,2026,1,34.016
677,Eagle Mountain,2026,2,33.7
677,Eagle Mountain,2026,3,31.299
677,Eagle Mountain,2026,4,27.29
677,Eagle Mountain,2026,5,23.342
677,Eagle Mountain,2026,6,25.84
677,Eagle Mountain,2026,7,27.467
677,Eagle Mountain,2026,8,29.85
677,Eagle Mountain,2026,9,27.25
677,Eagle Mountain,2026,10,24.788
677,Eagle Mountain,2026,11,32.767
677,Eagle Mountain,2026,12,37.275
678,Eagle Pass,2026,1,44.906
678,Eagle Pass,2026,2,41.195
678,Eagle Pass,2026,3,35.468
678,Eagle Pass,2026,4,30.103
678,Eagle Pass,2026,5,26.111
678,Eagle Pass,2026,6,29.947
678,Eagle Pass,2026,7,31.878
678,Eagle Pass,2026,8,33.432
678,Eagle Pass,2026,9,31.254
678,Eagle Pass,2026,10,29.453
678,Eagle Pass,2026,11,37.568
678,Eagle Pass,2026,12,43.072
679,East Bethel,2026,1,34.06
679,East Bethel,2026,2,33.466
679,East Bethel,2026,3,31.389
679,East Bethel,2026,4,26.972
679,East Bethel,2026,5,22.559
679,East Bethel,2026,6,24.84
679,East Bethel,2026,7,26.207
679,East Bethel,2026,8,29.023
679,East Bethel,2026,9,27.027
679,East Bethel,2026,10,24.708
679,East Bethel,2026,11,32.757
679,East Bethel,2026,12,37.275
680,East Brunswick (Township of),2026,1,31.325
680,East Brunswick (Township of),2026,2,29.754
680,East Brunswick (Township of),2026,3,25.347
680,East Brunswick (Township of),2026,4,21.015
680,East Brunswick (Township of),2026,5,18.156
680,East Brunswick (Township of),2026,6,20.485
680,East Brunswick (Township of),2026,7,22.367
680,East Brunswick (Township of),2026,8,24.246
680,East Brunswick (Township of),2026,9,21.453
680,East Brunswick (Township of),2026,10,19.853
680,East Brunswick (Township of),2026,11,24.928
680,East Brunswick (Township of),2026,12,28.239
681,East Chicago,2026,1,46.286
681,East Chicago,2026,2,43.312
681,East Chicago,2026,3,36.644
681,East Chicago,2026,4,29.689
681,East Chicago,2026,5,25.226
681,East Chicago,2026,6,28.636
681,East Chicago,2026,7,30.966
681,East Chicago,2026,8,32.693
681,East Chicago,2026,9,30.148
681,East Chicago,2026,10,28.512
681,East Chicago,2026,11,35.976
681,East Chicago,2026,12,40.539
682,East Farmingdale,2026,1,38.175
682,East Farmingdale,2026,2,34.158
682,East Farmingdale,2026,3,30.149
682,East Farmingdale,2026,4,26.273
682,East Farmingdale,2026,5,22.556
682,East Farmingdale,2026,6,24.829
682,East Farmingdale,2026,7,26.207
682,East Farmingdale,2026,8,29.023
682,East Farmingdale,2026,9,27.027
682,East Farmingdale,2026,10,24.708
682,East Farmingdale,2026,11,32.757
682,East Farmingdale,2026,12,37.275
683,East Greenwich (Township of),2019,12,37.374
683,East Greenwich (Township of),2020,1,36.096
683,East Greenwich (Township of),2020,2,33.013
683,East Greenwich (Township of),2020,3,28.963
683,East Greenwich (Township of),2020,4,22.972
683,East Greenwich (Township of),2020,5,19.983
683,East Greenwich (Township of),2020,6,21.27
683,East Greenwich (Township of),2020,7,23.238
683,East Greenwich (Township of),2020,8,25.21
683,East Greenwich (Township of),2020,9,22.623
683,East Greenwich (Township of),2020,10,20.41
683,East Greenwich (Township of),2020,11,26.149
684,East Hartford,2026,1,34.273
684,East Hartford,2026,2,31.6
684,East Hartford,2026,3,27.879
684,East Hartford,2026,4,22.306
684,East Hartford,2026,5,19.398
684,East Hartford,2026,6,21.25
684,East Hartford,2026,7,23.437
684,East Hartford,2026,8,25.304
684,East Hartford,2026,9,22.771
684,East Hartford,2026,10,20.401
684,East Hartford,2026,11,26.271
684,East Hartford,2026,12,31.055
685,East Highland Park,2026,1,36.263
685,East Highland Park,2026,2,32.197
685,East Highland Park,2026,3,27.302
685,East Highland Park,2026,4,22.306
685,East Highland Park,2026,5,19.398
685,East Highland Park,2026,6,21.259
685,East Highland Park,2026,7,23.223
685,East Highland Park,2026,8,25.304
685,East Highland Park,2026,9,22.771
685,East Highland Park,2026,10,20.41
685,East Highland Park,2026,11,26.271
685,East Highland Park,2026,12,31.055
686,East Liverpool,2026,1,33.273
686,East Liverpool,2026,2,31.622
686,East Liverpool,2026,3,27.377
686,East Liverpool,2026,4,22.306
686,East Liverpool,2026,5,19.398
686,East Liverpool,2026,6,21.259
686,East Liverpool,2026,7,23.332
686,East Liverpool,2026,8,25.304
686,East Liverpool,2026,9,22.771
686,East Liverpool,2026,10,20.41
686,East Liverpool,2026,11,26.149
686,East Liverpool,2026,12,31.055
687,East Meadow,2026,1,30.244
687,East Meadow,2026,2,28.654
687,East Meadow,2026,3,23.935
687,East Meadow,2026,4,19.686
687,East Meadow,2026,5,16.425
687,East Meadow,2026,6,18.214
687,East Meadow,2026,7,19.408
687,East Meadow,2026,8,21.12
687,East Meadow,2026,9,19.24
687,East Meadow,2026,10,17.324
687,East Meadow,2026,11,22.561
687,East Meadow,2026,12,25.185
688,East Orange,2017,1,34.997
688,East Orange,2017,2,33.92
688,East Orange,2017,3,31.408
688,East Orange,2017,4,27.25
688,East Orange,2017,5,23.57
688,East Orange,2017,6,25.971
688,East Orange,2017,7,27.601
688,East Orange,2017,8,29.895
688,East Orange,2017,9,27.529
688,East Orange,2017,10,24.852
688,East Orange,2017,11,32.856
688,East Orange,2017,12,37.375
689,East Providence,2026,1,45.189
689,East Providence,2026,2,41.696
689,East Providence,2026,3,34.706
689,East Providence,2026,4,29.331
689,East Providence,2026,5,26.758
689,East Providence,2026,6,28.719
689,East Providence,2026,7,31.347
689,East Providence,2026,8,33.505
689,East Providence,2026,9,31.072
689,East Providence,2026,10,28.489
689,East Providence,2026,11,37.266
689,East Providence,2026,12,43.072
690,East Ridge,2020,1,41.151
690,East Ridge,2020,2,37.954
690,East Ridge,2020,3,31.003
690,East Ridge,2020,4,25.721
690,East Ridge,2020,5,22.006
690,East Ridge,2020,6,24.597
690,East Ridge,2020,7,26.207
690,East Ridge,2020,8,29.023
690,East Ridge,2020,9,27.159
690,East Ridge,2020,10,24.796
690,East Ridge,2020,11,32.757
690,East Ridge,2020,12,37.275
691,East Saint Louis,2026,1,45.909
691,East Saint Louis,2026,2,41.965
691,East Saint Louis,2026,3,34.719
691,East Saint Louis,2026,4,29.331
691,East Saint Louis,2026,5,26.619
691,East Saint Louis,2026,6,28.71
691,East Saint Louis,2026,7,31.085
691,East Saint Louis,2026,8,33.523
691,East Saint Louis,2026,9,30.848
691,East Saint Louis,2026,10,27.829
691,East Saint Louis,2026,11,35.951
691,East Saint Louis,2026,12,40.539
692,"East Stroudsburg, PA",2026,1,33.199
692,"East Stroudsburg, PA",2026,2,31.935
692,"East Stroudsburg, PA",2026,3,27.702
692,"East Stroudsburg, PA",2026,4,22.327
692,"East Stroudsburg, PA",2026,5,19.983
692,"East Stroudsburg, PA",2026,6,21.27
692,"East Stroudsburg, PA",2026,7,23.332
692,"East Stroudsburg, PA",2026,8,25.304
692,"East Stroudsburg, PA",2026,9,22.817
692,"East Stroudsburg, PA",2026,10,20.41
692,"East Stroudsburg, PA",2026,11,26.149
692,"East Stroudsburg, PA",2026,12,31.055
693,East Syracuse,2026,1,36.458
693,East Syracuse,2026,2,33.091
693,East Syracuse,2026,3,29.126
693,East Syracuse,2026,4,24.595
693,East Syracuse,2026,5,20.874
693,East Syracuse,2026,6,23.528
693,East Syracuse,2026,7,25.39
693,East Syracuse,2026,8,27.284
693,East Syracuse,2026,9,25.067
693,East Syracuse,2026,10,23.798
693,East Syracuse,2026,11,29.896
693,East Syracuse,2026,12,34.526
694,Eastlake,2026,1,34.065
694,Eastlake,2026,2,33.697
694,Eastlake,2026,3,31.201
694,Eastlake,2026,4,27.01
694,Eastlake,2026,5,22.889
694,Eastlake,2026,6,25.862
694,Eastlake,2026,7,27.313
694,Eastlake,2026,8,29.751
694,Eastlake,2026,9,27.698
694,Eastlake,2026,10,25.434
694,Eastlake,2026,11,33.337
694,Eastlake,2026,12,38.312
695,Eatonville,2010,1,34.544
695,Eatonville,2010,2,34.016
695,Eatonville,2010,3,33.494
695,Eatonville,2010,4,31.147
695,Eatonville,2010,5,28.139
695,Eatonville,2010,6,31.405
695,Eatonville,2010,7,34.122
695,Eatonville,2010,8,35.74
695,Eatonville,2010,9,33.51
695,Eatonville,2010,10,31.917
695,Eatonville,2010,11,39.013
695,Eatonville,2010,12,45.032
696,Eau Claire,2026,1,38.636
696,Eau Claire,2026,2,34.752
696,Eau Claire,2026,3,30.424
696,Eau Claire,2026,4,26.331
696,Eau Claire,2026,5,22.192
696,Eau Claire,2026,6,25.658
696,Eau Claire,2026,7,27.318
696,Eau Claire,2026,8,29.793
696,Eau Claire,2026,9,27.61
696,Eau Claire,2026,10,25.434
696,Eau Claire,2026,11,33.337
696,Eau Claire,2026,12,38.312
698,Edgewood,2026,1,37.356
698,Edgewood,2026,2,33.142
698,Edgewood,2026,3,28.796
698,Edgewood,2026,4,22.951
698,Edgewood,2026,5,19.826
698,Edgewood,2026,6,21.458
698,Edgewood,2026,7,23.437
698,Edgewood,2026,8,25.21
698,Edgewood,2026,9,22.771
698,Edgewood,2026,10,20.792
698,Edgewood,2026,11,26.479
698,Edgewood,2026,12,31.055
699,Edinburg,2026,1,52.91
699,Edinburg,2026,2,49.074
699,Edinburg,2026,3,41.693
699,Edinburg,2026,4,34.08
699,Edinburg,2026,5,30.39
699,Edinburg,2026,6,32.511
699,Edinburg,2026,7,34.701
699,Edinburg,2026,8,35.549
699,Edinburg,2026,9,33.438
699,Edinburg,2026,10,31.573
699,Edinburg,2026,11,38.966
699,Edinburg,2026,12,43.578
700,Edinburgh,2026,1,46.005
700,Edinburgh,2026,2,43.376
700,Edinburgh,2026,3,37.249
700,Edinburgh,2026,4,31.58
700,Edinburgh,2026,5,27.301
700,Edinburgh,2026,6,31.033
700,Edinburgh,2026,7,33.685
700,Edinburgh,2026,8,34.845
700,Edinburgh,2026,9,31.408
700,Edinburgh,2026,10,29.416
700,Edinburgh,2026,11,38.087
700,Edinburgh,2026,12,44.432
701,Edmonton,2026,1,31.018
701,Edmonton,2026,2,28.957
701,Edmonton,2026,3,24.452
701,Edmonton,2026,4,20.367
701,Edmonton,2026,5,17.5
701,Edmonton,2026,6,19.502
701,Edmonton,2026,7,21.023
701,Edmonton,2026,8,23.058
701,Edmonton,2026,9,20.906
701,Edmonton,2026,10,18.93
701,Edmonton,2026,11,24.03
701,Edmonton,2026,12,28.515
702,Effingham,2026,1,34.06
702,Effingham,2026,2,33.709
702,Effingham,2026,3,31.299
702,Effingham,2026,4,27.223
702,Effingham,2026,5,23.446
702,Effingham,2026,6,25.848
702,Effingham,2026,7,27.467
702,Effingham,2026,8,29.831
702,Effingham,2026,9,27.473
702,Effingham,2026,10,24.796
702,Effingham,2026,11,32.757
702,Effingham,2026,12,37.275
703,El Cajon,2026,1,42.975
703,El Cajon,2026,2,39.087
703,El Cajon,2026,3,33.177
703,El Cajon,2026,4,28.57
703,El Cajon,2026,5,24.467
703,El Cajon,2026,6,26.662
703,El Cajon,2026,7,29.112
703,El Cajon,2026,8,31.635
703,El Cajon,2026,9,29.22
703,El Cajon,2026,10,26.605
703,El Cajon,2026,11,34.725
703,El Cajon,2026,12,37.88
704,El Centro,2026,1,18.679
704,El Centro,2026,2,15.439
704,El Centro,2026,3,13.4
704,El Centro,2026,4,10.982
704,El Centro,2026,5,9.262
704,El Centro,2026,6,10.568
704,El Centro,2026,7,11.509
704,El Centro,2026,8,12.325
704,El Centro,2026,9,10.524
704,El Centro,2026,10,9.34
704,El Centro,2026,11,12.357
704,El Centro,2026,12,14.013
705,"El Centro, CA",2026,1,77.178
705,"El Centro, CA",2026,2,72.19
705,"El Centro, CA",2026,3,66.521
705,"El Centro, CA",2026,4,59.517
705,"El Centro, CA",2026,5,55.644
705,"El Centro, CA",2026,6,56.527
705,"El Centro, CA",2026,7,56.734
705,"El Centro, CA",2026,8,57.088
705,"El Centro, CA",2026,9,55.019
705,"El Centro, CA",2026,10,52.255
705,"El Centro, CA",2026,11,57.169
705,"El Centro, CA",2026,12,59.819
706,El Dorado,2026,1,48.692
706,El Dorado,2026,2,44.592
706,El Dorado,2026,3,37.034
706,El Dorado,2026,4,30.607
706,El Dorado,2026,5,25.788
706,El Dorado,2026,6,28.59
706,El Dorado,2026,7,30.966
706,El Dorado,2026,8,32.655
706,El Dorado,2026,9,30.148
706,El Dorado,2026,10,28.512
706,El Dorado,2026,11,36.019
706,El Dorado,2026,12,41.782
707,El Paso,2025,12,78.527
707,El Paso,2026,1,75.033
707,El Paso,2026,2,70.735
707,El Paso,2026,3,63.19
707,El Paso,2026,4,57.971
707,El Paso,2026,5,54.29
707,El Paso,2026,6,54.802
707,El Paso,2026,7,55.063
707,El Paso,2026,8,55.894
707,El Paso,2026,9,52.637
707,El Paso,2026,10,48.854
707,El Paso,2026,11,54.168
708,El Paso de Robles (corporate name for Paso Robles),2026,1,44.762
708,El Paso de Robles (corporate name for Paso Robles),2026,2,41.716
708,El Paso de Robles (corporate name for Paso Robles),2026,3,35.468
708,El Paso de Robles (corporate name for Paso Robles),2026,4,30.103
708,El Paso de Robles (corporate name for Paso Robles),2026,5,26.085
708,El Paso de Robles (corporate name for Paso Robles),2026,6,29.577
708,El Paso de Robles (corporate name for Paso Robles),2026,7,31.878
708,El Paso de Robles (corporate name for Paso Robles),2026,8,33.406
708,El Paso de Robles (corporate name for Paso Robles),2026,9,31.254
708,El Paso de Robles (corporate name for Paso Robles),2026,10,29.453
708,El Paso de Robles (corporate name for Paso Robles),2026,11,37.568
708,El Paso de Robles (corporate name for Paso Robles),2026,12,43.072
709,Elgin,2026,1,48.215
709,Elgin,2026,2,45.059
709,Elgin,2026,3,38.281
709,Elgin,2026,4,31.711
709,Elgin,2026,5,27.336
709,Elgin,2026,6,29.433
709,Elgin,2026,7,31.93
709,Elgin,2026,8,33.505
709,Elgin,2026,9,31.072
709,Elgin,2026,10,28.401
709,Elgin,2026,11,37.266
709,Elgin,2026,12,43.072
710,Elizabeth,2026,1,42.975
710,Elizabeth,2026,2,38.114
710,Elizabeth,2026,3,32.06
710,Elizabeth,2026,4,26.699
710,Elizabeth,2026,5,22.189
710,Elizabeth,2026,6,24.829
710,Elizabeth,2026,7,26.207
710,Elizabeth,2026,8,29.023
710,Elizabeth,2026,9,27.027
710,Elizabeth,2026,10,24.708
710,Elizabeth,2026,11,32.757
710,Elizabeth,2026,12,37.275
711,Elizabethtown,2025,1,32.279
711,Elizabethtown,2025,2,30.016
711,Elizabethtown,2025,3,26.458
711,Elizabethtown,2025,4,21.66
711,Elizabethtown,2025,5,18.801
711,Elizabethtown,2025,6,20.525
711,Elizabethtown,2025,7,22.444
711,Elizabethtown,2025,8,24.359
711,Elizabethtown,2025,9,21.808
711,Elizabethtown,2025,10,19.361
711,Elizabethtown,2025,11,25.136
711,Elizabethtown,2025,12,29.165
712,Elkhart,2026,1,45.952
712,Elkhart,2026,2,41.039
712,Elkhart,2026,3,34.614
712,Elkhart,2026,4,29.251
712,Elkhart,2026,5,26.203
712,Elkhart,2026,6,28.601
712,Elkhart,2026,7,31.239
712,Elkhart,2026,8,33.505
712,Elkhart,2026,9,31.127
712,Elkhart,2026,10,28.401
712,Elkhart,2026,11,37.388
712,Elkhart,2026,12,43.072
714,Elko,2026,1,55.948
714,Elko,2026,2,52.447
714,Elko,2026,3,45.968
714,Elko,2026,4,37.27
714,Elko,2026,5,33.347
714,Elko,2026,6,34.266
714,Elko,2026,7,35.188
714,Elko,2026,8,36.795
714,Elko,2026,9,34.739
714,Elko,2026,10,32.312
714,Elko,2026,11,36.452
714,Elko,2026,12,41.358
715,"Elko, NV",2026,1,22.988
715,"Elko, NV",2026,2,19.863
715,"Elko, NV",2026,3,16.308
715,"Elko, NV",2026,4,13.346
715,"Elko, NV",2026,5,11.436
715,"Elko, NV",2026,6,13.222
715,"Elko, NV",2026,7,14.098
715,"Elko, NV",2026,8,15.715
715,"Elko, NV",2026,9,13.786
715,"Elko, NV",2026,10,12.131
715,"Elko, NV",2026,11,16.179
715,"Elko, NV",2026,12,18.687
716,Ellensburg,2026,1,25.087
716,Ellensburg,2026,2,23.219
716,Ellensburg,2026,3,19.775
716,Ellensburg,2026,4,15.935
716,Ellensburg,2026,5,13.544
716,Ellensburg,2026,6,14.996
716,Ellensburg,2026,7,15.823
716,Ellensburg,2026,8,16.677
716,Ellensburg,2026,9,14.543
716,Ellensburg,2026,10,12.834
716,Ellensburg,2026,11,16.201
716,Ellensburg,2026,12,18.706
717,Elmira,2013,1,34.539
717,Elmira,2013,2,33.946
717,Elmira,2013,3,31.433
717,Elmira,2013,4,27.243
717,Elmira,2013,5,23.574
717,Elmira,2013,6,25.693
717,Elmira,2013,7,27.6
717,Elmira,2013,8,29.894
717,Elmira,2013,9,27.502
717,Elmira,2013,10,24.768
717,Elmira,2013,11,32.861
717,Elmira,2013,12,37.337
718,Eloy,2026,1,75.302
718,Eloy,2026,2,70.574
718,Eloy,2026,3,63.465
718,Eloy,2026,4,57.984
718,Eloy,2026,5,54.017
718,Eloy,2026,6,54.806
718,Eloy,2026,7,55.109
718,Eloy,2026,8,55.972
718,Eloy,2026,9,52.549
718,Eloy,2026,10,48.186
718,Eloy,2026,11,54.109
718,Eloy,2026,12,57.903
720,Emmetsburg,2026,1,38.807
720,Emmetsburg,2026,2,34.56
720,Emmetsburg,2026,3,30.472
720,Emmetsburg,2026,4,26.273
720,Emmetsburg,2026,5,22.381
720,Emmetsburg,2026,6,25.468
720,Emmetsburg,2026,7,27.407
720,Emmetsburg,2026,8,29.789
720,Emmetsburg,2026,9,27.698
720,Emmetsburg,2026,10,25.21
720,Emmetsburg,2026,11,33.305
720,Emmetsburg,2026,12,38.312
721,"Emporia, KS",2026,1,25.939
721,"Emporia, KS",2026,2,24.233
721,"Emporia, KS",2026,3,21.049
721,"Emporia, KS",2026,4,17.622
721,"Emporia, KS",2026,5,15.126
721,"Emporia, KS",2026,6,16.691
721,"Emporia, KS",2026,7,17.645
721,"Emporia, KS",2026,8,18.408
721,"Emporia, KS",2026,9,16.711
721,"Emporia, KS",2026,10,14.77
721,"Emporia, KS",2026,11,19.169
721,"Emporia, KS",2026,12,22.484
722,Enid,2026,1,51.229
722,Enid,2026,2,47.639
722,Enid,2026,3,39.987
722,Enid,2026,4,32.345
722,Enid,2026,5,28.151
722,Enid,2026,6,30.639
722,Enid,2026,7,32.998
722,Enid,2026,8,34.29
722,Enid,2026,9,32.313
722,Enid,2026,10,30.193
722,Enid,2026,11,38.57
722,Enid,2026,12,43.846
724,Enon,2026,1,33.823
724,Enon,2026,2,32.255
724,Enon,2026,3,28.923
724,Enon,2026,4,23.289
724,Enon,2026,5,20.225
724,Enon,2026,6,22.278
724,Enon,2026,7,24.371
724,Enon,2026,8,25.986
724,Enon,2026,9,23.224
724,Enon,2026,10,21.349
724,Enon,2026,11,26.854
724,Enon,2026,12,31.415
725,Enumclaw,2026,1,20.799
725,Enumclaw,2026,2,17.949
725,Enumclaw,2026,3,15.224
725,Enumclaw,2026,4,12.625
725,Enumclaw,2026,5,10.751
725,Enumclaw,2026,6,11.753
725,Enumclaw,2026,7,12.358
725,Enumclaw,2026,8,13.145
725,Enumclaw,2026,9,11.482
725,Enumclaw,2026,10,10.555
725,Enumclaw,2026,11,13.406
725,Enumclaw,2026,12,15.736
726,Erda,2026,1,29.739
726,Erda,2026,2,26.795
726,Erda,2026,3,21.982
726,Erda,2026,4,17.899
726,Erda,2026,5,15.301
726,Erda,2026,6,17.09
726,Erda,2026,7,18.501
726,Erda,2026,8,20.109
726,Erda,2026,9,18.789
726,Erda,2026,10,16.908
726,Erda,2026,11,21.636
726,Erda,2026,12,23.552
727,Erie,2026,1,36.998
727,Erie,2026,2,32.824
727,Erie,2026,3,27.701
727,Erie,2026,4,22.327
727,Erie,2026,5,19.983
727,Erie,2026,6,21.27
727,Erie,2026,7,23.332
727,Erie,2026,8,25.304
727,Erie,2026,9,22.817
727,Erie,2026,10,20.41
727,Erie,2026,11,26.149
727,Erie,2026,12,31.055
729,Escalante,2020,1,34.06
729,Escalante,2020,2,33.709
729,Escalante,2020,3,31.346
729,Escalante,2020,4,27.19
729,Escalante,2020,5,23.524
729,Escalante,2020,6,25.853
729,Escalante,2020,7,27.467
729,Escalante,2020,8,29.831
729,Escalante,2020,9,27.473
729,Escalante,2020,10,24.708
729,Escalante,2020,11,32.757
729,Escalante,2020,12,37.275
730,Escondido,2016,1,45.932
730,Escondido,2016,2,41.684
730,Escondido,2016,3,34.711
730,Escondido,2016,4,29.278
730,Escondido,2016,5,26.518
730,Escondido,2016,6,28.942
730,Escondido,2016,7,31.533
730,Escondido,2016,8,33.611
730,Escondido,2016,9,31.374
730,Escondido,2016,10,28.843
730,Escondido,2016,11,37.439
730,Escondido,2016,12,43.145
731,"Espa¤ola, NM",2026,1,9.792
731,"Espa¤ola, NM",2026,2,8.127
731,"Espa¤ola, NM",2026,3,7.374
731,"Espa¤ola, NM",2026,4,6.325
731,"Espa¤ola, NM",2026,5,5.142
731,"Espa¤ola, NM",2026,6,6.342
731,"Espa¤ola, NM",2026,7,6.491
731,"Espa¤ola, NM",2026,8,6.487
731,"Espa¤ola, NM",2026,9,4.231
731,"Espa¤ola, NM",2026,10,4.155
731,"Espa¤ola, NM",2026,11,7.569
731,"Espa¤ola, NM",2026,12,8.415
732,Essex,2026,1,36.263
732,Essex,2026,2,32.197
732,Essex,2026,3,27.302
732,Essex,2026,4,22.306
732,Essex,2026,5,19.398
732,Essex,2026,6,21.259
732,Essex,2026,7,23.332
732,Essex,2026,8,25.304
732,Essex,2026,9,22.771
732,Essex,2026,10,20.41
732,Essex,2026,11,26.149
732,Essex,2026,12,31.055
733,Eugene,2026,1,31.48
733,Eugene,2026,2,28.632
733,Eugene,2026,3,24.005
733,Eugene,2026,4,20.088
733,Eugene,2026,5,17.731
733,Eugene,2026,6,19.731
733,Eugene,2026,7,21.047
733,Eugene,2026,8,23.243
733,Eugene,2026,9,21.141
733,Eugene,2026,10,19.245
733,Eugene,2026,11,25.466
733,Eugene,2026,12,29.165
734,"Eugene, OR",2026,1,9.275
734,"Eugene, OR",2026,2,8.238
734,"Eugene, OR",2026,3,7.397
734,"Eugene, OR",2026,4,6.325
734,"Eugene, OR",2026,5,5.25
734,"Eugene, OR",2026,6,6.193
734,"Eugene, OR",2026,7,6.386
734,"Eugene, OR",2026,8,6.487
734,"Eugene, OR",2026,9,4.231
734,"Eugene, OR",2026,10,4.028
734,"Eugene, OR",2026,11,7.177
734,"Eugene, OR",2026,12,8.415
735,Eureka,2026,1,36.158
735,Eureka,2026,2,32.934
735,Eureka,2026,3,27.821
735,Eureka,2026,4,22.615
735,Eureka,2026,5,20.047
735,Eureka,2026,6,22.151
735,Eureka,2026,7,24.371
735,Eureka,2026,8,25.986
735,Eureka,2026,9,23.224
735,Eureka,2026,10,21.043
735,Eureka,2026,11,26.854
735,Eureka,2026,12,31.415
736,"Eureka-Arcata-Fortuna, CA",2026,1,33.147
736,"Eureka-Arcata-Fortuna, CA",2026,2,31.935
736,"Eureka-Arcata-Fortuna, CA",2026,3,27.624
736,"Eureka-Arcata-Fortuna, CA",2026,4,22.36
736,"Eureka-Arcata-Fortuna, CA",2026,5,19.905
736,"Eureka-Arcata-Fortuna, CA",2026,6,21.451
736,"Eureka-Arcata-Fortuna, CA",2026,7,23.332
736,"Eureka-Arcata-Fortuna, CA",2026,8,25.304
736,"Eureka-Arcata-Fortuna, CA",2026,9,22.844
736,"Eureka-Arcata-Fortuna, CA",2026,10,20.498
736,"Eureka-Arcata-Fortuna, CA",2026,11,26.149
736,"Eureka-Arcata-Fortuna, CA",2026,12,31.055
737,Evans,2025,1,34.248
737,Evans,2025,2,33.655
737,Evans,2025,3,31.461
737,Evans,2025,4,26.952
737,Evans,2025,5,22.385
737,Evans,2025,6,24.96
737,Evans,2025,7,26.098
737,Evans,2025,8,28.981
737,Evans,2025,9,26.386
737,Evans,2025,10,23.875
737,Evans,2025,11,31.328
737,Evans,2025,12,36.32
738,Evanston,2026,1,34.248
738,Evanston,2026,2,33.61
738,Evanston,2026,3,31.444
738,Evanston,2026,4,26.952
738,Evanston,2026,5,22.385
738,Evanston,2026,6,25.468
738,Evanston,2026,7,27.407
738,Evanston,2026,8,29.789
738,Evanston,2026,9,27.698
738,Evanston,2026,10,25.21
738,Evanston,2026,11,33.305
738,Evanston,2026,12,38.312
739,"Evanston, WY",2026,1,33.13
739,"Evanston, WY",2026,2,31.935
739,"Evanston, WY",2026,3,27.658
739,"Evanston, WY",2026,4,22.327
739,"Evanston, WY",2026,5,19.939
739,"Evanston, WY",2026,6,21.27
739,"Evanston, WY",2026,7,23.332
739,"Evanston, WY",2026,8,25.304
739,"Evanston, WY",2026,9,22.844
739,"Evanston, WY",2026,10,20.41
739,"Evanston, WY",2026,11,26.149
739,"Evanston, WY",2026,12,31.055
740,Evansville,2026,1,43.452
740,Evansville,2026,2,39.198
740,Evansville,2026,3,33.345
740,Evansville,2026,4,28.299
740,Evansville,2026,5,24.166
740,Evansville,2026,6,26.676
740,Evansville,2026,7,29.217
740,Evansville,2026,8,31.593
740,Evansville,2026,9,29.446
740,Evansville,2026,10,26.691
740,Evansville,2026,11,34.847
740,Evansville,2026,12,37.88
741,"Evansville, IN-KY",2026,1,52.825
741,"Evansville, IN-KY",2026,2,49.468
741,"Evansville, IN-KY",2026,3,41.574
741,"Evansville, IN-KY",2026,4,34.159
741,"Evansville, IN-KY",2026,5,30.319
741,"Evansville, IN-KY",2026,6,32.424
741,"Evansville, IN-KY",2026,7,34.239
741,"Evansville, IN-KY",2026,8,35.495
741,"Evansville, IN-KY",2026,9,33.337
741,"Evansville, IN-KY",2026,10,31.453
741,"Evansville, IN-KY",2026,11,38.892
741,"Evansville, IN-KY",2026,12,43.578
743,Ewa Beach,2010,1,34.539
743,Ewa Beach,2010,2,33.656
743,Ewa Beach,2010,3,31.619
743,Ewa Beach,2010,4,27.099
743,Ewa Beach,2010,5,23.748
743,Ewa Beach,2010,6,25.904
743,Ewa Beach,2010,7,27.723
743,Ewa Beach,2010,8,30.018
743,Ewa Beach,2010,9,28.478
743,Ewa Beach,2010,10,25.703
743,Ewa Beach,2010,11,33.68
743,Ewa Beach,2010,12,38.407
744,Ewing,2016,1,36.339
744,Ewing,2016,2,32.361
744,Ewing,2016,3,27.81
744,Ewing,2016,4,22.353
744,Ewing,2016,5,20.106
744,Ewing,2016,6,22.488
744,Ewing,2016,7,24.676
744,Ewing,2016,8,26.131
744,Ewing,2016,9,24.529
744,Ewing,2016,10,22.007
744,Ewing,2016,11,28.993
744,Ewing,2016,12,32.934
745,Fairbanks,2026,1,39.343
745,Fairbanks,2026,2,35.954
745,Fairbanks,2026,3,30.212
745,Fairbanks,2026,4,24.853
745,Fairbanks,2026,5,21.09
745,Fairbanks,2026,6,23.582
745,Fairbanks,2026,7,25.393
745,Fairbanks,2026,8,27.378
745,Fairbanks,2026,9,25.139
745,Fairbanks,2026,10,23.16
745,Fairbanks,2026,11,29.687
745,Fairbanks,2026,12,34.526
746,"Fairbanks, AK",2026,1,48.692
746,"Fairbanks, AK",2026,2,44.283
746,"Fairbanks, AK",2026,3,37.061
746,"Fairbanks, AK",2026,4,30.564
746,"Fairbanks, AK",2026,5,26.078
746,"Fairbanks, AK",2026,6,29.404
746,"Fairbanks, AK",2026,7,32.008
746,"Fairbanks, AK",2026,8,34.29
746,"Fairbanks, AK",2026,9,32.313
746,"Fairbanks, AK",2026,10,30.419
746,"Fairbanks, AK",2026,11,38.363
746,"Fairbanks, AK",2026,12,43.846
747,Fairfield,2026,1,34.751
747,Fairfield,2026,2,31.879
747,Fairfield,2026,3,27.99
747,Fairfield,2026,4,22.306
747,Fairfield,2026,5,19.826
747,Fairfield,2026,6,21.921
747,Fairfield,2026,7,23.437
747,Fairfield,2026,8,25.21
747,Fairfield,2026,9,22.771
747,Fairfield,2026,10,20.67
747,Fairfield,2026,11,26.45
747,Fairfield,2026,12,31.055
748,Fairhaven (Town of),2026,1,34.06
748,Fairhaven (Town of),2026,2,33.7
748,Fairhaven (Town of),2026,3,31.299
748,Fairhaven (Town of),2026,4,27.223
748,Fairhaven (Town of),2026,5,23.446
748,Fairhaven (Town of),2026,6,25.84
748,Fairhaven (Town of),2026,7,27.467
748,Fairhaven (Town of),2026,8,29.831
748,Fairhaven (Town of),2026,9,27.473
748,Fairhaven (Town of),2026,10,24.788
748,Fairhaven (Town of),2026,11,32.767
748,Fairhaven (Town of),2026,12,37.275
749,Fairhope,2026,1,37.356
749,Fairhope,2026,2,33.66
749,Fairhope,2026,3,29.079
749,Fairhope,2026,4,24.595
749,Fairhope,2026,5,20.874
749,Fairhope,2026,6,23.528
749,Fairhope,2026,7,25.39
749,Fairhope,2026,8,27.284
749,Fairhope,2026,9,25.067
749,Fairhope,2026,10,23.798
749,Fairhope,2026,11,29.896
749,Fairhope,2026,12,34.526
750,Fairmont,2026,1,37.173
750,Fairmont,2026,2,33.539
750,Fairmont,2026,3,28.808
750,Fairmont,2026,4,23.01
750,Fairmont,2026,5,20.225
750,Fairmont,2026,6,22.517
750,Fairmont,2026,7,24.371
750,Fairmont,2026,8,25.986
750,Fairmont,2026,9,23.224
750,Fairmont,2026,10,21.418
750,Fairmont,2026,11,26.854
750,Fairmont,2026,12,31.415
751,Fairport Harbor (Fairport),2020,1,32.147
751,Fairport Harbor (Fairport),2020,2,30.016
751,Fairport Harbor (Fairport),2020,3,26.458
751,Fairport Harbor (Fairport),2020,4,21.66
751,Fairport Harbor (Fairport),2020,5,18.801
751,Fairport Harbor (Fairport),2020,6,20.525
751,Fairport Harbor (Fairport),2020,7,22.444
751,Fairport Harbor (Fairport),2020,8,24.265
751,Fairport Harbor (Fairport),2020,9,21.781
751,Fairport Harbor (Fairport),2020,10,19.361
751,Fairport Harbor (Fairport),2020,11,25.136
751,Fairport Harbor (Fairport),2020,12,29.165
752,Fairview,2026,1,34.065
752,Fairview,2026,2,33.697
752,Fairview,2026,3,31.201
752,Fairview,2026,4,27.01
752,Fairview,2026,5,22.845
752,Fairview,2026,6,25.862
752,Fairview,2026,7,27.225
752,Fairview,2026,8,29.751
752,Fairview,2026,9,27.61
752,Fairview,2026,10,25.434
752,Fairview,2026,11,33.337
752,Fairview,2026,12,38.312
753,Fall River,2026,1,32.383
753,Fall River,2026,2,30.793
753,Fall River,2026,3,26.487
753,Fall River,2026,4,21.64
753,Fall River,2026,5,18.556
753,Fall River,2026,6,20.827
753,Fall River,2026,7,22.549
753,Fall River,2026,8,24.265
753,Fall River,2026,9,21.541
753,Fall River,2026,10,19.853
753,Fall River,2026,11,25.371
753,Fall River,2026,12,29.165
754,Fallon,2026,1,34.065
754,Fallon,2026,2,33.654
754,Fallon,2026,3,31.419
754,Fallon,2026,4,26.952
754,Fallon,2026,5,22.353
754,Fallon,2026,6,25.703
754,Fallon,2026,7,27.407
754,Fallon,2026,8,29.789
754,Fallon,2026,9,27.698
754,Fallon,2026,10,25.434
754,Fallon,2026,11,33.294
754,Fallon,2026,12,38.312
755,"Fargo, ND-MN",2026,1,48.33
755,"Fargo, ND-MN",2026,2,44.718
755,"Fargo, ND-MN",2026,3,37.18
755,"Fargo, ND-MN",2026,4,30.584
755,"Fargo, ND-MN",2026,5,26.179
755,"Fargo, ND-MN",2026,6,28.636
755,"Fargo, ND-MN",2026,7,31.347
755,"Fargo, ND-MN",2026,8,33.505
755,"Fargo, ND-MN",2026,9,30.985
755,"Fargo, ND-MN",2026,10,27.749
755,"Fargo, ND-MN",2026,11,35.941
755,"Fargo, ND-MN",2026,12,40.539
756,Faridabad,2025,11,150.984
756,Faridabad,2025,12,153.973
756,Faridabad,2026,1,152.941
756,Faridabad,2026,2,138.434
756,Faridabad,2026,3,128.662
756,Faridabad,2026,4,120.541
756,Faridabad,2026,5,110.42
756,Faridabad,2026,6,96.399
756,Faridabad,2026,7,80.409
756,Faridabad,2026,8,77.474
756,Faridabad,2026,9,77.435
756,Faridabad,2026,10,95.413
758,Farmington,2016,1,19.251
758,Farmington,2016,2,17.455
758,Farmington,2016,3,14.439
758,Farmington,2016,4,11.875
758,Farmington,2016,5,10.321
758,Farmington,2016,6,11.4
758,Farmington,2016,7,12.519
758,Farmington,2016,8,13.236
758,Farmington,2016,9,11.637
758,Farmington,2016,10,10.136
758,Farmington,2016,11,13.284
758,Farmington,2016,12,15.813
759,"Farmington, NM",2026,1,23.896
759,"Farmington, NM",2026,2,21.71
759,"Farmington, NM",2026,3,18.155
759,"Farmington, NM",2026,4,15.628
759,"Farmington, NM",2026,5,13.428
759,"Farmington, NM",2026,6,14.949
759,"Farmington, NM",2026,7,15.821
759,"Farmington, NM",2026,8,16.564
759,"Farmington, NM",2026,9,14.436
759,"Farmington, NM",2026,10,12.807
759,"Farmington, NM",2026,11,16.341
759,"Farmington, NM",2026,12,18.694
760,Farrell,2026,1,36.158
760,Farrell,2026,2,32.934
760,Farrell,2026,3,27.821
760,Farrell,2026,4,22.615
760,Farrell,2026,5,20.047
760,Farrell,2026,6,22.151
760,Farrell,2026,7,24.371
760,Farrell,2026,8,25.986
760,Farrell,2026,9,23.224
760,Farrell,2026,10,21.043
760,Farrell,2026,11,26.854
760,Farrell,2026,12,31.415
763,Fayetteville,2026,1,51.229
763,Fayetteville,2026,2,47.855
763,Fayetteville,2026,3,39.885
763,Fayetteville,2026,4,32.36
763,Fayetteville,2026,5,28.39
763,Fayetteville,2026,6,30.333
763,Fayetteville,2026,7,32.535
763,Fayetteville,2026,8,34.29
763,Fayetteville,2026,9,32.042
763,Fayetteville,2026,10,30.408
763,Fayetteville,2026,11,38.448
763,Fayetteville,2026,12,43.846
765,Fergus,2026,1,22.234
765,Fergus,2026,2,19.747
765,Fergus,2026,3,16.416
765,Fergus,2026,4,13.288
765,Fergus,2026,5,11.783
765,Fergus,2026,6,12.903
765,Fergus,2026,7,13.285
765,Fergus,2026,8,14.21
765,Fergus,2026,9,13.025
765,Fergus,2026,10,12.196
765,Fergus,2026,11,15.877
765,Fergus,2026,12,18.01
767,Fernandina Beach,2026,1,45.582
767,Fernandina Beach,2026,2,43.059
767,Fernandina Beach,2026,3,36.493
767,Fernandina Beach,2026,4,29.702
767,Fernandina Beach,2026,5,25.389
767,Fernandina Beach,2026,6,28.636
767,Fernandina Beach,2026,7,30.966
767,Fernandina Beach,2026,8,32.693
767,Fernandina Beach,2026,9,30.148
767,Fernandina Beach,2026,10,28.512
767,Fernandina Beach,2026,11,35.976
767,Fernandina Beach,2026,12,40.539
769,Fernley,2026,1,34.06
769,Fernley,2026,2,33.709
769,Fernley,2026,3,31.302
769,Fernley,2026,4,27.19
769,Fernley,2026,5,23.48
769,Fernley,2026,6,25.76
769,Fernley,2026,7,27.467
769,Fernley,2026,8,29.831
769,Fernley,2026,9,27.473
769,Fernley,2026,10,24.708
769,Fernley,2026,11,32.757
769,Fernley,2026,12,37.275
770,Ferry Pass,2026,1,40.591
770,Ferry Pass,2026,2,36.015
770,Ferry Pass,2026,3,30.665
770,Ferry Pass,2026,4,24.45
770,Ferry Pass,2026,5,20.783
770,Ferry Pass,2026,6,22.85
770,Ferry Pass,2026,7,24.552
770,Ferry Pass,2026,8,26.118
770,Ferry Pass,2026,9,24.428
770,Ferry Pass,2026,10,21.951
770,Ferry Pass,2026,11,28.928
770,Ferry Pass,2026,12,32.834
771,Findlay,2012,1,45.145
771,Findlay,2012,2,42.003
771,Findlay,2012,3,35.685
771,Findlay,2012,4,29.432
771,Findlay,2012,5,25.312
771,Findlay,2012,6,28.277
771,Findlay,2012,7,31.046
771,Findlay,2012,8,33.631
771,Findlay,2012,9,31.394
771,Findlay,2012,10,28.869
771,Findlay,2012,11,37.444
771,Findlay,2012,12,43.18
772,Firozabad,2025,11,93.231
772,Firozabad,2025,12,101.941
772,Firozabad,2026,1,107.514
772,Firozabad,2026,2,103.699
772,Firozabad,2026,3,98.447
772,Firozabad,2026,4,92.872
772,Firozabad,2026,5,85.797
772,Firozabad,2026,6,81.173
772,Firozabad,2026,7,75.177
772,Firozabad,2026,8,74.864
772,Firozabad,2026,9,74.674
772,Firozabad,2026,10,90.886
773,Fishers (corporate name for Fishers Station),2026,1,44.823
773,Fishers (corporate name for Fishers Station),2026,2,40.582
773,Fishers (corporate name for Fishers Station),2026,3,34.548
773,Fishers (corporate name for Fishers Station),2026,4,29.703
773,Fishers (corporate name for Fishers Station),2026,5,26.758
773,Fishers (corporate name for Fishers Station),2026,6,28.673
773,Fishers (corporate name for Fishers Station),2026,7,31.347
773,Fishers (corporate name for Fishers Station),2026,8,33.505
773,Fishers (corporate name for Fishers Station),2026,9,31.072
773,Fishers (corporate name for Fishers Station),2026,10,28.613
773,Fishers (corporate name for Fishers Station),2026,11,37.266
773,Fishers (corporate name for Fishers Station),2026,12,43.072
774,Flagstaff,2026,1,29.938
774,Flagstaff,2026,2,27.662
774,Flagstaff,2026,3,22.981
774,Flagstaff,2026,4,19.097
774,Flagstaff,2026,5,16.413
774,Flagstaff,2026,6,18.396
774,Flagstaff,2026,7,19.496
774,Flagstaff,2026,8,21.12
774,Flagstaff,2026,9,19.329
774,Flagstaff,2026,10,17.324
774,Flagstaff,2026,11,22.857
774,Flagstaff,2026,12,25.179
775,"Flagstaff, AZ",2026,1,9.275
775,"Flagstaff, AZ",2026,2,8.125
775,"Flagstaff, AZ",2026,3,7.398
775,"Flagstaff, AZ",2026,4,6.325
775,"Flagstaff, AZ",2026,5,5.206
775,"Flagstaff, AZ",2026,6,6.091
775,"Flagstaff, AZ",2026,7,6.386
775,"Flagstaff, AZ",2026,8,6.487
775,"Flagstaff, AZ",2026,9,4.276
775,"Flagstaff, AZ",2026,10,3.963
775,"Flagstaff, AZ",2026,11,7.31
775,"Flagstaff, AZ",2026,12,8.415
776,Flemington,2026,1,39.486
776,Flemington,2026,2,34.874
776,Flemington,2026,3,30.005
776,Flemington,2026,4,26.273
776,Flemington,2026,5,22.186
776,Flemington,2026,6,24.829
776,Flemington,2026,7,26.207
776,Flemington,2026,8,29.023
776,Flemington,2026,9,27.027
776,Flemington,2026,10,24.708
776,Flemington,2026,11,32.879
776,Flemington,2026,12,37.275
777,Flint,2026,1,34.124
777,Flint,2026,2,31.853
777,Flint,2026,3,28.16
777,Flint,2026,4,23.262
777,Flint,2026,5,20.528
777,Flint,2026,6,22.557
777,Flint,2026,7,24.448
777,Flint,2026,8,26.118
777,Flint,2026,9,24.473
777,Flint,2026,10,21.951
777,Flint,2026,11,28.806
777,Flint,2026,12,32.834
778,Florence,2026,1,22.196
778,Florence,2026,2,19.539
778,Florence,2026,3,16.139
778,Florence,2026,4,13.308
778,Florence,2026,5,11.893
778,Florence,2026,6,12.79
778,Florence,2026,7,13.181
778,Florence,2026,8,14.21
778,Florence,2026,9,13.025
778,Florence,2026,10,12.215
778,Florence,2026,11,15.613
778,Florence,2026,12,18.01
779,"Florence, SC",2026,1,51.149
779,"Florence, SC",2026,2,47.882
779,"Florence, SC",2026,3,40.451
779,"Florence, SC",2026,4,33.228
779,"Florence, SC",2026,5,29.479
779,"Florence, SC",2026,6,32.297
779,"Florence, SC",2026,7,34.613
779,"Florence, SC",2026,8,35.205
779,"Florence, SC",2026,9,33.35
779,"Florence, SC",2026,10,31.762
779,"Florence, SC",2026,11,38.894
779,"Florence, SC",2026,12,43.578
781,Foley,2026,1,33.887
781,Foley,2026,2,32.398
781,Foley,2026,3,28.923
781,Foley,2026,4,23.32
781,Foley,2026,5,20.245
781,Foley,2026,6,22.371
781,Foley,2026,7,24.464
781,Foley,2026,8,26.08
781,Foley,2026,9,24.34
781,Foley,2026,10,22.123
781,Foley,2026,11,28.955
781,Foley,2026,12,32.841
782,Follansbee,2026,1,38.62
782,Follansbee,2026,2,35.063
782,Follansbee,2026,3,30.323
782,Follansbee,2026,4,24.853
782,Follansbee,2026,5,21.056
782,Follansbee,2026,6,23.605
782,Follansbee,2026,7,25.393
782,Follansbee,2026,8,27.378
782,Follansbee,2026,9,25.139
782,Follansbee,2026,10,23.152
782,Follansbee,2026,11,29.697
782,Follansbee,2026,12,34.526
783,Folsom,2026,1,34.19
783,Folsom,2026,2,32.316
783,Folsom,2026,3,28.993
783,Folsom,2026,4,23.3
783,Folsom,2026,5,20.292
783,Folsom,2026,6,22.517
783,Folsom,2026,7,24.371
783,Folsom,2026,8,25.986
783,Folsom,2026,9,23.224
783,Folsom,2026,10,21.418
783,Folsom,2026,11,26.854
783,Folsom,2026,12,31.415
784,"Fond du Lac, WI",2026,1,34.248
784,"Fond du Lac, WI",2026,2,33.654
784,"Fond du Lac, WI",2026,3,31.419
784,"Fond du Lac, WI",2026,4,27.01
784,"Fond du Lac, WI",2026,5,22.975
784,"Fond du Lac, WI",2026,6,25.908
784,"Fond du Lac, WI",2026,7,27.407
784,"Fond du Lac, WI",2026,8,29.789
784,"Fond du Lac, WI",2026,9,27.698
784,"Fond du Lac, WI",2026,10,25.434
784,"Fond du Lac, WI",2026,11,33.305
784,"Fond du Lac, WI",2026,12,38.312
785,Fontana,2026,1,55.357
785,Fontana,2026,2,52.471
785,Fontana,2026,3,46.457
785,Fontana,2026,4,37.983
785,Fontana,2026,5,31.996
785,Fontana,2026,6,34.128
785,Fontana,2026,7,35.809
785,Fontana,2026,8,36.85
785,Fontana,2026,9,35.068
785,Fontana,2026,10,33.443
785,Fontana,2026,11,40.325
785,Fontana,2026,12,45.23
786,Forest,2026,1,33.845
786,Forest,2026,2,32.443
786,Forest,2026,3,29.636
786,Forest,2026,4,25.141
786,Forest,2026,5,22.206
786,Forest,2026,6,24.625
786,Forest,2026,7,26.13
786,Forest,2026,8,28.916
786,Forest,2026,9,26.298
786,Forest,2026,10,24.916
786,Forest,2026,11,31.935
786,Forest,2026,12,37.01
787,Forest Park,2026,1,44.965
787,Forest Park,2026,2,39.61
787,Forest Park,2026,3,33.651
787,Forest Park,2026,4,28.299
787,Forest Park,2026,5,24.166
787,Forest Park,2026,6,26.968
787,Forest Park,2026,7,29.217
787,Forest Park,2026,8,31.635
787,Forest Park,2026,9,29.446
787,Forest Park,2026,10,26.691
787,Forest Park,2026,11,34.847
787,Forest Park,2026,12,37.88
788,Fort Bragg,2025,1,33.483
788,Fort Bragg,2025,2,32.339
788,Fort Bragg,2025,3,29.004
788,Fort Bragg,2025,4,24.832
788,Fort Bragg,2025,5,20.833
788,Fort Bragg,2025,6,23.49
788,Fort Bragg,2025,7,25.39
788,Fort Bragg,2025,8,27.284
788,Fort Bragg,2025,9,25.067
788,Fort Bragg,2025,10,23.574
788,Fort Bragg,2025,11,29.896
788,Fort Bragg,2025,12,34.526
789,Fort Collins,2026,1,34.023
789,Fort Collins,2026,2,33.697
789,Fort Collins,2026,3,31.201
789,Fort Collins,2026,4,27.01
789,Fort Collins,2026,5,22.889
789,Fort Collins,2026,6,25.862
789,Fort Collins,2026,7,27.407
789,Fort Collins,2026,8,29.751
789,Fort Collins,2026,9,27.698
789,Fort Collins,2026,10,25.434
789,Fort Collins,2026,11,33.337
789,Fort Collins,2026,12,38.312
790,"Fort Collins, CO",2026,1,15.665
790,"Fort Collins, CO",2026,2,13.203
790,"Fort Collins, CO",2026,3,11.33
790,"Fort Collins, CO",2026,4,9.224
790,"Fort Collins, CO",2026,5,8.246
790,"Fort Collins, CO",2026,6,9.226
790,"Fort Collins, CO",2026,7,10.279
790,"Fort Collins, CO",2026,8,11.444
790,"Fort Collins, CO",2026,9,9.846
790,"Fort Collins, CO",2026,10,8.102
790,"Fort Collins, CO",2026,11,10.896
790,"Fort Collins, CO",2026,12,11.993
793,Fort Lauderdale,2026,1,41.969
793,Fort Lauderdale,2026,2,38.252
793,Fort Lauderdale,2026,3,32.193
793,Fort Lauderdale,2026,4,26.971
793,Fort Lauderdale,2026,5,22.679
793,Fort Lauderdale,2026,6,24.92
793,Fort Lauderdale,2026,7,26.207
793,Fort Lauderdale,2026,8,29.042
793,Fort Lauderdale,2026,9,26.936
793,Fort Lauderdale,2026,10,24.073
793,Fort Lauderdale,2026,11,32.091
793,Fort Lauderdale,2026,12,37.275
794,Fort Lee,2026,1,37.356
794,Fort Lee,2026,2,33.66
794,Fort Lee,2026,3,29.046
794,Fort Lee,2026,4,24.595
794,Fort Lee,2026,5,20.874
794,Fort Lee,2026,6,23.528
794,Fort Lee,2026,7,25.39
794,Fort Lee,2026,8,27.284
794,Fort Lee,2026,9,25.067
794,Fort Lee,2026,10,23.798
794,Fort Lee,2026,11,29.885
794,Fort Lee,2026,12,34.526
795,Fort McDowell,2026,1,62.099
795,Fort McDowell,2026,2,58.728
795,Fort McDowell,2026,3,54.442
795,Fort McDowell,2026,4,48.575
795,Fort McDowell,2026,5,41.945
795,Fort McDowell,2026,6,42.341
795,Fort McDowell,2026,7,45.171
795,Fort McDowell,2026,8,46.815
795,Fort McDowell,2026,9,44.668
795,Fort McDowell,2026,10,41.47
795,Fort McDowell,2026,11,49.862
795,Fort McDowell,2026,12,52.705
796,Fort Myers,2026,1,34.196
796,Fort Myers,2026,2,32.173
796,Fort Myers,2026,3,28.973
796,Fort Myers,2026,4,23.3
796,Fort Myers,2026,5,20.225
796,Fort Myers,2026,6,22.517
796,Fort Myers,2026,7,24.371
796,Fort Myers,2026,8,25.986
796,Fort Myers,2026,9,23.224
796,Fort Myers,2026,10,21.418
796,Fort Myers,2026,11,26.854
796,Fort Myers,2026,12,31.415
797,Fort Myers Beach,2020,1,33.887
797,Fort Myers Beach,2020,2,32.443
797,Fort Myers Beach,2020,3,29.355
797,Fort Myers Beach,2020,4,25.141
797,Fort Myers Beach,2020,5,21.951
797,Fort Myers Beach,2020,6,23.933
797,Fort Myers Beach,2020,7,25.316
797,Fort Myers Beach,2020,8,27.246
797,Fort Myers Beach,2020,9,24.978
797,Fort Myers Beach,2020,10,22.759
797,Fort Myers Beach,2020,11,28.955
797,Fort Myers Beach,2020,12,32.841
798,Fort Pierce,2026,1,40.751
798,Fort Pierce,2026,2,36.945
798,Fort Pierce,2026,3,30.651
798,Fort Pierce,2026,4,24.721
798,Fort Pierce,2026,5,21.25
798,Fort Pierce,2026,6,23.675
798,Fort Pierce,2026,7,25.393
798,Fort Pierce,2026,8,27.378
798,Fort Pierce,2026,9,25.139
798,Fort Pierce,2026,10,23.16
798,Fort Pierce,2026,11,29.697
798,Fort Pierce,2026,12,34.526
799,Fort Smith,2012,1,53.517
799,Fort Smith,2012,2,50.661
799,Fort Smith,2012,3,43.29
799,Fort Smith,2012,4,36.272
799,Fort Smith,2012,5,31.09
799,Fort Smith,2012,6,34.289
799,Fort Smith,2012,7,36.126
799,Fort Smith,2012,8,38.118
799,Fort Smith,2012,9,36.173
799,Fort Smith,2012,10,33.995
799,Fort Smith,2012,11,41.436
799,Fort Smith,2012,12,46.81
801,Fort Walton Beach,2025,12,39.669
801,Fort Walton Beach,2026,1,37.879
801,Fort Walton Beach,2026,2,33.395
801,Fort Walton Beach,2026,3,28.828
801,Fort Walton Beach,2026,4,23.01
801,Fort Walton Beach,2026,5,20.378
801,Fort Walton Beach,2026,6,22.517
801,Fort Walton Beach,2026,7,24.552
801,Fort Walton Beach,2026,8,26.118
801,Fort Walton Beach,2026,9,24.428
801,Fort Walton Beach,2026,10,22.498
801,Fort Walton Beach,2026,11,29.134
802,Fort Wayne,2026,1,46.286
802,Fort Wayne,2026,2,42.86
802,Fort Wayne,2026,3,35.702
802,Fort Wayne,2026,4,29.401
802,Fort Wayne,2026,5,25.356
802,Fort Wayne,2026,6,28.344
802,Fort Wayne,2026,7,30.966
802,Fort Wayne,2026,8,32.693
802,Fort Wayne,2026,9,30.148
802,Fort Wayne,2026,10,28.126
802,Fort Wayne,2026,11,36.146
802,Fort Wayne,2026,12,41.782
803,"Fort Wayne, IN",2026,1,43.118
803,"Fort Wayne, IN",2026,2,39.058
803,"Fort Wayne, IN",2026,3,33.273
803,"Fort Wayne, IN",2026,4,28.299
803,"Fort Wayne, IN",2026,5,23.883
803,"Fort Wayne, IN",2026,6,25.749
803,"Fort Wayne, IN",2026,7,27.358
803,"Fort Wayne, IN",2026,8,29.831
803,"Fort Wayne, IN",2026,9,27.483
803,"Fort Wayne, IN",2026,10,24.708
803,"Fort Wayne, IN",2026,11,32.879
803,"Fort Wayne, IN",2026,12,37.275
804,Fort Worth,2026,1,47.469
804,Fort Worth,2026,2,43.777
804,Fort Worth,2026,3,36.375
804,Fort Worth,2026,4,29.689
804,Fort Worth,2026,5,25.356
804,Fort Worth,2026,6,28.4
804,Fort Worth,2026,7,30.966
804,Fort Worth,2026,8,32.693
804,Fort Worth,2026,9,30.148
804,Fort Worth,2026,10,28.471
804,Fort Worth,2026,11,35.987
804,Fort Worth,2026,12,40.539
805,Fortville,2016,1,34.197
805,Fortville,2016,2,33.893
805,Fortville,2016,3,31.52
805,Fortville,2016,4,26.979
805,Fortville,2016,5,22.468
805,Fortville,2016,6,25.37
805,Fortville,2016,7,27.436
805,Fortville,2016,8,29.895
805,Fortville,2016,9,27.754
805,Fortville,2016,10,25.266
805,Fortville,2016,11,33.393
805,Fortville,2016,12,38.387
806,Fountain,2017,1,34.997
806,Fountain,2017,2,33.92
806,Fountain,2017,3,31.408
806,Fountain,2017,4,27.217
806,Fountain,2017,5,23.57
806,Fountain,2017,6,25.883
806,Fountain,2017,7,27.601
806,Fountain,2017,8,29.895
806,Fountain,2017,9,27.529
806,Fountain,2017,10,24.764
806,Fountain,2017,11,32.856
806,Fountain,2017,12,37.375
807,Fountain Hills,2026,1,34.202
807,Fountain Hills,2026,2,33.466
807,Fountain Hills,2026,3,31.389
807,Fountain Hills,2026,4,26.952
807,Fountain Hills,2026,5,22.559
807,Fountain Hills,2026,6,24.829
807,Fountain Hills,2026,7,26.207
807,Fountain Hills,2026,8,29.023
807,Fountain Hills,2026,9,27.027
807,Fountain Hills,2026,10,24.708
807,Fountain Hills,2026,11,32.757
807,Fountain Hills,2026,12,37.275
808,Frankfort,2012,1,52.04
808,Frankfort,2012,2,49.371
808,Frankfort,2012,3,42.382
808,Frankfort,2012,4,35.168
808,Frankfort,2012,5,30.523
808,Frankfort,2012,6,33.732
808,Frankfort,2012,7,35.617
808,Frankfort,2012,8,37.558
808,Frankfort,2012,9,35.473
808,Frankfort,2012,10,33.797
808,Frankfort,2012,11,40.42
808,Frankfort,2012,12,45.338
809,Franklin,2026,1,41.228
809,Franklin,2026,2,37.561
809,Franklin,2026,3,30.954
809,Franklin,2026,4,24.369
809,Franklin,2026,5,20.866
809,Franklin,2026,6,23.05
809,Franklin,2026,7,25.39
809,Franklin,2026,8,27.378
809,Franklin,2026,9,25.067
809,Franklin,2026,10,23.246
809,Franklin,2026,11,30.017
809,Franklin,2026,12,35.689
810,Franklin Furnace,2026,1,34.408
810,Franklin Furnace,2026,2,32.173
810,Franklin Furnace,2026,3,29.013
810,Franklin Furnace,2026,4,24.891
810,Franklin Furnace,2026,5,20.833
810,Franklin Furnace,2026,6,23.483
810,Franklin Furnace,2026,7,25.39
810,Franklin Furnace,2026,8,27.246
810,Franklin Furnace,2026,9,25.067
810,Franklin Furnace,2026,10,23.798
810,Franklin Furnace,2026,11,29.928
810,Franklin Furnace,2026,12,34.526
811,Franklinton,2016,1,34.379
811,Franklinton,2016,2,33.829
811,Franklinton,2016,3,31.553
811,Franklinton,2016,4,26.979
811,Franklinton,2016,5,22.615
811,Franklinton,2016,6,25.463
811,Franklinton,2016,7,27.436
811,Franklinton,2016,8,29.895
811,Franklinton,2016,9,27.754
811,Franklinton,2016,10,25.208
811,Franklinton,2016,11,33.478
811,Franklinton,2016,12,38.387
812,Frederick,2026,1,34.016
812,Frederick,2026,2,33.7
812,Frederick,2026,3,31.299
812,Frederick,2026,4,27.29
812,Frederick,2026,5,23.446
812,Frederick,2026,6,25.84
812,Frederick,2026,7,27.467
812,Frederick,2026,8,29.831
812,Frederick,2026,9,27.25
812,Frederick,2026,10,24.788
812,Frederick,2026,11,32.767
812,Frederick,2026,12,37.275
813,Fredericksburg,2018,1,23.516
813,Fredericksburg,2018,2,21.121
813,Fredericksburg,2018,3,17.942
813,Fredericksburg,2018,4,14.456
813,Fredericksburg,2018,5,12.552
813,Fredericksburg,2018,6,14.466
813,Fredericksburg,2018,7,15.254
813,Fredericksburg,2018,8,16.655
813,Fredericksburg,2018,9,14.564
813,Fredericksburg,2018,10,13.168
813,Fredericksburg,2018,11,18.147
813,Fredericksburg,2018,12,21.368
814,Freehold,2012,1,34.681
814,Freehold,2012,2,33.656
814,Freehold,2012,3,31.596
814,Freehold,2012,4,26.983
814,Freehold,2012,5,22.242
814,Freehold,2012,6,25.186
814,Freehold,2012,7,27.435
814,Freehold,2012,8,29.894
814,Freehold,2012,9,27.713
814,Freehold,2012,10,24.942
814,Freehold,2012,11,32.982
814,Freehold,2012,12,37.337
815,Freemansburg,2026,1,39.343
815,Freemansburg,2026,2,35.897
815,Freemansburg,2026,3,30.18
815,Freemansburg,2026,4,24.853
815,Freemansburg,2026,5,21.056
815,Freemansburg,2026,6,23.582
815,Freemansburg,2026,7,25.393
815,Freemansburg,2026,8,27.378
815,Freemansburg,2026,9,25.139
815,Freemansburg,2026,10,23.16
815,Freemansburg,2026,11,29.687
815,Freemansburg,2026,12,34.526
816,Fremont,2010,1,51.06
816,Fremont,2010,2,48.111
816,Fremont,2010,3,40.625
816,Fremont,2010,4,33.128
816,Fremont,2010,5,29.255
816,Fremont,2010,6,31.573
816,Fremont,2010,7,33.764
816,Fremont,2010,8,35.454
816,Fremont,2010,9,32.833
816,Fremont,2010,10,30.216
816,Fremont,2010,11,38.581
816,Fremont,2010,12,43.944
817,French Settlement,2026,1,46.719
817,French Settlement,2026,2,42.84
817,French Settlement,2026,3,35.698
817,French Settlement,2026,4,29.481
817,French Settlement,2026,5,25.594
817,French Settlement,2026,6,27.757
817,French Settlement,2026,7,30.054
817,French Settlement,2026,8,32.693
817,French Settlement,2026,9,29.923
817,French Settlement,2026,10,26.543
817,French Settlement,2026,11,34.725
817,French Settlement,2026,12,37.88
818,Frenchtown,2026,1,34.076
818,Frenchtown,2026,2,33.709
818,Frenchtown,2026,3,31.346
818,Frenchtown,2026,4,27.19
818,Frenchtown,2026,5,23.524
818,Frenchtown,2026,6,25.853
818,Frenchtown,2026,7,27.467
818,Frenchtown,2026,8,29.831
818,Frenchtown,2026,9,27.446
818,Frenchtown,2026,10,24.708
818,Frenchtown,2026,11,32.757
818,Frenchtown,2026,12,37.275
819,Fresno,2026,1,50.453
819,Fresno,2026,2,46.882
819,Fresno,2026,3,38.81
819,Fresno,2026,4,31.654
819,Fresno,2026,5,27.272
819,Fresno,2026,6,29.521
819,Fresno,2026,7,31.93
819,Fresno,2026,8,33.505
819,Fresno,2026,9,31.072
819,Fresno,2026,10,28.489
819,Fresno,2026,11,37.266
819,Fresno,2026,12,43.072
820,"Fresno, CA",2026,1,29.976
820,"Fresno, CA",2026,2,26.733
820,"Fresno, CA",2026,3,21.984
820,"Fresno, CA",2026,4,17.899
820,"Fresno, CA",2026,5,15.088
820,"Fresno, CA",2026,6,17.015
820,"Fresno, CA",2026,7,18.61
820,"Fresno, CA",2026,8,20.109
820,"Fresno, CA",2026,9,18.789
820,"Fresno, CA",2026,10,16.908
820,"Fresno, CA",2026,11,21.514
820,"Fresno, CA",2026,12,23.552
822,Frisco,2026,1,54.988
822,Frisco,2026,2,51.615
822,Frisco,2026,3,44.859
822,Frisco,2026,4,36.555
822,Frisco,2026,5,31.262
822,Frisco,2026,6,34.102
822,Frisco,2026,7,35.897
822,Frisco,2026,8,36.85
822,Frisco,2026,9,35.156
822,Frisco,2026,10,33.38
822,Frisco,2026,11,40.325
822,Frisco,2026,12,45.23
823,Front Royal,2013,1,30.722
823,Front Royal,2013,2,27.545
823,Front Royal,2013,3,22.852
823,Front Royal,2013,4,19.07
823,Front Royal,2013,5,16.249
823,Front Royal,2013,6,18.323
823,Front Royal,2013,7,19.591
823,Front Royal,2013,8,21.234
823,Front Royal,2013,9,19.343
823,Front Royal,2013,10,17.533
823,Front Royal,2013,11,22.79
823,Front Royal,2013,12,25.22
824,Fulton,2026,1,34.202
824,Fulton,2026,2,33.466
824,Fulton,2026,3,31.461
824,Fulton,2026,4,26.952
824,Fulton,2026,5,22.302
824,Fulton,2026,6,24.829
824,Fulton,2026,7,26.098
824,Fulton,2026,8,29.023
824,Fulton,2026,9,27.027
824,Fulton,2026,10,24.708
824,Fulton,2026,11,32.879
824,Fulton,2026,12,37.275
825,Fuquay-Varina,2016,1,34.191
825,Fuquay-Varina,2016,2,33.92
825,Fuquay-Varina,2016,3,31.408
825,Fuquay-Varina,2016,4,27.25
825,Fuquay-Varina,2016,5,23.57
825,Fuquay-Varina,2016,6,25.971
825,Fuquay-Varina,2016,7,27.601
825,Fuquay-Varina,2016,8,29.895
825,Fuquay-Varina,2016,9,27.529
825,Fuquay-Varina,2016,10,24.852
825,Fuquay-Varina,2016,11,32.856
825,Fuquay-Varina,2016,12,37.375
829,Gadsden,2026,1,42.283
829,Gadsden,2026,2,39.0
829,Gadsden,2026,3,32.06
829,Gadsden,2026,4,26.72
829,Gadsden,2026,5,22.862
829,Gadsden,2026,6,24.84
829,Gadsden,2026,7,26.207
829,Gadsden,2026,8,29.023
829,Gadsden,2026,9,27.027
829,Gadsden,2026,10,24.708
829,Gadsden,2026,11,32.757
829,Gadsden,2026,12,37.275
830,"Gaffney, SC",2017,1,34.777
830,"Gaffney, SC",2017,2,34.031
830,"Gaffney, SC",2017,3,33.564
830,"Gaffney, SC",2017,4,31.048
830,"Gaffney, SC",2017,5,27.99
830,"Gaffney, SC",2017,6,30.582
830,"Gaffney, SC",2017,7,33.033
830,"Gaffney, SC",2017,8,35.006
830,"Gaffney, SC",2017,9,33.06
830,"Gaffney, SC",2017,10,31.651
830,"Gaffney, SC",2017,11,38.993
830,"Gaffney, SC",2017,12,43.65
831,Gainesville,2026,1,41.199
831,Gainesville,2026,2,37.954
831,Gainesville,2026,3,31.003
831,Gainesville,2026,4,25.721
831,Gainesville,2026,5,22.006
831,Gainesville,2026,6,24.509
831,Gainesville,2026,7,26.207
831,Gainesville,2026,8,29.023
831,Gainesville,2026,9,27.133
831,Gainesville,2026,10,24.708
831,Gainesville,2026,11,32.757
831,Gainesville,2026,12,37.275
832,Gajraula,2016,1,174.249
832,Gajraula,2016,2,179.015
832,Gajraula,2016,3,177.382
832,Gajraula,2016,4,177.009
832,Gajraula,2016,5,176.621
832,Gajraula,2016,6,169.796
832,Gajraula,2016,7,165.637
832,Gajraula,2016,8,161.475
832,Gajraula,2016,9,160.751
832,Gajraula,2016,10,162.337
832,Gajraula,2016,11,169.276
832,Gajraula,2016,12,174.894
834,Galloway (Township of),2026,1,27.909
834,Galloway (Township of),2026,2,25.63
834,Galloway (Township of),2026,3,22.57
834,Galloway (Township of),2026,4,18.924
834,Galloway (Township of),2026,5,15.921
834,Galloway (Township of),2026,6,17.109
834,Galloway (Township of),2026,7,18.533
834,Galloway (Township of),2026,8,19.996
834,Galloway (Township of),2026,9,17.641
834,Galloway (Township of),2026,10,15.776
834,Galloway (Township of),2026,11,20.292
834,Galloway (Township of),2026,12,23.174
835,Galveston,2026,1,42.283
835,Galveston,2026,2,39.483
835,Galveston,2026,3,33.144
835,Galveston,2026,4,28.57
835,Galveston,2026,5,24.433
835,Galveston,2026,6,26.662
835,Galveston,2026,7,29.112
835,Galveston,2026,8,31.635
835,Galveston,2026,9,29.22
835,Galveston,2026,10,26.605
835,Galveston,2026,11,34.725
835,Galveston,2026,12,37.88
836,Gandhinagar,2025,11,129.128
836,Gandhinagar,2025,12,127.001
836,Gandhinagar,2026,1,127.192
836,Gandhinagar,2026,2,115.693
836,Gandhinagar,2026,3,104.996
836,Gandhinagar,2026,4,101.073
836,Gandhinagar,2026,5,97.87
836,Gandhinagar,2026,6,83.163
836,Gandhinagar,2026,7,67.393
836,Gandhinagar,2026,8,67.613
836,Gandhinagar,2026,9,68.661
836,Gandhinagar,2026,10,110.433
838,Garden,2016,1,19.289
838,Garden,2016,2,17.609
838,Garden,2016,3,14.771
838,Garden,2016,4,11.875
838,Garden,2016,5,10.138
838,Garden,2016,6,11.698
838,Garden,2016,7,12.519
838,Garden,2016,8,13.236
838,Garden,2016,9,11.591
838,Garden,2016,10,10.752
838,Garden,2016,11,13.573
838,Garden,2016,12,15.813
839,Garden City,2020,1,38.905
839,Garden City,2020,2,34.719
839,Garden City,2020,3,30.614
839,Garden City,2020,4,26.467
839,Garden City,2020,5,22.152
839,Garden City,2020,6,25.184
839,Garden City,2020,7,27.225
839,Garden City,2020,8,29.751
839,Garden City,2020,9,27.61
839,Garden City,2020,10,25.786
839,Garden City,2020,11,33.337
839,Garden City,2020,12,38.312
840,Gardiner,2026,1,34.202
840,Gardiner,2026,2,33.466
840,Gardiner,2026,3,31.389
840,Gardiner,2026,4,26.952
840,Gardiner,2026,5,22.189
840,Gardiner,2026,6,24.829
840,Gardiner,2026,7,26.207
840,Gardiner,2026,8,29.023
840,Gardiner,2026,9,27.027
840,Gardiner,2026,10,24.708
840,Gardiner,2026,11,32.879
840,Gardiner,2026,12,37.275
841,Gardnerville Ranchos,2026,1,25.61
841,Gardnerville Ranchos,2026,2,23.605
841,Gardnerville Ranchos,2026,3,19.731
841,Gardnerville Ranchos,2026,4,15.935
841,Gardnerville Ranchos,2026,5,13.5
841,Gardnerville Ranchos,2026,6,15.084
841,Gardnerville Ranchos,2026,7,16.423
841,Gardnerville Ranchos,2026,8,17.633
841,Gardnerville Ranchos,2026,9,15.338
841,Gardnerville Ranchos,2026,10,14.141
841,Gardnerville Ranchos,2026,11,18.669
841,Gardnerville Ranchos,2026,12,21.687
842,Garfield,2026,1,8.739
842,Garfield,2026,2,7.364
842,Garfield,2026,3,6.76
842,Garfield,2026,4,5.015
842,Garfield,2026,5,4.663
842,Garfield,2026,6,6.423
842,Garfield,2026,7,6.403
842,Garfield,2026,8,6.515
842,Garfield,2026,9,4.143
842,Garfield,2026,10,4.3
842,Garfield,2026,11,7.534
842,Garfield,2026,12,8.422
843,Gary,2026,1,51.789
843,Gary,2026,2,48.163
843,Gary,2026,3,40.353
843,Gary,2026,4,33.061
843,Gary,2026,5,29.375
843,Gary,2026,6,31.322
843,Gary,2026,7,33.393
843,Gary,2026,8,35.201
843,Gary,2026,9,32.848
843,Gary,2026,10,30.127
843,Gary,2026,11,38.448
843,Gary,2026,12,43.846
844,Garyville,2026,1,33.977
844,Garyville,2026,2,32.398
844,Garyville,2026,3,28.923
844,Garyville,2026,4,23.331
844,Garyville,2026,5,20.225
844,Garyville,2026,6,22.517
844,Garyville,2026,7,24.371
844,Garyville,2026,8,25.986
844,Garyville,2026,9,23.224
844,Garyville,2026,10,21.349
844,Garyville,2026,11,26.854
844,Garyville,2026,12,31.415
846,Gastonia,2016,1,38.857
846,Gastonia,2016,2,35.035
846,Gastonia,2016,3,30.786
846,Gastonia,2016,4,24.667
846,Gastonia,2016,5,20.912
846,Gastonia,2016,6,23.384
846,Gastonia,2016,7,25.332
846,Gastonia,2016,8,27.353
846,Gastonia,2016,9,25.035
846,Gastonia,2016,10,23.854
846,Gastonia,2016,11,29.849
846,Gastonia,2016,12,34.625
847,Gaviota,2020,1,34.065
847,Gaviota,2020,2,33.697
847,Gaviota,2020,3,31.419
847,Gaviota,2020,4,26.966
847,Gaviota,2020,5,22.353
847,Gaviota,2020,6,25.658
847,Gaviota,2020,7,27.313
847,Gaviota,2020,8,29.789
847,Gaviota,2020,9,27.698
847,Gaviota,2020,10,25.434
847,Gaviota,2020,11,33.337
847,Gaviota,2020,12,38.312
848,Gaya,2025,11,140.563
848,Gaya,2025,12,137.246
848,Gaya,2026,1,137.403
848,Gaya,2026,2,126.427
848,Gaya,2026,3,116.554
848,Gaya,2026,4,109.238
848,Gaya,2026,5,100.601
848,Gaya,2026,6,87.623
848,Gaya,2026,7,70.467
848,Gaya,2026,8,67.51
848,Gaya,2026,9,69.273
848,Gaya,2026,10,111.442
849,Georgetown,2020,1,40.876
849,Georgetown,2020,2,36.784
849,Georgetown,2020,3,31.078
849,Georgetown,2020,4,25.563
849,Georgetown,2020,5,21.647
849,Georgetown,2020,6,24.143
849,Georgetown,2020,7,26.218
849,Georgetown,2020,8,28.981
849,Georgetown,2020,9,26.386
849,Georgetown,2020,10,24.145
849,Georgetown,2020,11,32.155
849,Georgetown,2020,12,37.275
850,"Gettysburg, PA",2026,1,38.636
850,"Gettysburg, PA",2026,2,34.752
850,"Gettysburg, PA",2026,3,30.614
850,"Gettysburg, PA",2026,4,26.331
850,"Gettysburg, PA",2026,5,22.152
850,"Gettysburg, PA",2026,6,25.379
850,"Gettysburg, PA",2026,7,27.225
850,"Gettysburg, PA",2026,8,29.751
850,"Gettysburg, PA",2026,9,27.61
850,"Gettysburg, PA",2026,10,25.644
850,"Gettysburg, PA",2026,11,33.337
850,"Gettysburg, PA",2026,12,38.312
852,Ghaziabad,2025,11,220.843
852,Ghaziabad,2025,12,195.029
852,Ghaziabad,2026,1,210.114
852,Ghaziabad,2026,2,185.157
852,Ghaziabad,2026,3,152.651
852,Ghaziabad,2026,4,152.653
852,Ghaziabad,2026,5,140.944
852,Ghaziabad,2026,6,120.433
852,Ghaziabad,2026,7,95.833
852,Ghaziabad,2026,8,84.4
852,Ghaziabad,2026,9,85.946
852,Ghaziabad,2026,10,99.274
854,Gilbert,2026,1,75.782
854,Gilbert,2026,2,70.806
854,Gilbert,2026,3,63.61
854,Gilbert,2026,4,57.879
854,Gilbert,2026,5,53.75
854,Gilbert,2026,6,54.45
854,Gilbert,2026,7,55.147
854,Gilbert,2026,8,55.972
854,Gilbert,2026,9,52.549
854,Gilbert,2026,10,48.008
854,Gilbert,2026,11,53.837
854,Gilbert,2026,12,56.588
855,Gillette,2026,1,19.916
855,Gillette,2026,2,17.156
855,Gillette,2026,3,14.652
855,Gillette,2026,4,11.949
855,Gillette,2026,5,10.159
855,Gillette,2026,6,11.536
855,Gillette,2026,7,12.358
855,Gillette,2026,8,13.145
855,Gillette,2026,9,11.482
855,Gillette,2026,10,10.589
855,Gillette,2026,11,13.521
855,Gillette,2026,12,15.73
856,"Gillette, WY",2026,1,30.378
856,"Gillette, WY",2026,2,28.797
856,"Gillette, WY",2026,3,24.125
856,"Gillette, WY",2026,4,20.34
856,"Gillette, WY",2026,5,17.444
856,"Gillette, WY",2026,6,19.502
856,"Gillette, WY",2026,7,20.865
856,"Gillette, WY",2026,8,22.509
856,"Gillette, WY",2026,9,20.218
856,"Gillette, WY",2026,10,18.4
856,"Gillette, WY",2026,11,23.699
856,"Gillette, WY",2026,12,26.885
857,Gilmer,2020,1,34.06
857,Gilmer,2020,2,33.466
857,Gilmer,2020,3,31.389
857,Gilmer,2020,4,26.952
857,Gilmer,2020,5,22.559
857,Gilmer,2020,6,24.829
857,Gilmer,2020,7,26.207
857,Gilmer,2020,8,28.981
857,Gilmer,2020,9,26.386
857,Gilmer,2020,10,23.993
857,Gilmer,2020,11,31.206
857,Gilmer,2020,12,36.32
858,Gilroy,2025,1,23.062
858,Gilroy,2025,2,20.443
858,Gilroy,2025,3,16.813
858,Gilroy,2025,4,13.69
858,Gilroy,2025,5,11.893
858,Gilroy,2025,6,12.629
858,Gilroy,2025,7,13.181
858,Gilroy,2025,8,14.21
858,Gilroy,2025,9,13.025
858,Gilroy,2025,10,12.054
858,Gilroy,2025,11,15.65
858,Gilroy,2025,12,18.01
860,Glasgow,2026,1,46.005
860,Glasgow,2026,2,43.376
860,Glasgow,2026,3,37.249
860,Glasgow,2026,4,31.58
860,Glasgow,2026,5,27.301
860,Glasgow,2026,6,31.033
860,Glasgow,2026,7,33.71
860,Glasgow,2026,8,34.845
860,Glasgow,2026,9,31.615
860,Glasgow,2026,10,29.198
860,Glasgow,2026,11,38.087
860,Glasgow,2026,12,44.432
861,Glassport,2026,1,35.383
861,Glassport,2026,2,31.864
861,Glassport,2026,3,26.508
861,Glassport,2026,4,21.697
861,Glassport,2026,5,18.801
861,Glassport,2026,6,20.613
861,Glassport,2026,7,22.444
861,Glassport,2026,8,24.359
861,Glassport,2026,9,21.808
861,Glassport,2026,10,19.449
861,Glassport,2026,11,25.136
861,Glassport,2026,12,29.165
862,Glen Burnie,2025,1,23.354
862,Glen Burnie,2025,2,20.98
862,Glen Burnie,2025,3,16.813
862,Glen Burnie,2025,4,13.69
862,Glen Burnie,2025,5,11.893
862,Glen Burnie,2025,6,12.629
862,Glen Burnie,2025,7,13.181
862,Glen Burnie,2025,8,14.21
862,Glen Burnie,2025,9,13.07
862,Glen Burnie,2025,10,12.054
862,Glen Burnie,2025,11,15.65
862,Glen Burnie,2025,12,18.01
863,Glendale,2026,1,34.124
863,Glendale,2026,2,31.81
863,Glendale,2026,3,28.126
863,Glendale,2026,4,23.41
863,Glendale,2026,5,20.494
863,Glendale,2026,6,22.668
863,Glendale,2026,7,24.448
863,Glendale,2026,8,26.118
863,Glendale,2026,9,24.5
863,Glendale,2026,10,22.031
863,Glendale,2026,11,28.903
863,Glendale,2026,12,32.834
864,Glendora,2026,1,48.029
864,Glendora,2026,2,44.592
864,Glendora,2026,3,37.491
864,Glendora,2026,4,31.092
864,Glendora,2026,5,27.079
864,Glendora,2026,6,30.854
864,Glendora,2026,7,32.91
864,Glendora,2026,8,34.191
864,Glendora,2026,9,32.225
864,Glendora,2026,10,30.377
864,Glendora,2026,11,38.45
864,Glendora,2026,12,43.846
865,Glenn,2026,1,32.845
865,Glenn,2026,2,31.064
865,Glenn,2026,3,27.893
865,Glenn,2026,4,22.615
865,Glenn,2026,5,20.021
865,Glenn,2026,6,21.874
865,Glenn,2026,7,23.633
865,Glenn,2026,8,25.164
865,Glenn,2026,9,22.489
865,Glenn,2026,10,20.428
865,Glenn,2026,11,25.94
865,Glenn,2026,12,29.76
866,Glenpool,2026,1,42.577
866,Glenpool,2026,2,39.965
866,Glenpool,2026,3,33.569
866,Glenpool,2026,4,28.356
866,Glenpool,2026,5,24.134
866,Glenpool,2026,6,27.541
866,Glenpool,2026,7,29.801
866,Glenpool,2026,8,31.977
866,Glenpool,2026,9,29.446
866,Glenpool,2026,10,27.347
866,Glenpool,2026,11,35.256
866,Glenpool,2026,12,40.539
868,Glenwood Springs,2017,1,26.071
868,Glenwood Springs,2017,2,24.298
868,Glenwood Springs,2017,3,20.798
868,Glenwood Springs,2017,4,16.819
868,Glenwood Springs,2017,5,14.517
868,Glenwood Springs,2017,6,15.879
868,Glenwood Springs,2017,7,16.849
868,Glenwood Springs,2017,8,17.611
868,Glenwood Springs,2017,9,15.323
868,Glenwood Springs,2017,10,14.074
868,Glenwood Springs,2017,11,18.733
868,Glenwood Springs,2017,12,21.776
869,"Glenwood Springs, CO",2026,1,8.534
869,"Glenwood Springs, CO",2026,2,7.42
869,"Glenwood Springs, CO",2026,3,6.505
869,"Glenwood Springs, CO",2026,4,4.978
869,"Glenwood Springs, CO",2026,5,4.653
869,"Glenwood Springs, CO",2026,6,6.385
869,"Glenwood Springs, CO",2026,7,6.491
869,"Glenwood Springs, CO",2026,8,6.515
869,"Glenwood Springs, CO",2026,9,4.231
869,"Glenwood Springs, CO",2026,10,4.091
869,"Glenwood Springs, CO",2026,11,7.534
869,"Glenwood Springs, CO",2026,12,8.415
870,Globe,2025,12,64.73
870,Globe,2026,1,61.008
870,Globe,2026,2,57.413
870,Globe,2026,3,52.873
870,Globe,2026,4,45.57
870,Globe,2026,5,39.309
870,Globe,2026,6,42.208
870,Globe,2026,7,45.238
870,Globe,2026,8,47.558
870,Globe,2026,9,45.418
870,Globe,2026,10,42.659
870,Globe,2026,11,50.613
871,Golaghat,2016,1,147.658
871,Golaghat,2016,2,138.946
871,Golaghat,2016,3,133.552
871,Golaghat,2016,4,126.354
871,Golaghat,2016,5,122.538
871,Golaghat,2016,6,116.19
871,Golaghat,2016,7,108.804
871,Golaghat,2016,8,108.322
871,Golaghat,2016,9,112.106
871,Golaghat,2016,10,127.634
871,Golaghat,2016,11,144.144
871,Golaghat,2016,12,153.749
872,Goldsboro,2016,1,45.231
872,Goldsboro,2016,2,41.222
872,Goldsboro,2016,3,34.723
872,Goldsboro,2016,4,29.278
872,Goldsboro,2016,5,26.616
872,Goldsboro,2016,6,28.725
872,Goldsboro,2016,7,31.533
872,Goldsboro,2016,8,33.611
872,Goldsboro,2016,9,31.159
872,Goldsboro,2016,10,28.457
872,Goldsboro,2016,11,37.365
872,Goldsboro,2016,12,43.145
873,Goldsby,2019,1,33.622
873,Goldsby,2019,2,31.84
873,Goldsby,2019,3,27.377
873,Goldsby,2019,4,22.306
873,Goldsby,2019,5,19.398
873,Goldsby,2019,6,21.259
873,Goldsby,2019,7,23.238
873,Goldsby,2019,8,25.21
873,Goldsby,2019,9,22.577
873,Goldsby,2019,10,20.41
873,Goldsby,2019,11,26.149
873,Goldsby,2019,12,31.055
874,Goleta,2026,1,28.153
874,Goleta,2026,2,25.881
874,Goleta,2026,3,21.663
874,Goleta,2026,4,17.61
874,Goleta,2026,5,15.193
874,Goleta,2026,6,17.177
874,Goleta,2026,7,18.715
874,Goleta,2026,8,20.015
874,Goleta,2026,9,18.594
874,Goleta,2026,10,17.105
874,Goleta,2026,11,22.706
874,Goleta,2026,12,25.179
875,Goodland,2026,1,26.88
875,Goodland,2026,2,25.25
875,Goodland,2026,3,22.028
875,Goodland,2026,4,18.741
875,Goodland,2026,5,15.733
875,Goodland,2026,6,17.071
875,Goodland,2026,7,18.533
875,Goodland,2026,8,19.996
875,Goodland,2026,9,17.641
875,Goodland,2026,10,15.805
875,Goodland,2026,11,20.292
875,Goodland,2026,12,23.167
876,Gorakhpur,2025,11,141.522
876,Gorakhpur,2025,12,136.714
876,Gorakhpur,2026,1,137.979
876,Gorakhpur,2026,2,127.009
876,Gorakhpur,2026,3,116.72
876,Gorakhpur,2026,4,109.238
876,Gorakhpur,2026,5,101.615
876,Gorakhpur,2026,6,86.605
876,Gorakhpur,2026,7,73.199
876,Gorakhpur,2026,8,72.623
876,Gorakhpur,2026,9,74.439
876,Gorakhpur,2026,10,114.641
877,Gordon,2017,1,49.052
877,Gordon,2017,2,46.17
877,Gordon,2017,3,39.935
877,Gordon,2017,4,32.806
877,Gordon,2017,5,28.221
877,Gordon,2017,6,31.581
877,Gordon,2017,7,33.89
877,Gordon,2017,8,35.021
877,Gordon,2017,9,33.06
877,Gordon,2017,10,31.793
877,Gordon,2017,11,38.993
877,Gordon,2017,12,43.65
879,Gothenburg,2017,1,49.795
879,Gothenburg,2017,2,45.994
879,Gothenburg,2017,3,38.554
879,Gothenburg,2017,4,31.771
879,Gothenburg,2017,5,27.316
879,Gothenburg,2017,6,29.644
879,Gothenburg,2017,7,32.115
879,Gothenburg,2017,8,34.397
879,Gothenburg,2017,9,32.074
879,Gothenburg,2017,10,30.464
879,Gothenburg,2017,11,38.548
879,Gothenburg,2017,12,43.918
880,Graham,2026,1,34.248
880,Graham,2026,2,33.61
880,Graham,2026,3,31.444
880,Graham,2026,4,26.952
880,Graham,2026,5,22.385
880,Graham,2026,6,25.647
880,Graham,2026,7,27.407
880,Graham,2026,8,29.789
880,Graham,2026,9,27.698
880,Graham,2026,10,25.21
880,Graham,2026,11,33.305
880,Graham,2026,12,38.312
882,Granbury,2026,1,34.248
882,Granbury,2026,2,33.655
882,Granbury,2026,3,31.461
882,Granbury,2026,4,26.952
882,Granbury,2026,5,22.532
882,Granbury,2026,6,25.261
882,Granbury,2026,7,27.407
882,Granbury,2026,8,29.831
882,Granbury,2026,9,27.698
882,Granbury,2026,10,24.902
882,Granbury,2026,11,32.879
882,Granbury,2026,12,37.275
883,Grand Canyon Village,2026,1,34.248
883,Grand Canyon Village,2026,2,33.655
883,Grand Canyon Village,2026,3,31.461
883,Grand Canyon Village,2026,4,26.952
883,Grand Canyon Village,2026,5,22.385
883,Grand Canyon Village,2026,6,24.96
883,Grand Canyon Village,2026,7,26.098
883,Grand Canyon Village,2026,8,29.023
883,Grand Canyon Village,2026,9,27.027
883,Grand Canyon Village,2026,10,24.589
883,Grand Canyon Village,2026,11,32.879
883,Grand Canyon Village,2026,12,37.275
884,Grand Island,2026,1,34.023
884,Grand Island,2026,2,33.697
884,Grand Island,2026,3,31.201
884,Grand Island,2026,4,27.01
884,Grand Island,2026,5,22.889
884,Grand Island,2026,6,25.862
884,Grand Island,2026,7,27.313
884,Grand Island,2026,8,29.751
884,Grand Island,2026,9,27.698
884,Grand Island,2026,10,25.434
884,Grand Island,2026,11,33.337
884,Grand Island,2026,12,38.312
885,Grand Junction,2026,1,29.759
885,Grand Junction,2026,2,27.662
885,Grand Junction,2026,3,22.961
885,Grand Junction,2026,4,19.097
885,Grand Junction,2026,5,16.26
885,Grand Junction,2026,6,18.214
885,Grand Junction,2026,7,19.408
885,Grand Junction,2026,8,21.12
885,Grand Junction,2026,9,19.24
885,Grand Junction,2026,10,17.324
885,Grand Junction,2026,11,22.561
885,Grand Junction,2026,12,25.185
886,"Grand Junction, CO",2025,1,33.887
886,"Grand Junction, CO",2025,2,32.398
886,"Grand Junction, CO",2025,3,29.355
886,"Grand Junction, CO",2025,4,25.141
886,"Grand Junction, CO",2025,5,21.951
886,"Grand Junction, CO",2025,6,24.127
886,"Grand Junction, CO",2025,7,26.13
886,"Grand Junction, CO",2025,8,28.943
886,"Grand Junction, CO",2025,9,26.298
886,"Grand Junction, CO",2025,10,25.071
886,"Grand Junction, CO",2025,11,32.482
886,"Grand Junction, CO",2025,12,37.507
887,Grand Rapids,2026,1,44.638
887,Grand Rapids,2026,2,41.287
887,Grand Rapids,2026,3,35.036
887,Grand Rapids,2026,4,29.6
887,Grand Rapids,2026,5,25.389
887,Grand Rapids,2026,6,28.636
887,Grand Rapids,2026,7,30.966
887,Grand Rapids,2026,8,32.693
887,Grand Rapids,2026,9,30.148
887,Grand Rapids,2026,10,28.694
887,Grand Rapids,2026,11,35.987
887,Grand Rapids,2026,12,40.539
888,"Grand Rapids-Wyoming, MI",2026,1,34.248
888,"Grand Rapids-Wyoming, MI",2026,2,33.61
888,"Grand Rapids-Wyoming, MI",2026,3,31.444
888,"Grand Rapids-Wyoming, MI",2026,4,26.952
888,"Grand Rapids-Wyoming, MI",2026,5,22.385
888,"Grand Rapids-Wyoming, MI",2026,6,25.647
888,"Grand Rapids-Wyoming, MI",2026,7,27.407
888,"Grand Rapids-Wyoming, MI",2026,8,29.789
888,"Grand Rapids-Wyoming, MI",2026,9,27.698
888,"Grand Rapids-Wyoming, MI",2026,10,25.21
888,"Grand Rapids-Wyoming, MI",2026,11,33.305
888,"Grand Rapids-Wyoming, MI",2026,12,38.312
889,Granger,2026,1,34.065
889,Granger,2026,2,33.697
889,Granger,2026,3,31.181
889,Granger,2026,4,27.01
889,Granger,2026,5,22.845
889,Granger,2026,6,25.862
889,Granger,2026,7,27.225
889,Granger,2026,8,29.751
889,Granger,2026,9,27.61
889,Granger,2026,10,25.434
889,Granger,2026,11,33.337
889,Granger,2026,12,38.312
890,Grangeville,2026,1,20.69
890,Grangeville,2026,2,18.269
890,Grangeville,2026,3,15.638
890,Grangeville,2026,4,12.762
890,Grangeville,2026,5,11.184
890,Grangeville,2026,6,12.379
890,Grangeville,2026,7,13.11
890,Grangeville,2026,8,14.228
890,Grangeville,2026,9,13.131
890,Grangeville,2026,10,12.165
890,Grangeville,2026,11,15.659
890,Grangeville,2026,12,18.01
891,Granite City,2026,1,46.286
891,Granite City,2026,2,42.199
891,Granite City,2026,3,35.702
891,Granite City,2026,4,29.401
891,Granite City,2026,5,25.356
891,Granite City,2026,6,28.063
891,Granite City,2026,7,30.966
891,Granite City,2026,8,32.693
891,Granite City,2026,9,30.148
891,Granite City,2026,10,27.856
891,Granite City,2026,11,36.063
891,Granite City,2026,12,41.782
893,Grants Pass,2026,1,34.076
893,Grants Pass,2026,2,33.709
893,Grants Pass,2026,3,31.299
893,Grants Pass,2026,4,27.223
893,Grants Pass,2026,5,23.446
893,Grants Pass,2026,6,25.848
893,Grants Pass,2026,7,27.467
893,Grants Pass,2026,8,29.831
893,Grants Pass,2026,9,27.473
893,Grants Pass,2026,10,24.796
893,Grants Pass,2026,11,32.757
893,Grants Pass,2026,12,37.275
894,"Grants Pass, OR",2020,1,32.845
894,"Grants Pass, OR",2020,2,31.064
894,"Grants Pass, OR",2020,3,27.893
894,"Grants Pass, OR",2020,4,22.615
894,"Grants Pass, OR",2020,5,20.047
894,"Grants Pass, OR",2020,6,21.956
894,"Grants Pass, OR",2020,7,23.633
894,"Grants Pass, OR",2020,8,25.191
894,"Grants Pass, OR",2020,9,22.489
894,"Grants Pass, OR",2020,10,20.428
894,"Grants Pass, OR",2020,11,25.94
894,"Grants Pass, OR",2020,12,29.76
895,Grantsville,2026,1,32.383
895,Grantsville,2026,2,30.213
895,Grantsville,2026,3,26.479
895,Grantsville,2026,4,21.64
895,Grantsville,2026,5,18.62
895,Grantsville,2026,6,20.948
895,Grantsville,2026,7,22.549
895,Grantsville,2026,8,24.265
895,Grantsville,2026,9,21.541
895,Grantsville,2026,10,19.709
895,Grantsville,2026,11,25.438
895,Grantsville,2026,12,29.165
896,Grapevine,2026,1,52.746
896,Grapevine,2026,2,48.962
896,Grapevine,2026,3,40.559
896,Grapevine,2026,4,33.041
896,Grapevine,2026,5,29.194
896,Grapevine,2026,6,32.297
896,Grapevine,2026,7,34.613
896,Grapevine,2026,8,35.232
896,Grapevine,2026,9,33.35
896,Grapevine,2026,10,31.762
896,Grapevine,2026,11,38.894
896,Grapevine,2026,12,43.578
897,Grass Valley,2026,1,24.275
897,Grass Valley,2026,2,22.773
897,Grass Valley,2026,3,19.185
897,Grass Valley,2026,4,15.981
897,Grass Valley,2026,5,13.289
897,Grass Valley,2026,6,14.911
897,Grass Valley,2026,7,15.839
897,Grass Valley,2026,8,16.564
897,Grass Valley,2026,9,14.455
897,Grass Valley,2026,10,12.807
897,Grass Valley,2026,11,16.523
897,Grass Valley,2026,12,18.694
898,Gray (Beattieville),2026,1,39.029
898,Gray (Beattieville),2026,2,36.048
898,Gray (Beattieville),2026,3,30.738
898,Gray (Beattieville),2026,4,24.742
898,Gray (Beattieville),2026,5,20.951
898,Gray (Beattieville),2026,6,22.972
898,Gray (Beattieville),2026,7,24.448
898,Gray (Beattieville),2026,8,26.137
898,Gray (Beattieville),2026,9,24.539
898,Gray (Beattieville),2026,10,22.031
898,Gray (Beattieville),2026,11,28.903
898,Gray (Beattieville),2026,12,32.834
899,Great Falls,2025,1,45.809
899,Great Falls,2025,2,42.283
899,Great Falls,2025,3,36.977
899,Great Falls,2025,4,30.567
899,Great Falls,2025,5,26.229
899,Great Falls,2025,6,29.383
899,Great Falls,2025,7,31.878
899,Great Falls,2025,8,33.406
899,Great Falls,2025,9,31.254
899,Great Falls,2025,10,29.453
899,Great Falls,2025,11,37.568
899,Great Falls,2025,12,43.072
901,Greater Upper Marlboro,2026,1,39.173
901,Greater Upper Marlboro,2026,2,35.897
901,Greater Upper Marlboro,2026,3,30.18
901,Greater Upper Marlboro,2026,4,24.853
901,Greater Upper Marlboro,2026,5,21.056
901,Greater Upper Marlboro,2026,6,23.582
901,Greater Upper Marlboro,2026,7,25.393
901,Greater Upper Marlboro,2026,8,27.378
901,Greater Upper Marlboro,2026,9,25.139
901,Greater Upper Marlboro,2026,10,23.16
901,Greater Upper Marlboro,2026,11,29.687
901,Greater Upper Marlboro,2026,12,34.526
902,Greeley,2026,1,34.273
902,Greeley,2026,2,31.6
902,Greeley,2026,3,27.879
902,Greeley,2026,4,22.306
902,Greeley,2026,5,19.398
902,Greeley,2026,6,21.259
902,Greeley,2026,7,23.332
902,Greeley,2026,8,25.304
902,Greeley,2026,9,22.771
902,Greeley,2026,10,20.41
902,Greeley,2026,11,26.271
902,Greeley,2026,12,31.055
903,"Greeley, CO",2025,1,34.016
903,"Greeley, CO",2025,2,33.7
903,"Greeley, CO",2025,3,31.299
903,"Greeley, CO",2025,4,27.29
903,"Greeley, CO",2025,5,23.342
903,"Greeley, CO",2025,6,25.933
903,"Greeley, CO",2025,7,27.467
903,"Greeley, CO",2025,8,29.85
903,"Greeley, CO",2025,9,27.25
903,"Greeley, CO",2025,10,24.788
903,"Greeley, CO",2025,11,32.767
903,"Greeley, CO",2025,12,37.275
904,Green Bay,2026,1,36.263
904,Green Bay,2026,2,32.197
904,Green Bay,2026,3,27.302
904,Green Bay,2026,4,22.306
904,Green Bay,2026,5,19.398
904,Green Bay,2026,6,21.259
904,Green Bay,2026,7,23.332
904,Green Bay,2026,8,25.304
904,Green Bay,2026,9,22.771
904,Green Bay,2026,10,20.41
904,Green Bay,2026,11,26.149
904,Green Bay,2026,12,31.055
905,Green River,2026,1,24.091
905,Green River,2026,2,21.888
905,Green River,2026,3,17.875
905,Green River,2026,4,14.515
905,Green River,2026,5,12.78
905,Green River,2026,6,13.965
905,Green River,2026,7,14.299
905,Green River,2026,8,15.734
905,Green River,2026,9,14.013
905,Green River,2026,10,12.945
905,Green River,2026,11,16.209
905,Green River,2026,12,18.706
906,Green Valley,2026,1,22.872
906,Green Valley,2026,2,19.976
906,Green Valley,2026,3,16.362
906,Green Valley,2026,4,13.302
906,Green Valley,2026,5,11.589
906,Green Valley,2026,6,13.382
906,Green Valley,2026,7,14.186
906,Green Valley,2026,8,15.734
906,Green Valley,2026,9,13.874
906,Green Valley,2026,10,12.377
906,Green Valley,2026,11,16.166
906,Green Valley,2026,12,18.706
907,Greenbrier,2026,1,34.016
907,Greenbrier,2026,2,33.7
907,Greenbrier,2026,3,31.299
907,Greenbrier,2026,4,27.29
907,Greenbrier,2026,5,23.342
907,Greenbrier,2026,6,25.84
907,Greenbrier,2026,7,27.467
907,Greenbrier,2026,8,29.85
907,Greenbrier,2026,9,27.25
907,Greenbrier,2026,10,24.788
907,Greenbrier,2026,11,32.767
907,Greenbrier,2026,12,37.275
908,Greene,2025,11,28.882
908,Greene,2025,12,32.841
908,Greene,2026,1,31.944
908,Greene,2026,2,29.82
908,Greene,2026,3,25.969
908,Greene,2026,4,21.377
908,Greene,2026,5,18.748
908,Greene,2026,6,20.284
908,Greene,2026,7,22.367
908,Greene,2026,8,24.246
908,Greene,2026,9,21.453
908,Greene,2026,10,19.784
909,Greenfield,2026,1,38.807
909,Greenfield,2026,2,34.56
909,Greenfield,2026,3,30.472
909,Greenfield,2026,4,26.273
909,Greenfield,2026,5,22.381
909,Greenfield,2026,6,25.561
909,Greenfield,2026,7,27.407
909,Greenfield,2026,8,29.831
909,Greenfield,2026,9,27.698
909,Greenfield,2026,10,25.21
909,Greenfield,2026,11,33.305
909,Greenfield,2026,12,38.312
910,Greensboro,2026,1,36.1
910,Greensboro,2026,2,33.013
910,Greensboro,2026,3,28.804
910,Greensboro,2026,4,22.972
910,Greensboro,2026,5,19.983
910,Greensboro,2026,6,21.27
910,Greensboro,2026,7,23.332
910,Greensboro,2026,8,25.304
910,Greensboro,2026,9,22.817
910,Greensboro,2026,10,20.41
910,Greensboro,2026,11,26.149
910,Greensboro,2026,12,31.055
911,"Greensboro-High Point, NC",2026,1,45.582
911,"Greensboro-High Point, NC",2026,2,42.436
911,"Greensboro-High Point, NC",2026,3,35.583
911,"Greensboro-High Point, NC",2026,4,29.401
911,"Greensboro-High Point, NC",2026,5,25.356
911,"Greensboro-High Point, NC",2026,6,28.4
911,"Greensboro-High Point, NC",2026,7,30.966
911,"Greensboro-High Point, NC",2026,8,32.693
911,"Greensboro-High Point, NC",2026,9,30.148
911,"Greensboro-High Point, NC",2026,10,28.471
911,"Greensboro-High Point, NC",2026,11,35.987
911,"Greensboro-High Point, NC",2026,12,40.539
912,Greensburg,2026,1,38.39
912,Greensburg,2026,2,34.639
912,Greensburg,2026,3,30.472
912,Greensburg,2026,4,26.273
912,Greensburg,2026,5,22.381
912,Greensburg,2026,6,25.241
912,Greensburg,2026,7,27.407
912,Greensburg,2026,8,29.789
912,Greensburg,2026,9,27.698
912,Greensburg,2026,10,24.86
912,Greensburg,2026,11,32.831
912,Greensburg,2026,12,37.275
913,Greenville,2026,1,44.455
913,Greenville,2026,2,41.91
913,Greenville,2026,3,35.01
913,Greenville,2026,4,29.618
913,Greenville,2026,5,25.067
913,Greenville,2026,6,28.59
913,Greenville,2026,7,30.924
913,Greenville,2026,8,32.655
913,Greenville,2026,9,30.148
913,Greenville,2026,10,28.512
913,Greenville,2026,11,36.019
913,Greenville,2026,12,41.782
914,"Greenville, NC",2026,1,32.166
914,"Greenville, NC",2026,2,30.903
914,"Greenville, NC",2026,3,26.406
914,"Greenville, NC",2026,4,21.759
914,"Greenville, NC",2026,5,18.444
914,"Greenville, NC",2026,6,20.485
914,"Greenville, NC",2026,7,22.367
914,"Greenville, NC",2026,8,24.246
914,"Greenville, NC",2026,9,21.453
914,"Greenville, NC",2026,10,19.784
914,"Greenville, NC",2026,11,24.928
914,"Greenville, NC",2026,12,28.239
915,"Greenville-Anderson-Mauldin, SC",2020,1,34.065
915,"Greenville-Anderson-Mauldin, SC",2020,2,33.697
915,"Greenville-Anderson-Mauldin, SC",2020,3,31.181
915,"Greenville-Anderson-Mauldin, SC",2020,4,27.01
915,"Greenville-Anderson-Mauldin, SC",2020,5,22.845
915,"Greenville-Anderson-Mauldin, SC",2020,6,25.862
915,"Greenville-Anderson-Mauldin, SC",2020,7,27.225
915,"Greenville-Anderson-Mauldin, SC",2020,8,29.751
915,"Greenville-Anderson-Mauldin, SC",2020,9,27.61
915,"Greenville-Anderson-Mauldin, SC",2020,10,25.434
915,"Greenville-Anderson-Mauldin, SC",2020,11,33.337
915,"Greenville-Anderson-Mauldin, SC",2020,12,38.312
916,Greenwich (Town of),2026,1,34.248
916,Greenwich (Town of),2026,2,33.61
916,Greenwich (Town of),2026,3,31.444
916,Greenwich (Town of),2026,4,26.952
916,Greenwich (Town of),2026,5,22.385
916,Greenwich (Town of),2026,6,25.468
916,Greenwich (Town of),2026,7,27.407
916,Greenwich (Town of),2026,8,29.789
916,Greenwich (Town of),2026,9,27.698
916,Greenwich (Town of),2026,10,25.21
916,Greenwich (Town of),2026,11,33.305
916,Greenwich (Town of),2026,12,38.312
917,Greenwich (Township of),2018,1,37.939
917,Greenwich (Township of),2018,2,33.117
917,Greenwich (Township of),2018,3,28.833
917,Greenwich (Township of),2018,4,22.978
917,Greenwich (Township of),2018,5,19.521
917,Greenwich (Township of),2018,6,21.355
917,Greenwich (Township of),2018,7,23.56
917,Greenwich (Township of),2018,8,25.317
917,Greenwich (Township of),2018,9,22.633
917,Greenwich (Township of),2018,10,20.466
917,Greenwich (Township of),2018,11,26.36
917,Greenwich (Township of),2018,12,31.154
919,Grenada,2019,1,36.561
919,Grenada,2019,2,32.02
919,Grenada,2019,3,27.542
919,Grenada,2019,4,22.327
919,Grenada,2019,5,19.704
919,Grenada,2019,6,21.27
919,Grenada,2019,7,23.238
919,Grenada,2019,8,25.21
919,Grenada,2019,9,22.577
919,Grenada,2019,10,20.41
919,Grenada,2019,11,26.149
919,Grenada,2019,12,31.055
922,Griffith,2012,1,53.517
922,Griffith,2012,2,50.476
922,Griffith,2012,3,43.073
922,Griffith,2012,4,36.468
922,Griffith,2012,5,32.037
922,Griffith,2012,6,34.146
922,Griffith,2012,7,35.513
922,Griffith,2012,8,37.042
922,Griffith,2012,9,35.72
922,Griffith,2012,10,33.107
922,Griffith,2012,11,40.533
922,Griffith,2012,12,45.338
923,Groton,2026,1,30.784
923,Groton,2026,2,28.665
923,Groton,2026,3,24.557
923,Groton,2026,4,20.559
923,Groton,2026,5,17.632
923,Groton,2026,6,19.301
923,Groton,2026,7,20.865
923,Groton,2026,8,22.509
923,Groton,2026,9,20.218
923,Groton,2026,10,18.161
923,Groton,2026,11,23.699
923,Groton,2026,12,26.885
924,Groveton,2026,1,35.2
924,Groveton,2026,2,31.622
924,Groveton,2026,3,26.427
924,Groveton,2026,4,21.664
924,Groveton,2026,5,18.6
924,Groveton,2026,6,20.525
924,Groveton,2026,7,22.444
924,Groveton,2026,8,24.359
924,Groveton,2026,9,21.736
924,Groveton,2026,10,19.361
924,Groveton,2026,11,25.136
924,Groveton,2026,12,29.165
925,Guadalajara,2026,1,77.119
925,Guadalajara,2026,2,71.797
925,Guadalajara,2026,3,65.221
925,Guadalajara,2026,4,59.274
925,Guadalajara,2026,5,55.441
925,Guadalajara,2026,6,56.372
925,Guadalajara,2026,7,56.574
925,Guadalajara,2026,8,56.955
925,Guadalajara,2026,9,54.033
925,Guadalajara,2026,10,50.796
925,Guadalajara,2026,11,55.316
925,Guadalajara,2026,12,58.39
926,Guangzhou,2026,1,127.704
926,Guangzhou,2026,2,116.454
926,Guangzhou,2026,3,98.826
926,Guangzhou,2026,4,84.196
926,Guangzhou,2026,5,74.968
926,Guangzhou,2026,6,75.652
926,Guangzhou,2026,7,77.811
926,Guangzhou,2026,8,80.634
926,Guangzhou,2026,9,78.297
926,Guangzhou,2026,10,79.55
926,Guangzhou,2026,11,95.918
926,Guangzhou,2026,12,114.495
927,Guayama,2025,10,36.36
927,Guayama,2025,11,46.495
927,Guayama,2025,12,51.192
927,Guayama,2026,1,48.545
927,Guayama,2026,2,44.592
927,Guayama,2026,3,37.203
927,Guayama,2026,4,30.679
927,Guayama,2026,5,25.709
927,Guayama,2026,6,28.26
927,Guayama,2026,7,30.836
927,Guayama,2026,8,32.655
927,Guayama,2026,9,30.06
928,"Guayama, PR",2017,12,40.143
928,"Guayama, PR",2018,1,39.182
928,"Guayama, PR",2018,2,36.493
928,"Guayama, PR",2018,3,30.909
928,"Guayama, PR",2018,4,24.497
928,"Guayama, PR",2018,5,21.257
928,"Guayama, PR",2018,6,23.617
928,"Guayama, PR",2018,7,25.621
928,"Guayama, PR",2018,8,27.391
928,"Guayama, PR",2018,9,25.168
928,"Guayama, PR",2018,10,23.128
928,"Guayama, PR",2018,11,29.787
929,Guayanilla,2017,12,40.143
929,Guayanilla,2018,1,39.477
929,Guayanilla,2018,2,36.216
929,Guayanilla,2018,3,31.246
929,Guayanilla,2018,4,25.677
929,Guayanilla,2018,5,21.779
929,Guayanilla,2018,6,24.297
929,Guayanilla,2018,7,26.342
929,Guayanilla,2018,8,29.05
929,Guayanilla,2018,9,27.083
929,Guayanilla,2018,10,25.49
929,Guayanilla,2018,11,33.436
930,Guaynabo,2026,1,35.143
930,Guaynabo,2026,2,32.297
930,Guaynabo,2026,3,27.545
930,Guaynabo,2026,4,22.365
930,Guaynabo,2026,5,19.636
930,Guaynabo,2026,6,21.23
930,Guaynabo,2026,7,23.255
930,Guaynabo,2026,8,25.191
930,Guaynabo,2026,9,22.489
930,Guaynabo,2026,10,20.803
930,Guaynabo,2026,11,25.94
930,Guaynabo,2026,12,29.753
931,Guerneville,2026,1,25.61
931,Guerneville,2026,2,23.605
931,Guerneville,2026,3,19.697
931,Guerneville,2026,4,15.968
931,Guerneville,2026,5,13.649
931,Guerneville,2026,6,15.084
931,Guerneville,2026,7,16.423
931,Guerneville,2026,8,17.633
931,Guerneville,2026,9,15.338
931,Guerneville,2026,10,14.141
931,Guerneville,2026,11,18.669
931,Guerneville,2026,12,21.687
933,Gulf Breeze,2026,1,43.452
933,Gulf Breeze,2026,2,39.198
933,Gulf Breeze,2026,3,33.345
933,Gulf Breeze,2026,4,28.299
933,Gulf Breeze,2026,5,24.313
933,Gulf Breeze,2026,6,26.968
933,Gulf Breeze,2026,7,29.217
933,Gulf Breeze,2026,8,31.635
933,Gulf Breeze,2026,9,29.446
933,Gulf Breeze,2026,10,26.691
933,Gulf Breeze,2026,11,34.847
933,Gulf Breeze,2026,12,37.88
934,Gulfport,2026,1,40.206
934,Gulfport,2026,2,36.913
934,Gulfport,2026,3,30.651
934,Gulfport,2026,4,24.742
934,Gulfport,2026,5,20.951
934,Gulfport,2026,6,23.066
934,Gulfport,2026,7,25.285
934,Gulfport,2026,8,27.396
934,Gulfport,2026,9,25.178
934,Gulfport,2026,10,23.152
934,Gulfport,2026,11,29.697
934,Gulfport,2026,12,34.633
936,Gunnison,2026,1,43.139
936,Gunnison,2026,2,41.386
936,Gunnison,2026,3,35.215
936,Gunnison,2026,4,30.103
936,Gunnison,2026,5,26.085
936,Gunnison,2026,6,29.577
936,Gunnison,2026,7,31.92
936,Gunnison,2026,8,33.406
936,Gunnison,2026,9,31.254
936,Gunnison,2026,10,29.453
936,Gunnison,2026,11,37.568
936,Gunnison,2026,12,43.072
937,Guntur,2016,1,124.018
937,Guntur,2016,2,119.134
937,Guntur,2016,3,111.215
937,Guntur,2016,4,108.19
937,Guntur,2016,5,106.779
937,Guntur,2016,6,104.362
937,Guntur,2016,7,102.488
937,Guntur,2016,8,102.472
937,Guntur,2016,9,103.256
937,Guntur,2016,10,118.402
937,Guntur,2016,11,138.002
937,Guntur,2016,12,153.117
940,Gurugram,2025,11,234.943
940,Gurugram,2025,12,193.943
940,Gurugram,2026,1,221.195
940,Gurugram,2026,2,185.055
940,Gurugram,2026,3,154.991
940,Gurugram,2026,4,154.656
940,Gurugram,2026,5,145.788
940,Gurugram,2026,6,124.844
940,Gurugram,2026,7,85.766
940,Gurugram,2026,8,77.564
940,Gurugram,2026,9,80.557
940,Gurugram,2026,10,114.257
941,Guwahati,2025,11,83.945
941,Guwahati,2025,12,93.002
941,Guwahati,2026,1,98.882
941,Guwahati,2026,2,95.928
941,Guwahati,2026,3,88.109
941,Guwahati,2026,4,85.933
941,Guwahati,2026,5,82.139
941,Guwahati,2026,6,78.792
941,Guwahati,2026,7,72.412
941,Guwahati,2026,8,74.198
941,Guwahati,2026,9,74.761
941,Guwahati,2026,10,91.672
942,Gwalior,2025,11,150.697
942,Gwalior,2025,12,142.361
942,Gwalior,2026,1,144.919
942,Gwalior,2026,2,134.341
942,Gwalior,2026,3,126.787
942,Gwalior,2026,4,121.819
942,Gwalior,2026,5,111.225
942,Gwalior,2026,6,100.991
942,Gwalior,2026,7,83.166
942,Gwalior,2026,8,82.226
942,Gwalior,2026,9,83.355
942,Gwalior,2026,10,98.709
943,Hackensack,2010,1,34.539
943,Hackensack,2010,2,33.946
943,Hackensack,2010,3,31.576
943,Hackensack,2010,4,27.099
943,Hackensack,2010,5,23.748
943,Hackensack,2010,6,25.904
943,Hackensack,2010,7,27.723
943,Hackensack,2010,8,30.018
943,Hackensack,2010,9,28.584
943,Hackensack,2010,10,25.703
943,Hackensack,2010,11,33.68
943,Hackensack,2010,12,38.407
944,"Hagerstown-Martinsburg, MD-WV",2026,1,35.143
944,"Hagerstown-Martinsburg, MD-WV",2026,2,32.297
944,"Hagerstown-Martinsburg, MD-WV",2026,3,27.565
944,"Hagerstown-Martinsburg, MD-WV",2026,4,22.365
944,"Hagerstown-Martinsburg, MD-WV",2026,5,19.748
944,"Hagerstown-Martinsburg, MD-WV",2026,6,21.23
944,"Hagerstown-Martinsburg, MD-WV",2026,7,23.437
944,"Hagerstown-Martinsburg, MD-WV",2026,8,25.191
944,"Hagerstown-Martinsburg, MD-WV",2026,9,22.577
944,"Hagerstown-Martinsburg, MD-WV",2026,10,20.803
944,"Hagerstown-Martinsburg, MD-WV",2026,11,26.236
944,"Hagerstown-Martinsburg, MD-WV",2026,12,31.055
945,Hahnville,2015,1,34.691
945,Hahnville,2015,2,33.82
945,Hahnville,2015,3,31.57
945,Hahnville,2015,4,26.979
945,Hahnville,2015,5,22.615
945,Hahnville,2015,6,25.182
945,Hahnville,2015,7,27.436
945,Hahnville,2015,8,29.895
945,Hahnville,2015,9,27.754
945,Hahnville,2015,10,24.938
945,Hahnville,2015,11,32.978
945,Hahnville,2015,12,37.317
947,Hajipur,2025,11,195.454
947,Hajipur,2025,12,206.701
947,Hajipur,2026,1,220.5
947,Hajipur,2026,2,192.313
947,Hajipur,2026,3,171.489
947,Hajipur,2026,4,157.748
947,Hajipur,2026,5,142.946
947,Hajipur,2026,6,128.173
947,Hajipur,2026,7,101.389
947,Hajipur,2026,8,93.777
947,Hajipur,2026,9,93.184
947,Hajipur,2026,10,114.46
948,Haldia,2025,11,113.367
948,Haldia,2025,12,121.484
948,Haldia,2026,1,122.378
948,Haldia,2026,2,111.693
948,Haldia,2026,3,104.577
948,Haldia,2026,4,99.313
948,Haldia,2026,5,92.291
948,Haldia,2026,6,85.929
948,Haldia,2026,7,76.701
948,Haldia,2026,8,76.567
948,Haldia,2026,9,77.186
948,Haldia,2026,10,95.939
950,Hallsville,2026,1,34.076
950,Hallsville,2026,2,33.697
950,Hallsville,2026,3,31.371
950,Hallsville,2026,4,27.01
950,Hallsville,2026,5,22.818
950,Hallsville,2026,6,25.956
950,Hallsville,2026,7,27.318
950,Hallsville,2026,8,29.793
950,Hallsville,2026,9,27.61
950,Hallsville,2026,10,25.644
950,Hallsville,2026,11,33.337
950,Hallsville,2026,12,38.312
951,Hamburg,2026,1,41.848
951,Hamburg,2026,2,38.044
951,Hamburg,2026,3,32.918
951,Hamburg,2026,4,28.773
951,Hamburg,2026,5,26.499
951,Hamburg,2026,6,30.184
951,Hamburg,2026,7,33.166
951,Hamburg,2026,8,35.228
951,Hamburg,2026,9,33.114
951,Hamburg,2026,10,30.924
951,Hamburg,2026,11,40.243
951,Hamburg,2026,12,47.204
952,Hamilton,2026,1,47.196
952,Hamilton,2026,2,43.299
952,Hamilton,2026,3,36.375
952,Hamilton,2026,4,29.689
952,Hamilton,2026,5,25.193
952,Hamilton,2026,6,28.051
952,Hamilton,2026,7,30.966
952,Hamilton,2026,8,32.693
952,Hamilton,2026,9,30.148
952,Hamilton,2026,10,28.126
952,Hamilton,2026,11,36.146
952,Hamilton,2026,12,41.782
953,Hammond,2026,1,48.984
953,Hammond,2026,2,44.305
953,Hammond,2026,3,37.034
953,Hammond,2026,4,30.607
953,Hammond,2026,5,25.788
953,Hammond,2026,6,28.59
953,Hammond,2026,7,30.836
953,Hammond,2026,8,32.655
953,Hammond,2026,9,30.06
953,Hammond,2026,10,28.512
953,Hammond,2026,11,36.019
953,Hammond,2026,12,41.782
954,Hampton,2026,1,34.124
954,Hampton,2026,2,31.853
954,Hampton,2026,3,28.119
954,Hampton,2026,4,23.262
954,Hampton,2026,5,20.293
954,Hampton,2026,6,22.557
954,Hampton,2026,7,24.448
954,Hampton,2026,8,26.118
954,Hampton,2026,9,24.428
954,Hampton,2026,10,21.951
954,Hampton,2026,11,28.806
954,Hampton,2026,12,32.834
955,Hancock,2026,1,22.196
955,Hancock,2026,2,20.076
955,Hancock,2026,3,16.78
955,Hancock,2026,4,13.69
955,Hancock,2026,5,12.241
955,Hancock,2026,6,13.457
955,Hancock,2026,7,14.299
955,Hancock,2026,8,15.734
955,Hancock,2026,9,13.92
955,Hancock,2026,10,12.18
955,Hancock,2026,11,15.65
955,Hancock,2026,12,18.01
956,Hanford,2026,1,52.91
956,Hanford,2026,2,48.962
956,Hanford,2026,3,40.389
956,Hanford,2026,4,33.024
956,Hanford,2026,5,29.194
956,Hanford,2026,6,32.117
956,Hanford,2026,7,34.701
956,Hanford,2026,8,35.232
956,Hanford,2026,9,33.438
956,Hanford,2026,10,31.77
956,Hanford,2026,11,38.894
956,Hanford,2026,12,43.578
957,"Hanford-Corcoran, CA",2020,1,84.313
957,"Hanford-Corcoran, CA",2020,2,78.308
957,"Hanford-Corcoran, CA",2020,3,71.321
957,"Hanford-Corcoran, CA",2020,4,65.726
957,"Hanford-Corcoran, CA",2020,5,59.915
957,"Hanford-Corcoran, CA",2020,6,60.742
957,"Hanford-Corcoran, CA",2020,7,61.391
957,"Hanford-Corcoran, CA",2020,8,62.369
957,"Hanford-Corcoran, CA",2020,9,60.355
957,"Hanford-Corcoran, CA",2020,10,58.966
957,"Hanford-Corcoran, CA",2020,11,62.441
957,"Hanford-Corcoran, CA",2020,12,64.89
958,Hangzhou,2026,1,111.147
958,Hangzhou,2026,2,105.34
958,Hangzhou,2026,3,90.302
958,Hangzhou,2026,4,78.575
958,Hangzhou,2026,5,71.926
958,Hangzhou,2026,6,72.117
958,Hangzhou,2026,7,75.751
958,Hangzhou,2026,8,76.688
958,Hangzhou,2026,9,76.564
958,Hangzhou,2026,10,76.115
958,Hangzhou,2026,11,91.221
958,Hangzhou,2026,12,106.398
959,Hanoi,2026,1,117.559
959,Hanoi,2026,2,108.22
959,Hanoi,2026,3,100.111
959,Hanoi,2026,4,95.667
959,Hanoi,2026,5,89.752
959,Hanoi,2026,6,81.557
959,Hanoi,2026,7,73.642
959,Hanoi,2026,8,74.379
959,Hanoi,2026,9,74.272
959,Hanoi,2026,10,92.251
959,Hanoi,2026,11,110.347
959,Hanoi,2026,12,114.874
961,Happy Valley,2026,1,11.38
961,Happy Valley,2026,2,10.036
961,Happy Valley,2026,3,8.657
961,Happy Valley,2026,4,7.172
961,Happy Valley,2026,5,6.533
961,Happy Valley,2026,6,6.572
961,Happy Valley,2026,7,6.386
961,Happy Valley,2026,8,6.487
961,Happy Valley,2026,9,4.276
961,Happy Valley,2026,10,3.963
961,Happy Valley,2026,11,7.31
961,Happy Valley,2026,12,8.415
962,Hapur,2025,11,256.981
962,Hapur,2025,12,187.916
962,Hapur,2026,1,202.819
962,Hapur,2026,2,177.574
962,Hapur,2026,3,145.775
962,Hapur,2026,4,140.948
962,Hapur,2026,5,128.591
962,Hapur,2026,6,107.987
962,Hapur,2026,7,76.229
962,Hapur,2026,8,74.988
962,Hapur,2026,9,74.243
962,Hapur,2026,10,117.222
963,Harbin,2026,1,119.163
963,Harbin,2026,2,108.059
963,Harbin,2026,3,95.045
963,Harbin,2026,4,83.946
963,Harbin,2026,5,75.893
963,Harbin,2026,6,78.992
963,Harbin,2026,7,82.762
963,Harbin,2026,8,85.974
963,Harbin,2026,9,83.917
963,Harbin,2026,10,83.497
963,Harbin,2026,11,104.231
963,Harbin,2026,12,121.572
964,Harbor Beach,2026,1,34.06
964,Harbor Beach,2026,2,33.709
964,Harbor Beach,2026,3,31.346
964,Harbor Beach,2026,4,27.19
964,Harbor Beach,2026,5,23.524
964,Harbor Beach,2026,6,25.76
964,Harbor Beach,2026,7,27.467
964,Harbor Beach,2026,8,29.831
964,Harbor Beach,2026,9,27.446
964,Harbor Beach,2026,10,24.708
964,Harbor Beach,2026,11,32.757
964,Harbor Beach,2026,12,37.275
966,Harlingen,2026,1,33.887
966,Harlingen,2026,2,32.365
966,Harlingen,2026,3,29.355
966,Harlingen,2026,4,25.141
966,Harlingen,2026,5,21.965
966,Harlingen,2026,6,23.851
966,Harlingen,2026,7,25.41
966,Harlingen,2026,8,27.313
966,Harlingen,2026,9,24.978
966,Harlingen,2026,10,22.759
966,Harlingen,2026,11,28.955
966,Harlingen,2026,12,32.841
968,Harriman,2026,1,31.622
968,Harriman,2026,2,29.754
968,Harriman,2026,3,25.537
968,Harriman,2026,4,21.015
968,Harriman,2026,5,18.156
968,Harriman,2026,6,20.485
968,Harriman,2026,7,22.461
968,Harriman,2026,8,24.246
968,Harriman,2026,9,21.453
968,Harriman,2026,10,20.063
968,Harriman,2026,11,25.395
968,Harriman,2026,12,29.76
970,"Harrisburg-Carlisle, PA",2026,1,40.98
970,"Harrisburg-Carlisle, PA",2026,2,36.738
970,"Harrisburg-Carlisle, PA",2026,3,31.078
970,"Harrisburg-Carlisle, PA",2026,4,25.563
970,"Harrisburg-Carlisle, PA",2026,5,21.688
970,"Harrisburg-Carlisle, PA",2026,6,24.143
970,"Harrisburg-Carlisle, PA",2026,7,26.312
970,"Harrisburg-Carlisle, PA",2026,8,28.981
970,"Harrisburg-Carlisle, PA",2026,9,26.386
970,"Harrisburg-Carlisle, PA",2026,10,24.145
970,"Harrisburg-Carlisle, PA",2026,11,32.155
970,"Harrisburg-Carlisle, PA",2026,12,37.275
971,Harrison Township,2026,1,42.425
971,Harrison Township,2026,2,38.51
971,Harrison Township,2026,3,32.133
971,Harrison Township,2026,4,26.699
971,Harrison Township,2026,5,22.302
971,Harrison Township,2026,6,24.829
971,Harrison Township,2026,7,26.098
971,Harrison Township,2026,8,29.023
971,Harrison Township,2026,9,27.027
971,Harrison Township,2026,10,24.708
971,Harrison Township,2026,11,32.879
971,Harrison Township,2026,12,37.275
972,"Harrison, AR",2026,1,21.082
972,"Harrison, AR",2026,2,19.195
972,"Harrison, AR",2026,3,16.329
972,"Harrison, AR",2026,4,13.288
972,"Harrison, AR",2026,5,11.548
972,"Harrison, AR",2026,6,13.222
972,"Harrison, AR",2026,7,14.186
972,"Harrison, AR",2026,8,15.734
972,"Harrison, AR",2026,9,13.874
972,"Harrison, AR",2026,10,12.314
972,"Harrison, AR",2026,11,16.136
972,"Harrison, AR",2026,12,18.706
973,"Harrisonburg, VA",2026,1,38.39
973,"Harrisonburg, VA",2026,2,34.874
973,"Harrisonburg, VA",2026,3,30.504
973,"Harrisonburg, VA",2026,4,26.273
973,"Harrisonburg, VA",2026,5,22.39
973,"Harrisonburg, VA",2026,6,25.73
973,"Harrisonburg, VA",2026,7,27.407
973,"Harrisonburg, VA",2026,8,29.789
973,"Harrisonburg, VA",2026,9,27.698
973,"Harrisonburg, VA",2026,10,25.434
973,"Harrisonburg, VA",2026,11,33.305
973,"Harrisonburg, VA",2026,12,38.312
974,Harrisville,2026,1,29.159
974,Harrisville,2026,2,27.131
974,Harrisville,2026,3,23.006
974,Harrisville,2026,4,19.76
974,Harrisville,2026,5,16.601
974,Harrisville,2026,6,18.699
974,Harrisville,2026,7,19.59
974,Harrisville,2026,8,21.139
974,Harrisville,2026,9,19.329
974,Harrisville,2026,10,17.68
974,Harrisville,2026,11,22.825
974,Harrisville,2026,12,25.179
975,Hartford,2026,1,36.998
975,Hartford,2026,2,32.824
975,Hartford,2026,3,27.908
975,Hartford,2026,4,22.38
975,Hartford,2026,5,19.905
975,Hartford,2026,6,21.358
975,Hartford,2026,7,23.332
975,Hartford,2026,8,25.304
975,Hartford,2026,9,22.844
975,Hartford,2026,10,20.498
975,Hartford,2026,11,26.149
975,Hartford,2026,12,31.055
976,Hassan,2025,11,68.453
976,Hassan,2025,12,76.764
976,Hassan,2026,1,83.49
976,Hassan,2026,2,85.706
976,Hassan,2026,3,80.541
976,Hassan,2026,4,75.617
976,Hassan,2026,5,71.064
976,Hassan,2026,6,70.478
976,Hassan,2026,7,64.966
976,Hassan,2026,8,65.164
976,Hassan,2026,9,65.389
976,Hassan,2026,10,86.759
978,Hattiesburg,2026,1,44.161
978,Hattiesburg,2026,2,41.169
978,Hattiesburg,2026,3,35.155
978,Hattiesburg,2026,4,29.68
978,Hattiesburg,2026,5,25.594
978,Hattiesburg,2026,6,27.757
978,Hattiesburg,2026,7,30.054
978,Hattiesburg,2026,8,32.693
978,Hattiesburg,2026,9,29.923
978,Hattiesburg,2026,10,26.543
978,Hattiesburg,2026,11,34.725
978,Hattiesburg,2026,12,37.88
979,Havana,2026,1,63.716
979,Havana,2026,2,60.184
979,Havana,2026,3,54.469
979,Havana,2026,4,49.913
979,Havana,2026,5,45.757
979,Havana,2026,6,48.81
979,Havana,2026,7,51.28
979,Havana,2026,8,53.845
979,Havana,2026,9,51.306
979,Havana,2026,10,48.075
979,Havana,2026,11,55.616
979,Havana,2026,12,61.07
980,Haverhill,2026,1,33.505
980,Haverhill,2026,2,32.335
980,Haverhill,2026,3,28.996
980,Haverhill,2026,4,23.242
980,Haverhill,2026,5,20.415
980,Haverhill,2026,6,23.208
980,Haverhill,2026,7,25.39
980,Haverhill,2026,8,27.284
980,Haverhill,2026,9,25.067
980,Haverhill,2026,10,23.224
980,Haverhill,2026,11,29.97
980,Haverhill,2026,12,34.526
982,Hawaii Volcanoes National Park,2026,1,11.751
982,Hawaii Volcanoes National Park,2026,2,10.205
982,Hawaii Volcanoes National Park,2026,3,8.748
982,Hawaii Volcanoes National Park,2026,4,7.172
982,Hawaii Volcanoes National Park,2026,5,6.504
982,Hawaii Volcanoes National Park,2026,6,6.822
982,Hawaii Volcanoes National Park,2026,7,6.491
982,Hawaii Volcanoes National Park,2026,8,6.487
982,Hawaii Volcanoes National Park,2026,9,4.231
982,Hawaii Volcanoes National Park,2026,10,4.155
982,Hawaii Volcanoes National Park,2026,11,7.569
982,Hawaii Volcanoes National Park,2026,12,8.415
983,Hawaiian Ocean View,2026,1,29.759
983,Hawaiian Ocean View,2026,2,27.61
983,Hawaiian Ocean View,2026,3,22.981
983,Hawaiian Ocean View,2026,4,19.097
983,Hawaiian Ocean View,2026,5,16.413
983,Hawaiian Ocean View,2026,6,18.396
983,Hawaiian Ocean View,2026,7,19.59
983,Hawaiian Ocean View,2026,8,21.213
983,Hawaiian Ocean View,2026,9,19.523
983,Hawaiian Ocean View,2026,10,17.324
983,Hawaiian Ocean View,2026,11,22.857
983,Hawaiian Ocean View,2026,12,25.179
984,Hayden,2026,1,52.862
984,Hayden,2026,2,49.468
984,Hayden,2026,3,41.561
984,Hayden,2026,4,34.159
984,Hayden,2026,5,30.352
984,Hayden,2026,6,32.424
984,Hayden,2026,7,34.239
984,Hayden,2026,8,35.495
984,Hayden,2026,9,33.337
984,Hayden,2026,10,31.453
984,Hayden,2026,11,38.892
984,Hayden,2026,12,43.578
985,Hayward,2025,1,33.977
985,Hayward,2025,2,32.398
985,Hayward,2025,3,28.923
985,Hayward,2025,4,23.331
985,Hayward,2025,5,20.225
985,Hayward,2025,6,22.517
985,Hayward,2025,7,24.371
985,Hayward,2025,8,25.986
985,Hayward,2025,9,23.224
985,Hayward,2025,10,21.627
985,Hayward,2025,11,26.854
985,Hayward,2025,12,31.415
986,Hazard,2026,1,35.143
986,Hazard,2026,2,32.297
986,Hazard,2026,3,27.565
986,Hazard,2026,4,22.365
986,Hazard,2026,5,19.748
986,Hazard,2026,6,21.23
986,Hazard,2026,7,23.437
986,Hazard,2026,8,25.191
986,Hazard,2026,9,22.577
986,Hazard,2026,10,20.803
986,Hazard,2026,11,26.415
986,Hazard,2026,12,31.055
987,Healdsburg,2026,1,28.558
987,Healdsburg,2026,2,26.555
987,Healdsburg,2026,3,22.453
987,Healdsburg,2026,4,19.213
987,Healdsburg,2026,5,16.26
987,Healdsburg,2026,6,18.252
987,Healdsburg,2026,7,19.408
987,Healdsburg,2026,8,21.12
987,Healdsburg,2026,9,19.24
987,Healdsburg,2026,10,17.295
987,Healdsburg,2026,11,22.561
987,Healdsburg,2026,12,25.185
988,Healdton,2026,1,36.12
988,Healdton,2026,2,33.002
988,Healdton,2026,3,28.886
988,Healdton,2026,4,23.12
988,Healdton,2026,5,20.494
988,Healdton,2026,6,22.739
988,Healdton,2026,7,24.448
988,Healdton,2026,8,26.118
988,Healdton,2026,9,24.5
988,Healdton,2026,10,22.039
988,Healdton,2026,11,28.893
988,Healdton,2026,12,32.834
989,Heath (Fourmile Lock),2026,1,33.887
989,Heath (Fourmile Lock),2026,2,32.41
989,Heath (Fourmile Lock),2026,3,29.636
989,Heath (Fourmile Lock),2026,4,25.078
989,Heath (Fourmile Lock),2026,5,22.206
989,Heath (Fourmile Lock),2026,6,24.625
989,Heath (Fourmile Lock),2026,7,26.13
989,Heath (Fourmile Lock),2026,8,28.87
989,Heath (Fourmile Lock),2026,9,26.336
989,Heath (Fourmile Lock),2026,10,24.916
989,Heath (Fourmile Lock),2026,11,31.935
989,Heath (Fourmile Lock),2026,12,37.01
990,Helena,2026,1,34.06
990,Helena,2026,2,33.709
990,Helena,2026,3,31.302
990,Helena,2026,4,27.19
990,Helena,2026,5,23.48
990,Helena,2026,6,25.76
990,Helena,2026,7,27.467
990,Helena,2026,8,29.831
990,Helena,2026,9,27.473
990,Helena,2026,10,24.708
990,Helena,2026,11,32.757
990,Helena,2026,12,37.275
991,Helena Valley West Central,2026,1,38.725
991,Helena Valley West Central,2026,2,34.752
991,Helena Valley West Central,2026,3,30.445
991,Helena Valley West Central,2026,4,26.331
991,Helena Valley West Central,2026,5,22.219
991,Helena Valley West Central,2026,6,25.658
991,Helena Valley West Central,2026,7,27.318
991,Helena Valley West Central,2026,8,29.751
991,Helena Valley West Central,2026,9,27.61
991,Helena Valley West Central,2026,10,25.434
991,Helena Valley West Central,2026,11,33.337
991,Helena Valley West Central,2026,12,38.312
992,"Helena, MT",2026,1,22.683
992,"Helena, MT",2026,2,19.545
992,"Helena, MT",2026,3,16.094
992,"Helena, MT",2026,4,13.288
992,"Helena, MT",2026,5,11.893
992,"Helena, MT",2026,6,12.779
992,"Helena, MT",2026,7,13.072
992,"Helena, MT",2026,8,14.21
992,"Helena, MT",2026,9,13.025
992,"Helena, MT",2026,10,12.215
992,"Helena, MT",2026,11,15.735
992,"Helena, MT",2026,12,18.01
993,Helsinki,2026,1,28.041
993,Helsinki,2026,2,26.56
993,Helsinki,2026,3,22.968
993,Helsinki,2026,4,19.342
993,Helsinki,2026,5,16.876
993,Helsinki,2026,6,18.658
993,Helsinki,2026,7,18.97
993,Helsinki,2026,8,19.939
993,Helsinki,2026,9,17.294
993,Helsinki,2026,10,15.794
993,Helsinki,2026,11,20.79
993,Helsinki,2026,12,23.669
994,Henderson,2026,1,26.88
994,Henderson,2026,2,25.219
994,Henderson,2026,3,22.048
994,Henderson,2026,4,18.547
994,Henderson,2026,5,15.845
994,Henderson,2026,6,17.254
994,Henderson,2026,7,18.621
994,Henderson,2026,8,19.996
994,Henderson,2026,9,17.729
994,Henderson,2026,10,15.988
994,Henderson,2026,11,20.588
994,Henderson,2026,12,23.167
995,Hendersonville,2026,1,38.208
995,Hendersonville,2026,2,34.874
995,Hendersonville,2026,3,30.471
995,Hendersonville,2026,4,26.287
995,Hendersonville,2026,5,22.349
995,Hendersonville,2026,6,25.658
995,Hendersonville,2026,7,27.407
995,Hendersonville,2026,8,29.789
995,Hendersonville,2026,9,27.698
995,Hendersonville,2026,10,25.434
995,Hendersonville,2026,11,33.337
995,Hendersonville,2026,12,38.312
996,Herculaneum,2026,1,34.065
996,Herculaneum,2026,2,33.697
996,Herculaneum,2026,3,31.201
996,Herculaneum,2026,4,26.966
996,Herculaneum,2026,5,22.267
996,Herculaneum,2026,6,25.658
996,Herculaneum,2026,7,27.407
996,Herculaneum,2026,8,29.751
996,Herculaneum,2026,9,27.698
996,Herculaneum,2026,10,25.434
996,Herculaneum,2026,11,33.337
996,Herculaneum,2026,12,38.312
997,Hermiston,2026,1,29.778
997,Hermiston,2026,2,26.363
997,Hermiston,2026,3,21.982
997,Hermiston,2026,4,17.899
997,Hermiston,2026,5,15.301
997,Hermiston,2026,6,16.997
997,Hermiston,2026,7,17.827
997,Hermiston,2026,8,18.521
997,Hermiston,2026,9,16.799
997,Hermiston,2026,10,15.151
997,Hermiston,2026,11,19.461
997,Hermiston,2026,12,22.7
998,Hernando,2026,1,42.577
998,Hernando,2026,2,39.965
998,Hernando,2026,3,33.543
998,Hernando,2026,4,28.356
998,Hernando,2026,5,24.048
998,Hernando,2026,6,27.496
998,Hernando,2026,7,29.801
998,Hernando,2026,8,31.939
998,Hernando,2026,9,29.446
998,Hernando,2026,10,27.347
998,Hernando,2026,11,35.299
998,Hernando,2026,12,40.539
999,Herriman,2026,1,32.422
999,Herriman,2026,2,29.763
999,Herriman,2026,3,25.109
999,Herriman,2026,4,20.957
999,Herriman,2026,5,17.244
999,Herriman,2026,6,19.532
999,Herriman,2026,7,20.943
999,Herriman,2026,8,22.621
999,Herriman,2026,9,20.501
999,Herriman,2026,10,18.349
999,Herriman,2026,11,24.03
999,Herriman,2026,12,27.917
1000,Hershey,2025,12,43.923
1000,Hershey,2026,1,40.837
1000,Hershey,2026,2,36.93
1000,Hershey,2026,3,30.651
1000,Hershey,2026,4,24.721
1000,Hershey,2026,5,21.056
1000,Hershey,2026,6,23.605
1000,Hershey,2026,7,25.393
1000,Hershey,2026,8,27.378
1000,Hershey,2026,9,25.139
1000,Hershey,2026,10,23.152
1000,Hershey,2026,11,29.697
1001,Hesperia,2026,1,54.332
1001,Hesperia,2026,2,51.566
1001,Hesperia,2026,3,44.859
1001,Hesperia,2026,4,36.585
1001,Hesperia,2026,5,31.262
1001,Hesperia,2026,6,34.102
1001,Hesperia,2026,7,35.897
1001,Hesperia,2026,8,36.85
1001,Hesperia,2026,9,35.156
1001,Hesperia,2026,10,33.38
1001,Hesperia,2026,11,40.325
1001,Hesperia,2026,12,45.23
1002,Hickory,2026,1,40.925
1002,Hickory,2026,2,36.784
1002,Hickory,2026,3,31.078
1002,Hickory,2026,4,25.563
1002,Hickory,2026,5,21.688
1002,Hickory,2026,6,24.143
1002,Hickory,2026,7,26.312
1002,Hickory,2026,8,28.981
1002,Hickory,2026,9,26.386
1002,Hickory,2026,10,24.145
1002,Hickory,2026,11,32.155
1002,Hickory,2026,12,37.275
1003,Highland,2011,11,69.444
1003,Highland,2011,12,72.454
1003,Highland,2012,1,69.01
1003,Highland,2012,2,64.781
1003,Highland,2012,3,58.939
1003,Highland,2012,4,53.496
1003,Highland,2012,5,48.907
1003,Highland,2012,6,49.198
1003,Highland,2012,7,51.261
1003,Highland,2012,8,52.469
1003,Highland,2012,9,49.628
1003,Highland,2012,10,45.142
1004,Highland Heights,2026,1,35.858
1004,Highland Heights,2026,2,31.565
1004,Highland Heights,2026,3,26.56
1004,Highland Heights,2026,4,21.697
1004,Highland Heights,2026,5,18.801
1004,Highland Heights,2026,6,20.73
1004,Highland Heights,2026,7,22.406
1004,Highland Heights,2026,8,24.359
1004,Highland Heights,2026,9,21.847
1004,Highland Heights,2026,10,19.472
1004,Highland Heights,2026,11,25.145
1004,Highland Heights,2026,12,29.165
1005,Hillsboro,2026,1,25.417
1005,Hillsboro,2026,2,24.112
1005,Hillsboro,2026,3,22.06
1005,Hillsboro,2026,4,18.749
1005,Hillsboro,2026,5,16.35
1005,Hillsboro,2026,6,17.553
1005,Hillsboro,2026,7,18.551
1005,Hillsboro,2026,8,19.95
1005,Hillsboro,2026,9,17.678
1005,Hillsboro,2026,10,15.548
1005,Hillsboro,2026,11,20.109
1005,Hillsboro,2026,12,23.174
1006,Hilo,2026,1,18.984
1006,Hilo,2026,2,15.56
1006,Hilo,2026,3,13.044
1006,Hilo,2026,4,10.982
1006,Hilo,2026,5,9.201
1006,Hilo,2026,6,10.259
1006,Hilo,2026,7,11.404
1006,Hilo,2026,8,12.325
1006,Hilo,2026,9,10.524
1006,Hilo,2026,10,9.108
1006,Hilo,2026,11,12.068
1006,Hilo,2026,12,14.013
1007,"Hilo, HI",2026,1,20.709
1007,"Hilo, HI",2026,2,18.331
1007,"Hilo, HI",2026,3,15.899
1007,"Hilo, HI",2026,4,12.779
1007,"Hilo, HI",2026,5,10.751
1007,"Hilo, HI",2026,6,11.753
1007,"Hilo, HI",2026,7,12.358
1007,"Hilo, HI",2026,8,13.145
1007,"Hilo, HI",2026,9,11.482
1007,"Hilo, HI",2026,10,10.555
1007,"Hilo, HI",2026,11,13.406
1007,"Hilo, HI",2026,12,15.736
1008,Hisar,2025,11,160.536
1008,Hisar,2025,12,151.234
1008,Hisar,2026,1,145.611
1008,Hisar,2026,2,132.05
1008,Hisar,2026,3,123.552
1008,Hisar,2026,4,113.07
1008,Hisar,2026,5,105.758
1008,Hisar,2026,6,92.274
1008,Hisar,2026,7,77.606
1008,Hisar,2026,8,76.372
1008,Hisar,2026,9,77.043
1008,Hisar,2026,10,85.91
1009,Ho Chi Minh City,2026,1,122.838
1009,Ho Chi Minh City,2026,2,112.357
1009,Ho Chi Minh City,2026,3,104.291
1009,Ho Chi Minh City,2026,4,99.551
1009,Ho Chi Minh City,2026,5,92.263
1009,Ho Chi Minh City,2026,6,83.638
1009,Ho Chi Minh City,2026,7,75.072
1009,Ho Chi Minh City,2026,8,72.858
1009,Ho Chi Minh City,2026,9,73.579
1009,Ho Chi Minh City,2026,10,93.173
1009,Ho Chi Minh City,2026,11,117.139
1009,Ho Chi Minh City,2026,12,123.409
1010,Hobbs,2026,1,46.992
1010,Hobbs,2026,2,42.84
1010,Hobbs,2026,3,35.652
1010,Hobbs,2026,4,29.481
1010,Hobbs,2026,5,25.489
1010,Hobbs,2026,6,27.757
1010,Hobbs,2026,7,30.054
1010,Hobbs,2026,8,32.712
1010,Hobbs,2026,9,29.923
1010,Hobbs,2026,10,26.543
1010,Hobbs,2026,11,34.725
1010,Hobbs,2026,12,37.88
1011,Holiday,2026,1,34.065
1011,Holiday,2026,2,33.697
1011,Holiday,2026,3,31.181
1011,Holiday,2026,4,27.01
1011,Holiday,2026,5,22.845
1011,Holiday,2026,6,25.862
1011,Holiday,2026,7,27.225
1011,Holiday,2026,8,29.751
1011,Holiday,2026,9,27.61
1011,Holiday,2026,10,25.434
1011,Holiday,2026,11,33.337
1011,Holiday,2026,12,38.312
1012,Holland,2026,1,42.985
1012,Holland,2026,2,39.712
1012,Holland,2026,3,33.902
1012,Holland,2026,4,28.428
1012,Holland,2026,5,24.432
1012,Holland,2026,6,27.091
1012,Holland,2026,7,29.671
1012,Holland,2026,8,31.939
1012,Holland,2026,9,29.358
1012,Holland,2026,10,27.699
1012,Holland,2026,11,35.299
1012,Holland,2026,12,40.539
1013,Hollister,2026,1,24.799
1013,Hollister,2026,2,23.198
1013,Hollister,2026,3,19.893
1013,Hollister,2026,4,15.973
1013,Hollister,2026,5,13.356
1013,Hollister,2026,6,15.154
1013,Hollister,2026,7,16.345
1013,Hollister,2026,8,17.52
1013,Hollister,2026,9,15.204
1013,Hollister,2026,10,13.6
1013,Hollister,2026,11,18.271
1013,Hollister,2026,12,21.279
1014,Hollywood,2026,1,33.064
1014,Hollywood,2026,2,30.346
1014,Hollywood,2026,3,26.466
1014,Hollywood,2026,4,21.66
1014,Hollywood,2026,5,18.996
1014,Hollywood,2026,6,20.619
1014,Hollywood,2026,7,22.444
1014,Hollywood,2026,8,24.359
1014,Hollywood,2026,9,21.808
1014,Hollywood,2026,10,19.361
1014,Hollywood,2026,11,25.136
1014,Hollywood,2026,12,29.165
1015,Holmes,2026,1,46.286
1015,Holmes,2026,2,43.003
1015,Holmes,2026,3,36.645
1015,Holmes,2026,4,29.689
1015,Holmes,2026,5,25.356
1015,Holmes,2026,6,28.4
1015,Holmes,2026,7,30.966
1015,Holmes,2026,8,32.693
1015,Holmes,2026,9,30.148
1015,Holmes,2026,10,28.471
1015,Holmes,2026,11,35.987
1015,Holmes,2026,12,40.539
1016,Holtsville,2026,1,34.023
1016,Holtsville,2026,2,33.697
1016,Holtsville,2026,3,31.181
1016,Holtsville,2026,4,27.01
1016,Holtsville,2026,5,22.845
1016,Holtsville,2026,6,25.862
1016,Holtsville,2026,7,27.225
1016,Holtsville,2026,8,29.751
1016,Holtsville,2026,9,27.61
1016,Holtsville,2026,10,25.434
1016,Holtsville,2026,11,33.337
1016,Holtsville,2026,12,38.312
1017,Homestead,2026,1,38.62
1017,Homestead,2026,2,35.095
1017,Homestead,2026,3,30.323
1017,Homestead,2026,4,24.853
1017,Homestead,2026,5,21.056
1017,Homestead,2026,6,23.582
1017,Homestead,2026,7,25.393
1017,Homestead,2026,8,27.378
1017,Homestead,2026,9,25.139
1017,Homestead,2026,10,23.16
1017,Homestead,2026,11,29.687
1017,Homestead,2026,12,34.526
1018,"Homosassa Springs, FL",2026,1,42.283
1018,"Homosassa Springs, FL",2026,2,39.451
1018,"Homosassa Springs, FL",2026,3,33.19
1018,"Homosassa Springs, FL",2026,4,28.57
1018,"Homosassa Springs, FL",2026,5,24.433
1018,"Homosassa Springs, FL",2026,6,26.654
1018,"Homosassa Springs, FL",2026,7,29.112
1018,"Homosassa Springs, FL",2026,8,31.635
1018,"Homosassa Springs, FL",2026,9,29.22
1018,"Homosassa Springs, FL",2026,10,26.597
1018,"Homosassa Springs, FL",2026,11,34.735
1018,"Homosassa Springs, FL",2026,12,37.88
1020,Honolulu,2026,1,26.75
1020,Honolulu,2026,2,25.033
1020,Honolulu,2026,3,21.644
1020,Honolulu,2026,4,17.664
1020,Honolulu,2026,5,15.249
1020,Honolulu,2026,6,17.114
1020,Honolulu,2026,7,18.61
1020,Honolulu,2026,8,20.109
1020,Honolulu,2026,9,18.835
1020,Honolulu,2026,10,16.996
1020,Honolulu,2026,11,21.514
1020,Honolulu,2026,12,23.552
1021,Hoover,2019,1,44.385
1021,Hoover,2019,2,40.716
1021,Hoover,2019,3,34.561
1021,Hoover,2019,4,29.682
1021,Hoover,2019,5,26.723
1021,Hoover,2019,6,28.719
1021,Hoover,2019,7,31.347
1021,Hoover,2019,8,33.505
1021,Hoover,2019,9,31.072
1021,Hoover,2019,10,28.489
1021,Hoover,2019,11,37.266
1021,Hoover,2019,12,43.072
1022,Hope,2026,1,34.248
1022,Hope,2026,2,33.61
1022,Hope,2026,3,31.444
1022,Hope,2026,4,26.952
1022,Hope,2026,5,22.385
1022,Hope,2026,6,25.561
1022,Hope,2026,7,27.407
1022,Hope,2026,8,29.831
1022,Hope,2026,9,27.698
1022,Hope,2026,10,25.21
1022,Hope,2026,11,33.305
1022,Hope,2026,12,38.312
1023,Hope Mills,2015,1,34.691
1023,Hope Mills,2015,2,33.893
1023,Hope Mills,2015,3,31.553
1023,Hope Mills,2015,4,26.979
1023,Hope Mills,2015,5,22.468
1023,Hope Mills,2015,6,25.17
1023,Hope Mills,2015,7,27.436
1023,Hope Mills,2015,8,29.895
1023,Hope Mills,2015,9,27.754
1023,Hope Mills,2015,10,24.916
1023,Hope Mills,2015,11,32.931
1023,Hope Mills,2015,12,37.317
1024,Hopewell,2026,1,21.278
1024,Hopewell,2026,2,19.083
1024,Hopewell,2026,3,16.498
1024,Hopewell,2026,4,13.507
1024,Hopewell,2026,5,11.436
1024,Hopewell,2026,6,12.979
1024,Hopewell,2026,7,13.197
1024,Hopewell,2026,8,14.19
1024,Hopewell,2026,9,12.937
1024,Hopewell,2026,10,11.391
1024,Hopewell,2026,11,14.65
1024,Hopewell,2026,12,16.749
1025,Hopewell (Township of),2016,1,40.874
1025,Hopewell (Township of),2016,2,37.356
1025,Hopewell (Township of),2016,3,31.797
1025,Hopewell (Township of),2016,4,25.597
1025,Hopewell (Township of),2016,5,21.735
1025,Hopewell (Township of),2016,6,24.297
1025,Hopewell (Township of),2016,7,26.254
1025,Hopewell (Township of),2016,8,29.05
1025,Hopewell (Township of),2016,9,26.995
1025,Hopewell (Township of),2016,10,24.775
1025,Hopewell (Township of),2016,11,32.034
1025,Hopewell (Township of),2016,12,37.375
1028,Hot Springs (Hot Springs National Park),2026,1,47.901
1028,Hot Springs (Hot Springs National Park),2026,2,44.115
1028,Hot Springs (Hot Springs National Park),2026,3,37.351
1028,Hot Springs (Hot Springs National Park),2026,4,30.644
1028,Hot Springs (Hot Springs National Park),2026,5,26.225
1028,Hot Springs (Hot Springs National Park),2026,6,28.716
1028,Hot Springs (Hot Springs National Park),2026,7,31.085
1028,Hot Springs (Hot Springs National Park),2026,8,33.523
1028,Hot Springs (Hot Springs National Park),2026,9,30.848
1028,Hot Springs (Hot Springs National Park),2026,10,27.829
1028,Hot Springs (Hot Springs National Park),2026,11,35.951
1028,Hot Springs (Hot Springs National Park),2026,12,40.539
1029,"Houghton, MI",2026,1,13.107
1029,"Houghton, MI",2026,2,12.146
1029,"Houghton, MI",2026,3,10.016
1029,"Houghton, MI",2026,4,8.604
1029,"Houghton, MI",2026,5,7.458
1029,"Houghton, MI",2026,6,8.462
1029,"Houghton, MI",2026,7,9.115
1029,"Houghton, MI",2026,8,10.38
1029,"Houghton, MI",2026,9,9.032
1029,"Houghton, MI",2026,10,8.163
1029,"Houghton, MI",2026,11,10.764
1029,"Houghton, MI",2026,12,11.993
1030,Houston,2026,1,52.862
1030,Houston,2026,2,48.881
1030,Houston,2026,3,40.129
1030,Houston,2026,4,33.001
1030,Houston,2026,5,29.452
1030,Houston,2026,6,31.234
1030,Houston,2026,7,33.393
1030,Houston,2026,8,35.201
1030,Houston,2026,9,32.822
1030,Houston,2026,10,30.039
1030,Houston,2026,11,38.448
1030,Houston,2026,12,43.846
1031,Howrah,2025,11,121.304
1031,Howrah,2025,12,123.518
1031,Howrah,2026,1,122.108
1031,Howrah,2026,2,111.942
1031,Howrah,2026,3,104.291
1031,Howrah,2026,4,99.313
1031,Howrah,2026,5,92.406
1031,Howrah,2026,6,83.913
1031,Howrah,2026,7,75.577
1031,Howrah,2026,8,73.206
1031,Howrah,2026,9,72.724
1031,Howrah,2026,10,93.934
1032,Hubballi,2025,11,66.231
1032,Hubballi,2025,12,79.264
1032,Hubballi,2026,1,86.351
1032,Hubballi,2026,2,86.887
1032,Hubballi,2026,3,83.161
1032,Hubballi,2026,4,80.371
1032,Hubballi,2026,5,74.529
1032,Hubballi,2026,6,71.953
1032,Hubballi,2026,7,67.368
1032,Hubballi,2026,8,68.375
1032,Hubballi,2026,9,68.46
1032,Hubballi,2026,10,93.945
1033,Hubballi-Dharwad,2010,1,147.354
1033,Hubballi-Dharwad,2010,2,139.082
1033,Hubballi-Dharwad,2010,3,134.508
1033,Hubballi-Dharwad,2010,4,128.469
1033,Hubballi-Dharwad,2010,5,124.761
1033,Hubballi-Dharwad,2010,6,118.801
1033,Hubballi-Dharwad,2010,7,109.812
1033,Hubballi-Dharwad,2010,8,111.944
1033,Hubballi-Dharwad,2010,9,115.478
1033,Hubballi-Dharwad,2010,10,126.327
1033,Hubballi-Dharwad,2010,11,132.05
1033,Hubballi-Dharwad,2010,12,141.529
1035,Humacao,2015,1,24.15
1035,Humacao,2015,2,23.084
1035,Humacao,2015,3,20.022
1035,Humacao,2015,4,16.439
1035,Humacao,2015,5,14.395
1035,Humacao,2015,6,16.187
1035,Humacao,2015,7,17.725
1035,Humacao,2015,8,18.508
1035,Humacao,2015,9,16.804
1035,Humacao,2015,10,14.974
1035,Humacao,2015,11,19.234
1035,Humacao,2015,12,22.515
1037,Huntington,2026,1,36.12
1037,Huntington,2026,2,33.002
1037,Huntington,2026,3,28.886
1037,Huntington,2026,4,23.087
1037,Huntington,2026,5,20.494
1037,Huntington,2026,6,22.645
1037,Huntington,2026,7,24.448
1037,Huntington,2026,8,26.118
1037,Huntington,2026,9,24.5
1037,Huntington,2026,10,22.039
1037,Huntington,2026,11,28.893
1037,Huntington,2026,12,32.834
1038,"Huntington-Ashland, WV-KY-OH",2026,1,34.06
1038,"Huntington-Ashland, WV-KY-OH",2026,2,33.466
1038,"Huntington-Ashland, WV-KY-OH",2026,3,31.389
1038,"Huntington-Ashland, WV-KY-OH",2026,4,26.972
1038,"Huntington-Ashland, WV-KY-OH",2026,5,22.862
1038,"Huntington-Ashland, WV-KY-OH",2026,6,24.84
1038,"Huntington-Ashland, WV-KY-OH",2026,7,26.207
1038,"Huntington-Ashland, WV-KY-OH",2026,8,29.023
1038,"Huntington-Ashland, WV-KY-OH",2026,9,27.027
1038,"Huntington-Ashland, WV-KY-OH",2026,10,24.708
1038,"Huntington-Ashland, WV-KY-OH",2026,11,32.757
1038,"Huntington-Ashland, WV-KY-OH",2026,12,37.275
1039,Huntsville,2026,1,37.232
1039,Huntsville,2026,2,33.682
1039,Huntsville,2026,3,28.998
1039,Huntsville,2026,4,23.44
1039,Huntsville,2026,5,20.225
1039,Huntsville,2026,6,22.316
1039,Huntsville,2026,7,24.371
1039,Huntsville,2026,8,25.986
1039,Huntsville,2026,9,23.224
1039,Huntsville,2026,10,21.349
1039,Huntsville,2026,11,26.854
1039,Huntsville,2026,12,31.415
1040,Huron,2026,1,28.198
1040,Huron,2026,2,25.563
1040,Huron,2026,3,21.696
1040,Huron,2026,4,17.61
1040,Huron,2026,5,15.234
1040,Huron,2026,6,16.976
1040,Huron,2026,7,17.827
1040,Huron,2026,8,18.521
1040,Huron,2026,9,16.799
1040,Huron,2026,10,15.345
1040,Huron,2026,11,19.634
1040,Huron,2026,12,22.7
1041,Hurricane,2026,1,27.027
1041,Hurricane,2026,2,25.918
1041,Hurricane,2026,3,21.968
1041,Hurricane,2026,4,17.668
1041,Hurricane,2026,5,15.211
1041,Hurricane,2026,6,16.874
1041,Hurricane,2026,7,17.827
1041,Hurricane,2026,8,18.502
1041,Hurricane,2026,9,16.799
1041,Hurricane,2026,10,14.953
1041,Hurricane,2026,11,19.169
1041,Hurricane,2026,12,22.484
1042,Hybla Valley,2010,1,42.122
1042,Hybla Valley,2010,2,39.15
1042,Hybla Valley,2010,3,33.8
1042,Hybla Valley,2010,4,28.425
1042,Hybla Valley,2010,5,24.297
1042,Hybla Valley,2010,6,27.329
1042,Hybla Valley,2010,7,30.005
1042,Hybla Valley,2010,8,32.943
1042,Hybla Valley,2010,9,30.191
1042,Hybla Valley,2010,10,28.642
1042,Hybla Valley,2010,11,36.086
1042,Hybla Valley,2010,12,41.89
1043,Hyde,2026,1,21.711
1043,Hyde,2026,2,19.195
1043,Hyde,2026,3,16.329
1043,Hyde,2026,4,13.302
1043,Hyde,2026,5,11.548
1043,Hyde,2026,6,13.222
1043,Hyde,2026,7,14.186
1043,Hyde,2026,8,15.734
1043,Hyde,2026,9,13.874
1043,Hyde,2026,10,12.314
1043,Hyde,2026,11,16.136
1043,Hyde,2026,12,18.706
1044,Hyderabad,2025,11,96.291
1044,Hyderabad,2025,12,108.57
1044,Hyderabad,2026,1,114.458
1044,Hyderabad,2026,2,109.569
1044,Hyderabad,2026,3,100.487
1044,Hyderabad,2026,4,95.279
1044,Hyderabad,2026,5,89.315
1044,Hyderabad,2026,6,84.526
1044,Hyderabad,2026,7,76.408
1044,Hyderabad,2026,8,78.265
1044,Hyderabad,2026,9,77.851
1044,Hyderabad,2026,10,91.313
1045,Idaho,2026,1,36.158
1045,Idaho,2026,2,33.235
1045,Idaho,2026,3,29.566
1045,Idaho,2026,4,25.021
1045,Idaho,2026,5,22.173
1045,Idaho,2026,6,24.625
1045,Idaho,2026,7,26.224
1045,Idaho,2026,8,28.87
1045,Idaho,2026,9,26.336
1045,Idaho,2026,10,24.916
1045,Idaho,2026,11,31.935
1045,Idaho,2026,12,37.01
1046,Idaho Falls,2026,1,21.984
1046,Idaho Falls,2026,2,19.157
1046,Idaho Falls,2026,3,16.308
1046,Idaho Falls,2026,4,13.346
1046,Idaho Falls,2026,5,11.477
1046,Idaho Falls,2026,6,13.222
1046,Idaho Falls,2026,7,14.098
1046,Idaho Falls,2026,8,15.715
1046,Idaho Falls,2026,9,13.786
1046,Idaho Falls,2026,10,12.131
1046,Idaho Falls,2026,11,16.179
1046,Idaho Falls,2026,12,18.687
1047,"Idaho Falls, ID",2026,1,9.792
1047,"Idaho Falls, ID",2026,2,8.127
1047,"Idaho Falls, ID",2026,3,7.374
1047,"Idaho Falls, ID",2026,4,6.325
1047,"Idaho Falls, ID",2026,5,5.142
1047,"Idaho Falls, ID",2026,6,6.342
1047,"Idaho Falls, ID",2026,7,6.491
1047,"Idaho Falls, ID",2026,8,6.487
1047,"Idaho Falls, ID",2026,9,4.231
1047,"Idaho Falls, ID",2026,10,4.155
1047,"Idaho Falls, ID",2026,11,7.569
1047,"Idaho Falls, ID",2026,12,8.415
1049,Incheon,2026,1,63.078
1049,Incheon,2026,2,60.01
1049,Incheon,2026,3,54.635
1049,Incheon,2026,4,46.282
1049,Incheon,2026,5,39.631
1049,Incheon,2026,6,44.39
1049,Incheon,2026,7,48.289
1049,Incheon,2026,8,51.18
1049,Incheon,2026,9,46.473
1049,Incheon,2026,10,41.873
1049,Incheon,2026,11,50.763
1049,Incheon,2026,12,54.357
1050,Incline Village-Crystal Bay,2026,1,30.33
1050,Incline Village-Crystal Bay,2026,2,28.654
1050,Incline Village-Crystal Bay,2026,3,23.935
1050,Incline Village-Crystal Bay,2026,4,19.686
1050,Incline Village-Crystal Bay,2026,5,16.425
1050,Incline Village-Crystal Bay,2026,6,18.214
1050,Incline Village-Crystal Bay,2026,7,19.501
1050,Incline Village-Crystal Bay,2026,8,21.12
1050,Incline Village-Crystal Bay,2026,9,19.24
1050,Incline Village-Crystal Bay,2026,10,17.324
1050,Incline Village-Crystal Bay,2026,11,22.561
1050,Incline Village-Crystal Bay,2026,12,25.185
1051,Independence,2026,1,40.542
1051,Independence,2026,2,36.015
1051,Independence,2026,3,30.592
1051,Independence,2026,4,24.45
1051,Independence,2026,5,20.549
1051,Independence,2026,6,22.944
1051,Independence,2026,7,24.448
1051,Independence,2026,8,26.118
1051,Independence,2026,9,24.428
1051,Independence,2026,10,21.951
1051,Independence,2026,11,28.928
1051,Independence,2026,12,32.834
1052,Indian Springs,2026,1,34.06
1052,Indian Springs,2026,2,33.621
1052,Indian Springs,2026,3,31.389
1052,Indian Springs,2026,4,26.972
1052,Indian Springs,2026,5,23.056
1052,Indian Springs,2026,6,25.771
1052,Indian Springs,2026,7,27.467
1052,Indian Springs,2026,8,29.831
1052,Indian Springs,2026,9,27.34
1052,Indian Springs,2026,10,24.708
1052,Indian Springs,2026,11,32.757
1052,Indian Springs,2026,12,37.275
1053,"Indiana, PA",2024,9,23.431
1053,"Indiana, PA",2024,10,21.456
1053,"Indiana, PA",2024,11,27.297
1053,"Indiana, PA",2024,12,32.3
1053,"Indiana, PA",2025,1,32.383
1053,"Indiana, PA",2025,2,30.531
1053,"Indiana, PA",2025,3,26.446
1053,"Indiana, PA",2025,4,21.64
1053,"Indiana, PA",2025,5,18.579
1053,"Indiana, PA",2025,6,20.788
1053,"Indiana, PA",2025,7,22.455
1053,"Indiana, PA",2025,8,24.265
1054,Indianapolis,2020,1,55.174
1054,Indianapolis,2020,2,52.373
1054,Indianapolis,2020,3,46.201
1054,Indianapolis,2020,4,37.854
1054,Indianapolis,2020,5,32.517
1054,Indianapolis,2020,6,34.52
1054,Indianapolis,2020,7,35.642
1054,Indianapolis,2020,8,36.85
1054,Indianapolis,2020,9,35.156
1054,Indianapolis,2020,10,33.249
1054,Indianapolis,2020,11,40.325
1054,Indianapolis,2020,12,45.23
1055,Indianapolis (Remainder),2026,1,49.063
1055,Indianapolis (Remainder),2026,2,45.55
1055,Indianapolis (Remainder),2026,3,38.531
1055,Indianapolis (Remainder),2026,4,31.78
1055,Indianapolis (Remainder),2026,5,26.916
1055,Indianapolis (Remainder),2026,6,30.054
1055,Indianapolis (Remainder),2026,7,32.953
1055,Indianapolis (Remainder),2026,8,34.218
1055,Indianapolis (Remainder),2026,9,32.225
1055,Indianapolis (Remainder),2026,10,30.332
1055,Indianapolis (Remainder),2026,11,38.45
1055,Indianapolis (Remainder),2026,12,43.846
1056,"Indianapolis-Carmel-Anderson, IN",2026,1,51.229
1056,"Indianapolis-Carmel-Anderson, IN",2026,2,47.639
1056,"Indianapolis-Carmel-Anderson, IN",2026,3,39.908
1056,"Indianapolis-Carmel-Anderson, IN",2026,4,32.291
1056,"Indianapolis-Carmel-Anderson, IN",2026,5,28.151
1056,"Indianapolis-Carmel-Anderson, IN",2026,6,30.596
1056,"Indianapolis-Carmel-Anderson, IN",2026,7,32.784
1056,"Indianapolis-Carmel-Anderson, IN",2026,8,34.29
1056,"Indianapolis-Carmel-Anderson, IN",2026,9,32.313
1056,"Indianapolis-Carmel-Anderson, IN",2026,10,30.193
1056,"Indianapolis-Carmel-Anderson, IN",2026,11,38.57
1056,"Indianapolis-Carmel-Anderson, IN",2026,12,43.846
1057,Indio,2026,1,42.975
1057,Indio,2026,2,38.604
1057,Indio,2026,3,32.06
1057,Indio,2026,4,26.72
1057,Indio,2026,5,22.862
1057,Indio,2026,6,24.84
1057,Indio,2026,7,26.207
1057,Indio,2026,8,29.023
1057,Indio,2026,9,27.027
1057,Indio,2026,10,24.708
1057,Indio,2026,11,32.757
1057,Indio,2026,12,37.275
1058,Indore,2025,11,111.276
1058,Indore,2025,12,120.381
1058,Indore,2026,1,123.723
1058,Indore,2026,2,109.242
1058,Indore,2026,3,100.208
1058,Indore,2026,4,95.667
1058,Indore,2026,5,89.096
1058,Indore,2026,6,82.162
1058,Indore,2026,7,73.642
1058,Indore,2026,8,74.809
1058,Indore,2026,9,74.235
1058,Indore,2026,10,90.55
1059,Iowa City,2026,1,41.151
1059,Iowa City,2026,2,37.954
1059,Iowa City,2026,3,30.94
1059,Iowa City,2026,4,24.608
1059,Iowa City,2026,5,21.056
1059,Iowa City,2026,6,23.494
1059,Iowa City,2026,7,25.393
1059,Iowa City,2026,8,27.378
1059,Iowa City,2026,9,25.139
1059,Iowa City,2026,10,23.072
1059,Iowa City,2026,11,29.687
1059,Iowa City,2026,12,34.526
1060,Iron,2026,1,34.248
1060,Iron,2026,2,33.654
1060,Iron,2026,3,31.419
1060,Iron,2026,4,26.966
1060,Iron,2026,5,22.393
1060,Iron,2026,6,25.703
1060,Iron,2026,7,27.407
1060,Iron,2026,8,29.831
1060,Iron,2026,9,27.698
1060,Iron,2026,10,25.434
1060,Iron,2026,11,33.305
1060,Iron,2026,12,38.312
1061,"Iron Mountain, MI-WI",2010,1,34.727
1061,"Iron Mountain, MI-WI",2010,2,33.845
1061,"Iron Mountain, MI-WI",2010,3,31.691
1061,"Iron Mountain, MI-WI",2010,4,27.079
1061,"Iron Mountain, MI-WI",2010,5,23.477
1061,"Iron Mountain, MI-WI",2010,6,26.326
1061,"Iron Mountain, MI-WI",2010,7,28.685
1061,"Iron Mountain, MI-WI",2010,8,31.266
1061,"Iron Mountain, MI-WI",2010,9,29.488
1061,"Iron Mountain, MI-WI",2010,10,26.866
1061,"Iron Mountain, MI-WI",2010,11,34.836
1061,"Iron Mountain, MI-WI",2010,12,37.976
1062,Ironton,2026,1,38.208
1062,Ironton,2026,2,34.874
1062,Ironton,2026,3,30.445
1062,Ironton,2026,4,26.331
1062,Ironton,2026,5,22.264
1062,Ironton,2026,6,25.658
1062,Ironton,2026,7,27.407
1062,Ironton,2026,8,29.789
1062,Ironton,2026,9,27.698
1062,Ironton,2026,10,25.434
1062,Ironton,2026,11,33.337
1062,Ironton,2026,12,38.312
1063,Isfahan,2026,1,107.783
1063,Isfahan,2026,2,99.437
1063,Isfahan,2026,3,85.595
1063,Isfahan,2026,4,79.318
1063,Isfahan,2026,5,75.902
1063,Isfahan,2026,6,81.705
1063,Isfahan,2026,7,88.716
1063,Isfahan,2026,8,95.105
1063,Isfahan,2026,9,92.037
1063,Isfahan,2026,10,87.474
1063,Isfahan,2026,11,107.413
1063,Isfahan,2026,12,127.786
1064,Isla Vista,2020,1,34.065
1064,Isla Vista,2020,2,33.654
1064,Isla Vista,2020,3,31.419
1064,Isla Vista,2020,4,26.966
1064,Isla Vista,2020,5,22.353
1064,Isla Vista,2020,6,25.658
1064,Isla Vista,2020,7,27.313
1064,Isla Vista,2020,8,29.789
1064,Isla Vista,2020,9,27.698
1064,Isla Vista,2020,10,25.434
1064,Isla Vista,2020,11,33.337
1064,Isla Vista,2020,12,38.312
1065,Islamabad,2026,1,167.544
1065,Islamabad,2026,2,151.201
1065,Islamabad,2026,3,139.183
1065,Islamabad,2026,4,130.035
1065,Islamabad,2026,5,124.53
1065,Islamabad,2026,6,107.26
1065,Islamabad,2026,7,89.135
1065,Islamabad,2026,8,89.037
1065,Islamabad,2026,9,87.361
1065,Islamabad,2026,10,101.22
1065,Islamabad,2026,11,128.188
1065,Islamabad,2026,12,131.336
1066,Issaquah,2026,1,27.708
1066,Issaquah,2026,2,25.777
1066,Issaquah,2026,3,21.948
1066,Issaquah,2026,4,17.841
1066,Issaquah,2026,5,15.058
1066,Issaquah,2026,6,16.691
1066,Issaquah,2026,7,17.739
1066,Issaquah,2026,8,18.408
1066,Issaquah,2026,9,16.711
1066,Issaquah,2026,10,14.77
1066,Issaquah,2026,11,19.105
1066,Issaquah,2026,12,22.49
1067,Istanbul,2026,1,73.801
1067,Istanbul,2026,2,69.164
1067,Istanbul,2026,3,61.925
1067,Istanbul,2026,4,55.011
1067,Istanbul,2026,5,50.391
1067,Istanbul,2026,6,51.405
1067,Istanbul,2026,7,53.307
1067,Istanbul,2026,8,55.88
1067,Istanbul,2026,9,52.819
1067,Istanbul,2026,10,49.162
1067,Istanbul,2026,11,56.399
1067,Istanbul,2026,12,62.291
1068,Italy,2026,1,41.452
1068,Italy,2026,2,37.101
1068,Italy,2026,3,30.881
1068,Italy,2026,4,24.39
1068,Italy,2026,5,20.855
1068,Italy,2026,6,22.861
1068,Italy,2026,7,24.448
1068,Italy,2026,8,26.118
1068,Italy,2026,9,24.428
1068,Italy,2026,10,21.951
1068,Italy,2026,11,28.806
1068,Italy,2026,12,32.834
1070,"Ithaca, NY",2026,1,34.06
1070,"Ithaca, NY",2026,2,33.709
1070,"Ithaca, NY",2026,3,31.299
1070,"Ithaca, NY",2026,4,27.19
1070,"Ithaca, NY",2026,5,23.446
1070,"Ithaca, NY",2026,6,25.942
1070,"Ithaca, NY",2026,7,27.467
1070,"Ithaca, NY",2026,8,29.831
1070,"Ithaca, NY",2026,9,27.473
1070,"Ithaca, NY",2026,10,24.796
1070,"Ithaca, NY",2026,11,32.757
1070,"Ithaca, NY",2026,12,37.275
1071,Izmir,2026,1,75.083
1071,Izmir,2026,2,70.592
1071,Izmir,2026,3,61.557
1071,Izmir,2026,4,54.877
1071,Izmir,2026,5,49.938
1071,Izmir,2026,6,50.862
1071,Izmir,2026,7,51.16
1071,Izmir,2026,8,54.493
1071,Izmir,2026,9,50.394
1071,Izmir,2026,10,46.538
1071,Izmir,2026,11,54.236
1071,Izmir,2026,12,59.486
1072,Jabalpur,2025,11,111.41
1072,Jabalpur,2025,12,121.555
1072,Jabalpur,2026,1,122.693
1072,Jabalpur,2026,2,108.103
1072,Jabalpur,2026,3,100.111
1072,Jabalpur,2026,4,95.667
1072,Jabalpur,2026,5,88.411
1072,Jabalpur,2026,6,81.175
1072,Jabalpur,2026,7,73.406
1072,Jabalpur,2026,8,74.001
1072,Jabalpur,2026,9,74.408
1072,Jabalpur,2026,10,82.076
1073,Jackson,2026,1,34.06
1073,Jackson,2026,2,33.709
1073,Jackson,2026,3,31.346
1073,Jackson,2026,4,26.972
1073,Jackson,2026,5,22.862
1073,Jackson,2026,6,24.84
1073,Jackson,2026,7,26.207
1073,Jackson,2026,8,29.023
1073,Jackson,2026,9,27.133
1073,Jackson,2026,10,24.708
1073,Jackson,2026,11,32.757
1073,Jackson,2026,12,37.275
1074,Jackson (Township of),2026,1,34.248
1074,Jackson (Township of),2026,2,33.655
1074,Jackson (Township of),2026,3,31.461
1074,Jackson (Township of),2026,4,26.952
1074,Jackson (Township of),2026,5,22.532
1074,Jackson (Township of),2026,6,25.253
1074,Jackson (Township of),2026,7,27.407
1074,Jackson (Township of),2026,8,29.831
1074,Jackson (Township of),2026,9,27.698
1074,Jackson (Township of),2026,10,24.882
1074,Jackson (Township of),2026,11,32.879
1074,Jackson (Township of),2026,12,37.275
1075,"Jackson, WY-ID",2026,1,18.067
1075,"Jackson, WY-ID",2026,2,15.91
1075,"Jackson, WY-ID",2026,3,13.377
1075,"Jackson, WY-ID",2026,4,10.982
1075,"Jackson, WY-ID",2026,5,9.279
1075,"Jackson, WY-ID",2026,6,10.639
1075,"Jackson, WY-ID",2026,7,11.509
1075,"Jackson, WY-ID",2026,8,12.325
1075,"Jackson, WY-ID",2026,9,10.524
1075,"Jackson, WY-ID",2026,10,9.312
1075,"Jackson, WY-ID",2026,11,12.338
1075,"Jackson, WY-ID",2026,12,14.013
1076,Jacksonville,2026,1,41.55
1076,Jacksonville,2026,2,37.736
1076,Jacksonville,2026,3,31.319
1076,Jacksonville,2026,4,25.57
1076,Jacksonville,2026,5,21.544
1076,Jacksonville,2026,6,24.368
1076,Jacksonville,2026,7,26.13
1076,Jacksonville,2026,8,28.943
1076,Jacksonville,2026,9,26.298
1076,Jacksonville,2026,10,24.719
1076,Jacksonville,2026,11,31.935
1076,Jacksonville,2026,12,37.01
1077,"Jacksonville, FL",2024,9,31.465
1077,"Jacksonville, FL",2024,10,28.401
1077,"Jacksonville, FL",2024,11,37.266
1077,"Jacksonville, FL",2024,12,43.072
1077,"Jacksonville, FL",2025,1,41.151
1077,"Jacksonville, FL",2025,2,37.954
1077,"Jacksonville, FL",2025,3,30.973
1077,"Jacksonville, FL",2025,4,24.608
1077,"Jacksonville, FL",2025,5,21.09
1077,"Jacksonville, FL",2025,6,23.494
1077,"Jacksonville, FL",2025,7,25.393
1077,"Jacksonville, FL",2025,8,27.378
1080,Jaipur,2025,11,173.477
1080,Jaipur,2025,12,153.268
1080,Jaipur,2026,1,153.239
1080,Jaipur,2026,2,140.206
1080,Jaipur,2026,3,127.645
1080,Jaipur,2026,4,118.483
1080,Jaipur,2026,5,106.993
1080,Jaipur,2026,6,94.236
1080,Jaipur,2026,7,79.457
1080,Jaipur,2026,8,77.288
1080,Jaipur,2026,9,77.22
1080,Jaipur,2026,10,95.078
1083,Jakarta,2026,1,116.069
1083,Jakarta,2026,2,110.376
1083,Jakarta,2026,3,101.044
1083,Jakarta,2026,4,95.111
1083,Jakarta,2026,5,89.592
1083,Jakarta,2026,6,84.243
1083,Jakarta,2026,7,77.634
1083,Jakarta,2026,8,79.365
1083,Jakarta,2026,9,77.602
1083,Jakarta,2026,10,91.623
1083,Jakarta,2026,11,111.255
1083,Jakarta,2026,12,123.106
1084,Jalandhar,2025,11,154.85
1084,Jalandhar,2025,12,143.396
1084,Jalandhar,2026,1,145.303
1084,Jalandhar,2026,2,131.773
1084,Jalandhar,2026,3,123.9
1084,Jalandhar,2026,4,112.362
1084,Jalandhar,2026,5,106.35
1084,Jalandhar,2026,6,93.436
1084,Jalandhar,2026,7,79.069
1084,Jalandhar,2026,8,78.703
1084,Jalandhar,2026,9,79.421
1084,Jalandhar,2026,10,91.543
1085,Jalgaon,2025,5,93.418
1085,Jalgaon,2025,6,83.883
1085,Jalgaon,2025,7,75.507
1085,Jalgaon,2025,8,75.455
1085,Jalgaon,2025,9,74.052
1085,Jalgaon,2025,10,90.449
1085,Jalgaon,2025,11,107.94
1085,Jalgaon,2025,12,115.954
1085,Jalgaon,2026,1,120.304
1085,Jalgaon,2026,2,109.321
1085,Jalgaon,2026,3,100.13
1085,Jalgaon,2026,4,95.069
1086,Jalna,2025,11,121.663
1086,Jalna,2025,12,124.084
1086,Jalna,2026,1,121.78
1086,Jalna,2026,2,112.029
1086,Jalna,2026,3,104.194
1086,Jalna,2026,4,99.551
1086,Jalna,2026,5,92.263
1086,Jalna,2026,6,82.268
1086,Jalna,2026,7,72.769
1086,Jalna,2026,8,72.771
1086,Jalna,2026,9,71.916
1086,Jalna,2026,10,105.57
1090,Jamesville,2026,1,34.239
1090,Jamesville,2026,2,33.697
1090,Jamesville,2026,3,31.201
1090,Jamesville,2026,4,27.01
1090,Jamesville,2026,5,22.889
1090,Jamesville,2026,6,25.862
1090,Jamesville,2026,7,27.407
1090,Jamesville,2026,8,29.751
1090,Jamesville,2026,9,27.698
1090,Jamesville,2026,10,25.434
1090,Jamesville,2026,11,33.337
1090,Jamesville,2026,12,38.312
1091,Jammu,2016,1,153.822
1091,Jammu,2016,2,150.469
1091,Jammu,2016,3,141.188
1091,Jammu,2016,4,131.862
1091,Jammu,2016,5,126.99
1091,Jammu,2016,6,120.672
1091,Jammu,2016,7,115.935
1091,Jammu,2016,8,113.893
1091,Jammu,2016,9,115.759
1091,Jammu,2016,10,126.944
1091,Jammu,2016,11,144.99
1091,Jammu,2016,12,153.986
1092,Jamnagar,2015,1,134.972
1092,Jamnagar,2015,2,129.872
1092,Jamnagar,2015,3,123.83
1092,Jamnagar,2015,4,116.333
1092,Jamnagar,2015,5,112.12
1092,Jamnagar,2015,6,110.03
1092,Jamnagar,2015,7,106.207
1092,Jamnagar,2015,8,108.139
1092,Jamnagar,2015,9,110.612
1092,Jamnagar,2015,10,121.047
1092,Jamnagar,2015,11,129.58
1092,Jamnagar,2015,12,133.855
1093,Jamshedpur,2015,7,151.345
1093,Jamshedpur,2015,8,145.152
1093,Jamshedpur,2015,9,144.624
1093,Jamshedpur,2015,10,144.931
1093,Jamshedpur,2015,11,150.978
1093,Jamshedpur,2015,12,152.476
1093,Jamshedpur,2016,1,148.268
1093,Jamshedpur,2016,2,139.084
1093,Jamshedpur,2016,3,133.015
1093,Jamshedpur,2016,4,126.014
1093,Jamshedpur,2016,5,121.546
1093,Jamshedpur,2016,6,116.096
1094,Jasper,2026,1,40.925
1094,Jasper,2026,2,36.881
1094,Jasper,2026,3,31.078
1094,Jasper,2026,4,25.563
1094,Jasper,2026,5,21.688
1094,Jasper,2026,6,24.581
1094,Jasper,2026,7,26.312
1094,Jasper,2026,8,28.981
1094,Jasper,2026,9,26.386
1094,Jasper,2026,10,24.495
1094,Jasper,2026,11,32.082
1094,Jasper,2026,12,37.275
1095,"Jasper, IN",2020,1,56.4
1095,"Jasper, IN",2020,2,53.377
1095,"Jasper, IN",2020,3,47.655
1095,"Jasper, IN",2020,4,39.243
1095,"Jasper, IN",2020,5,34.655
1095,"Jasper, IN",2020,6,35.219
1095,"Jasper, IN",2020,7,36.981
1095,"Jasper, IN",2020,8,39.094
1095,"Jasper, IN",2020,9,36.769
1095,"Jasper, IN",2020,10,34.062
1095,"Jasper, IN",2020,11,40.848
1095,"Jasper, IN",2020,12,42.987
1096,Jean,2026,1,23.713
1096,Jean,2026,2,20.443
1096,Jean,2026,3,16.905
1096,Jean,2026,4,13.67
1096,Jean,2026,5,11.783
1096,Jean,2026,6,12.761
1096,Jean,2026,7,13.072
1096,Jean,2026,8,14.21
1096,Jean,2026,9,13.025
1096,Jean,2026,10,12.196
1096,Jean,2026,11,15.735
1096,Jean,2026,12,18.01
1097,Jeddah,2026,1,118.406
1097,Jeddah,2026,2,103.168
1097,Jeddah,2026,3,89.86
1097,Jeddah,2026,4,77.884
1097,Jeddah,2026,5,73.99
1097,Jeddah,2026,6,77.55
1097,Jeddah,2026,7,84.1
1097,Jeddah,2026,8,89.951
1097,Jeddah,2026,9,83.24
1097,Jeddah,2026,10,82.096
1097,Jeddah,2026,11,98.27
1097,Jeddah,2026,12,114.698
1098,Jeff Davis,2010,1,31.869
1098,Jeff Davis,2010,2,29.465
1098,Jeff Davis,2010,3,25.351
1098,Jeff Davis,2010,4,21.137
1098,Jeff Davis,2010,5,18.814
1098,Jeff Davis,2010,6,20.837
1098,Jeff Davis,2010,7,22.674
1098,Jeff Davis,2010,8,24.494
1098,Jeff Davis,2010,9,21.676
1098,Jeff Davis,2010,10,19.517
1098,Jeff Davis,2010,11,25.237
1098,Jeff Davis,2010,12,29.206
1099,Jefferson,2013,1,34.544
1099,Jefferson,2013,2,34.016
1099,Jefferson,2013,3,33.379
1099,Jefferson,2013,4,31.052
1099,Jefferson,2013,5,28.015
1099,Jefferson,2013,6,31.351
1099,Jefferson,2013,7,33.91
1099,Jefferson,2013,8,35.068
1099,Jefferson,2013,9,33.095
1099,Jefferson,2013,10,31.822
1099,Jefferson,2013,11,39.013
1099,Jefferson,2013,12,45.042
1100,"Jefferson City, MO",2026,1,34.06
1100,"Jefferson City, MO",2026,2,33.709
1100,"Jefferson City, MO",2026,3,31.302
1100,"Jefferson City, MO",2026,4,26.972
1100,"Jefferson City, MO",2026,5,22.818
1100,"Jefferson City, MO",2026,6,24.934
1100,"Jefferson City, MO",2026,7,26.207
1100,"Jefferson City, MO",2026,8,29.023
1100,"Jefferson City, MO",2026,9,27.133
1100,"Jefferson City, MO",2026,10,24.708
1100,"Jefferson City, MO",2026,11,32.757
1100,"Jefferson City, MO",2026,12,37.275
1102,Jeffersonville,2026,1,44.622
1102,Jeffersonville,2026,2,41.91
1102,Jeffersonville,2026,3,34.97
1102,Jeffersonville,2026,4,29.269
1102,Jeffersonville,2026,5,26.341
1102,Jeffersonville,2026,6,29.552
1102,Jeffersonville,2026,7,31.878
1102,Jeffersonville,2026,8,33.432
1102,Jeffersonville,2026,9,31.254
1102,Jeffersonville,2026,10,29.041
1102,Jeffersonville,2026,11,37.568
1102,Jeffersonville,2026,12,43.072
1103,Jenison,2026,1,37.141
1103,Jenison,2026,2,32.953
1103,Jenison,2026,3,27.222
1103,Jenison,2026,4,22.306
1103,Jenison,2026,5,19.398
1103,Jenison,2026,6,21.259
1103,Jenison,2026,7,23.332
1103,Jenison,2026,8,25.304
1103,Jenison,2026,9,22.771
1103,Jenison,2026,10,20.41
1103,Jenison,2026,11,26.149
1103,Jenison,2026,12,31.055
1104,Jersey City,2026,1,35.557
1104,Jersey City,2026,2,32.104
1104,Jersey City,2026,3,27.784
1104,Jersey City,2026,4,22.306
1104,Jersey City,2026,5,19.781
1104,Jersey City,2026,6,21.533
1104,Jersey City,2026,7,23.437
1104,Jersey City,2026,8,25.21
1104,Jersey City,2026,9,22.577
1104,Jersey City,2026,10,20.842
1104,Jersey City,2026,11,26.384
1104,Jersey City,2026,12,31.055
1106,Jerseyville,2026,1,35.435
1106,Jerseyville,2026,2,32.094
1106,Jerseyville,2026,3,27.85
1106,Jerseyville,2026,4,22.306
1106,Jerseyville,2026,5,19.826
1106,Jerseyville,2026,6,21.921
1106,Jerseyville,2026,7,23.437
1106,Jerseyville,2026,8,25.304
1106,Jerseyville,2026,9,22.771
1106,Jerseyville,2026,10,20.963
1106,Jerseyville,2026,11,26.45
1106,Jerseyville,2026,12,31.055
1107,Jerusalem,2026,1,62.598
1107,Jerusalem,2026,2,58.861
1107,Jerusalem,2026,3,52.979
1107,Jerusalem,2026,4,48.081
1107,Jerusalem,2026,5,44.667
1107,Jerusalem,2026,6,48.069
1107,Jerusalem,2026,7,51.067
1107,Jerusalem,2026,8,54.41
1107,Jerusalem,2026,9,51.575
1107,Jerusalem,2026,10,48.795
1107,Jerusalem,2026,11,55.616
1107,Jerusalem,2026,12,61.319
1109,Jhansi,2025,11,97.485
1109,Jhansi,2025,12,107.323
1109,Jhansi,2026,1,112.411
1109,Jhansi,2026,2,108.768
1109,Jhansi,2026,3,101.243
1109,Jhansi,2026,4,95.279
1109,Jhansi,2026,5,89.43
1109,Jhansi,2026,6,82.941
1109,Jhansi,2026,7,73.478
1109,Jhansi,2026,8,72.037
1109,Jhansi,2026,9,72.854
1109,Jhansi,2026,10,92.918
1113,Jind,2025,11,182.187
1113,Jind,2025,12,148.189
1113,Jind,2026,1,140.708
1113,Jind,2026,2,127.377
1113,Jind,2026,3,114.965
1113,Jind,2026,4,105.895
1113,Jind,2026,5,100.475
1113,Jind,2026,6,86.259
1113,Jind,2026,7,70.291
1113,Jind,2026,8,68.804
1113,Jind,2026,9,69.04
1113,Jind,2026,10,109.444
1114,Jo Daviess,2026,1,34.202
1114,Jo Daviess,2026,2,33.466
1114,Jo Daviess,2026,3,31.461
1114,Jo Daviess,2026,4,26.952
1114,Jo Daviess,2026,5,22.302
1114,Jo Daviess,2026,6,24.829
1114,Jo Daviess,2026,7,26.098
1114,Jo Daviess,2026,8,29.023
1114,Jo Daviess,2026,9,27.027
1114,Jo Daviess,2026,10,24.708
1114,Jo Daviess,2026,11,32.879
1114,Jo Daviess,2026,12,37.275
1116,Jodhpur,2025,11,133.782
1116,Jodhpur,2025,12,133.784
1116,Jodhpur,2026,1,135.326
1116,Jodhpur,2026,2,122.128
1116,Jodhpur,2026,3,111.552
1116,Jodhpur,2026,4,106.555
1116,Jodhpur,2026,5,99.456
1116,Jodhpur,2026,6,91.381
1116,Jodhpur,2026,7,81.49
1116,Jodhpur,2026,8,83.694
1116,Jodhpur,2026,9,83.129
1116,Jodhpur,2026,10,97.102
1117,Johannesburg,2026,1,88.124
1117,Johannesburg,2026,2,81.752
1117,Johannesburg,2026,3,72.703
1117,Johannesburg,2026,4,64.623
1117,Johannesburg,2026,5,58.467
1117,Johannesburg,2026,6,60.456
1117,Johannesburg,2026,7,62.278
1117,Johannesburg,2026,8,63.965
1117,Johannesburg,2026,9,61.014
1117,Johannesburg,2026,10,59.466
1117,Johannesburg,2026,11,65.051
1117,Johannesburg,2026,12,68.933
1118,John Day,2026,1,44.161
1118,John Day,2026,2,41.201
1118,John Day,2026,3,35.142
1118,John Day,2026,4,29.647
1118,John Day,2026,5,25.628
1118,John Day,2026,6,27.669
1118,John Day,2026,7,30.054
1118,John Day,2026,8,32.693
1118,John Day,2026,9,29.923
1118,John Day,2026,10,26.455
1118,John Day,2026,11,34.725
1118,John Day,2026,12,37.88
1119,Johnson,2016,1,13.043
1119,Johnson,2016,2,12.423
1119,Johnson,2016,3,10.128
1119,Johnson,2016,4,8.589
1119,Johnson,2016,5,7.498
1119,Johnson,2016,6,8.407
1119,Johnson,2016,7,9.259
1119,Johnson,2016,8,10.42
1119,Johnson,2016,9,9.053
1119,Johnson,2016,10,7.992
1119,Johnson,2016,11,10.134
1119,Johnson,2016,12,11.819
1120,Johnstown,2026,1,40.331
1120,Johnstown,2026,2,37.216
1120,Johnstown,2026,3,31.878
1120,Johnstown,2026,4,25.648
1120,Johnstown,2026,5,21.523
1120,Johnstown,2026,6,24.089
1120,Johnstown,2026,7,26.13
1120,Johnstown,2026,8,28.943
1120,Johnstown,2026,9,26.298
1120,Johnstown,2026,10,25.071
1120,Johnstown,2026,11,32.482
1120,Johnstown,2026,12,37.507
1121,Joliet,2026,1,48.215
1121,Joliet,2026,2,44.718
1121,Joliet,2026,3,37.18
1121,Joliet,2026,4,30.584
1121,Joliet,2026,5,26.482
1121,Joliet,2026,6,28.636
1121,Joliet,2026,7,31.347
1121,Joliet,2026,8,33.505
1121,Joliet,2026,9,30.985
1121,Joliet,2026,10,27.749
1121,Joliet,2026,11,35.941
1121,Joliet,2026,12,40.539
1123,"Joplin, MO",2026,1,60.722
1123,"Joplin, MO",2026,2,57.106
1123,"Joplin, MO",2026,3,52.608
1123,"Joplin, MO",2026,4,45.764
1123,"Joplin, MO",2026,5,40.758
1123,"Joplin, MO",2026,6,42.281
1123,"Joplin, MO",2026,7,44.601
1123,"Joplin, MO",2026,8,47.291
1123,"Joplin, MO",2026,9,44.543
1123,"Joplin, MO",2026,10,40.724
1123,"Joplin, MO",2026,11,49.3
1123,"Joplin, MO",2026,12,52.951
1124,Joshua Tree National Monument,2018,9,30.258
1124,Joshua Tree National Monument,2018,10,27.738
1124,Joshua Tree National Monument,2018,11,36.041
1124,Joshua Tree National Monument,2018,12,41.854
1124,Joshua Tree National Monument,2019,1,38.851
1124,Joshua Tree National Monument,2019,2,34.824
1124,Joshua Tree National Monument,2019,3,30.308
1124,Joshua Tree National Monument,2019,4,26.511
1124,Joshua Tree National Monument,2019,5,22.858
1124,Joshua Tree National Monument,2019,6,24.84
1124,Joshua Tree National Monument,2019,7,26.207
1124,Joshua Tree National Monument,2019,8,28.981
1125,Juneau,2026,1,26.75
1125,Juneau,2026,2,24.053
1125,Juneau,2026,3,20.644
1125,Juneau,2026,4,16.799
1125,Juneau,2026,5,14.445
1125,Juneau,2026,6,15.796
1125,Juneau,2026,7,16.766
1125,Juneau,2026,8,17.633
1125,Juneau,2026,9,15.293
1125,Juneau,2026,10,14.053
1125,Juneau,2026,11,18.79
1125,Juneau,2026,12,21.687
1126,Kadapa,2025,11,89.211
1126,Kadapa,2025,12,91.678
1126,Kadapa,2026,1,98.24
1126,Kadapa,2026,2,96.794
1126,Kadapa,2026,3,92.094
1126,Kadapa,2026,4,85.754
1126,Kadapa,2026,5,83.109
1126,Kadapa,2026,6,79.45
1126,Kadapa,2026,7,73.689
1126,Kadapa,2026,8,75.734
1126,Kadapa,2026,9,73.898
1126,Kadapa,2026,10,98.828
1127,Kahului,2026,1,24.344
1127,Kahului,2026,2,22.081
1127,Kahului,2026,3,19.04
1127,Kahului,2026,4,15.75
1127,Kahului,2026,5,13.465
1127,Kahului,2026,6,15.375
1127,Kahului,2026,7,16.527
1127,Kahului,2026,8,17.633
1127,Kahului,2026,9,15.293
1127,Kahului,2026,10,14.138
1127,Kahului,2026,11,19.079
1127,Kahului,2026,12,22.484
1128,"Kahului-Wailuku-Lahaina, HI",2026,1,13.274
1128,"Kahului-Wailuku-Lahaina, HI",2026,2,11.937
1128,"Kahului-Wailuku-Lahaina, HI",2026,3,9.528
1128,"Kahului-Wailuku-Lahaina, HI",2026,4,7.845
1128,"Kahului-Wailuku-Lahaina, HI",2026,5,6.734
1128,"Kahului-Wailuku-Lahaina, HI",2026,6,6.572
1128,"Kahului-Wailuku-Lahaina, HI",2026,7,6.386
1128,"Kahului-Wailuku-Lahaina, HI",2026,8,6.487
1128,"Kahului-Wailuku-Lahaina, HI",2026,9,4.276
1128,"Kahului-Wailuku-Lahaina, HI",2026,10,3.963
1128,"Kahului-Wailuku-Lahaina, HI",2026,11,7.31
1128,"Kahului-Wailuku-Lahaina, HI",2026,12,8.415
1132,Kalaburagi,2025,11,59.542
1132,Kalaburagi,2025,12,68.334
1132,Kalaburagi,2026,1,73.809
1132,Kalaburagi,2026,2,74.436
1132,Kalaburagi,2026,3,68.912
1132,Kalaburagi,2026,4,65.371
1132,Kalaburagi,2026,5,62.996
1132,Kalaburagi,2026,6,61.624
1132,Kalaburagi,2026,7,57.731
1132,Kalaburagi,2026,8,57.323
1132,Kalaburagi,2026,9,57.806
1132,Kalaburagi,2026,10,82.272
1133,Kalamazoo,2026,1,38.807
1133,Kalamazoo,2026,2,34.552
1133,Kalamazoo,2026,3,30.472
1133,Kalamazoo,2026,4,26.273
1133,Kalamazoo,2026,5,22.381
1133,Kalamazoo,2026,6,25.241
1133,Kalamazoo,2026,7,27.407
1133,Kalamazoo,2026,8,29.831
1133,Kalamazoo,2026,9,27.698
1133,Kalamazoo,2026,10,24.86
1133,Kalamazoo,2026,11,32.831
1133,Kalamazoo,2026,12,37.275
1136,Kalispell,2026,1,52.91
1136,Kalispell,2026,2,48.962
1136,Kalispell,2026,3,40.389
1136,Kalispell,2026,4,33.024
1136,Kalispell,2026,5,29.194
1136,Kalispell,2026,6,32.117
1136,Kalispell,2026,7,34.701
1136,Kalispell,2026,8,35.381
1136,Kalispell,2026,9,33.438
1136,Kalispell,2026,10,31.77
1136,Kalispell,2026,11,38.894
1136,Kalispell,2026,12,43.578
1137,"Kalispell, MT",2026,1,17.607
1137,"Kalispell, MT",2026,2,15.102
1137,"Kalispell, MT",2026,3,13.221
1137,"Kalispell, MT",2026,4,11.083
1137,"Kalispell, MT",2026,5,9.768
1137,"Kalispell, MT",2026,6,10.616
1137,"Kalispell, MT",2026,7,11.42
1137,"Kalispell, MT",2026,8,12.306
1137,"Kalispell, MT",2026,9,10.436
1137,"Kalispell, MT",2026,10,9.408
1137,"Kalispell, MT",2026,11,12.255
1137,"Kalispell, MT",2026,12,14.001
1138,Kalyan,2025,11,124.839
1138,Kalyan,2025,12,121.976
1138,Kalyan,2026,1,121.656
1138,Kalyan,2026,2,111.241
1138,Kalyan,2026,3,104.486
1138,Kalyan,2026,4,98.417
1138,Kalyan,2026,5,93.373
1138,Kalyan,2026,6,81.696
1138,Kalyan,2026,7,68.068
1138,Kalyan,2026,8,67.556
1138,Kalyan,2026,9,68.276
1138,Kalyan,2026,10,108.838
1140,Kampala,2026,1,113.752
1140,Kampala,2026,2,102.943
1140,Kampala,2026,3,85.147
1140,Kampala,2026,4,78.301
1140,Kampala,2026,5,73.249
1140,Kampala,2026,6,81.13
1140,Kampala,2026,7,83.8
1140,Kampala,2026,8,90.396
1140,Kampala,2026,9,87.985
1140,Kampala,2026,10,86.323
1140,Kampala,2026,11,103.715
1140,Kampala,2026,12,115.913
1142,Kannur,2025,11,84.107
1142,Kannur,2025,12,87.708
1142,Kannur,2026,1,90.025
1142,Kannur,2026,2,87.45
1142,Kannur,2026,3,81.94
1142,Kannur,2026,4,77.941
1142,Kannur,2026,5,72.144
1142,Kannur,2026,6,68.396
1142,Kannur,2026,7,61.656
1142,Kannur,2026,8,60.307
1142,Kannur,2026,9,62.255
1142,Kannur,2026,10,99.297
1143,Kanpur,2025,11,136.247
1143,Kanpur,2025,12,133.197
1143,Kanpur,2026,1,132.4
1143,Kanpur,2026,2,120.739
1143,Kanpur,2026,3,110.512
1143,Kanpur,2026,4,101.884
1143,Kanpur,2026,5,95.562
1143,Kanpur,2026,6,85.642
1143,Kanpur,2026,7,76.884
1143,Kanpur,2026,8,75.764
1143,Kanpur,2026,9,72.698
1143,Kanpur,2026,10,92.597
1144,Kansas City,2026,1,40.591
1144,Kansas City,2026,2,36.015
1144,Kansas City,2026,3,30.665
1144,Kansas City,2026,4,24.45
1144,Kansas City,2026,5,20.783
1144,Kansas City,2026,6,22.842
1144,Kansas City,2026,7,24.339
1144,Kansas City,2026,8,26.118
1144,Kansas City,2026,9,24.428
1144,Kansas City,2026,10,21.942
1144,Kansas City,2026,11,28.928
1144,Kansas City,2026,12,32.834
1145,"Kansas City, MO-KS",2026,1,40.854
1145,"Kansas City, MO-KS",2026,2,37.073
1145,"Kansas City, MO-KS",2026,3,31.708
1145,"Kansas City, MO-KS",2026,4,25.57
1145,"Kansas City, MO-KS",2026,5,21.611
1145,"Kansas City, MO-KS",2026,6,24.368
1145,"Kansas City, MO-KS",2026,7,26.13
1145,"Kansas City, MO-KS",2026,8,28.943
1145,"Kansas City, MO-KS",2026,9,26.298
1145,"Kansas City, MO-KS",2026,10,24.719
1145,"Kansas City, MO-KS",2026,11,31.935
1145,"Kansas City, MO-KS",2026,12,37.003
1146,Kaohsiung,2026,1,60.813
1146,Kaohsiung,2026,2,58.315
1146,Kaohsiung,2026,3,53.766
1146,Kaohsiung,2026,4,47.207
1146,Kaohsiung,2026,5,43.016
1146,Kaohsiung,2026,6,48.847
1146,Kaohsiung,2026,7,50.435
1146,Kaohsiung,2026,8,52.685
1146,Kaohsiung,2026,9,49.146
1146,Kaohsiung,2026,10,47.462
1146,Kaohsiung,2026,11,55.969
1146,Kaohsiung,2026,12,60.221
1147,"Kapaa, HI",2026,1,19.102
1147,"Kapaa, HI",2026,2,15.996
1147,"Kapaa, HI",2026,3,13.217
1147,"Kapaa, HI",2026,4,10.982
1147,"Kapaa, HI",2026,5,8.979
1147,"Kapaa, HI",2026,6,9.657
1147,"Kapaa, HI",2026,7,10.383
1147,"Kapaa, HI",2026,8,11.444
1147,"Kapaa, HI",2026,9,9.8
1147,"Kapaa, HI",2026,10,8.366
1147,"Kapaa, HI",2026,11,11.028
1147,"Kapaa, HI",2026,12,13.02
1148,Karachi,2026,1,163.979
1148,Karachi,2026,2,149.577
1148,Karachi,2026,3,137.948
1148,Karachi,2026,4,128.46
1148,Karachi,2026,5,117.832
1148,Karachi,2026,6,103.948
1148,Karachi,2026,7,87.311
1148,Karachi,2026,8,88.162
1148,Karachi,2026,9,87.053
1148,Karachi,2026,10,101.441
1148,Karachi,2026,11,127.118
1148,Karachi,2026,12,128.695
1152,Karnal,2025,11,178.345
1152,Karnal,2025,12,146.793
1152,Karnal,2026,1,140.645
1152,Karnal,2026,2,127.296
1152,Karnal,2026,3,115.517
1152,Karnal,2026,4,105.875
1152,Karnal,2026,5,98.688
1152,Karnal,2026,6,83.792
1152,Karnal,2026,7,71.595
1152,Karnal,2026,8,69.821
1152,Karnal,2026,9,70.011
1152,Karnal,2026,10,109.035
1155,Kashipur,2025,11,117.957
1155,Kashipur,2025,12,124.727
1155,Kashipur,2026,1,124.336
1155,Kashipur,2026,2,112.23
1155,Kashipur,2026,3,103.418
1155,Kashipur,2026,4,100.379
1155,Kashipur,2026,5,94.416
1155,Kashipur,2026,6,86.18
1155,Kashipur,2026,7,76.843
1155,Kashipur,2026,8,79.627
1155,Kashipur,2026,9,78.383
1155,Kashipur,2026,10,94.447
1156,Kathmandu,2026,1,152.001
1156,Kathmandu,2026,2,138.395
1156,Kathmandu,2026,3,127.625
1156,Kathmandu,2026,4,118.463
1156,Kathmandu,2026,5,106.973
1156,Kathmandu,2026,6,94.236
1156,Kathmandu,2026,7,79.457
1156,Kathmandu,2026,8,77.288
1156,Kathmandu,2026,9,77.03
1156,Kathmandu,2026,10,94.888
1156,Kathmandu,2026,11,115.088
1156,Kathmandu,2026,12,120.044
1158,Katni,2025,11,133.773
1158,Katni,2025,12,130.451
1158,Katni,2026,1,131.634
1158,Katni,2026,2,118.36
1158,Katni,2026,3,106.196
1158,Katni,2026,4,99.465
1158,Katni,2026,5,93.165
1158,Katni,2026,6,80.711
1158,Katni,2026,7,65.046
1158,Katni,2026,8,67.018
1158,Katni,2026,9,65.841
1158,Katni,2026,10,103.333
1159,Kaufman,2026,1,42.292
1159,Kaufman,2026,2,40.442
1159,Kaufman,2026,3,35.097
1159,Kaufman,2026,4,30.455
1159,Kaufman,2026,5,26.111
1159,Kaufman,2026,6,29.947
1159,Kaufman,2026,7,31.878
1159,Kaufman,2026,8,33.432
1159,Kaufman,2026,9,31.254
1159,Kaufman,2026,10,29.453
1159,Kaufman,2026,11,37.568
1159,Kaufman,2026,12,43.072
1160,Kaukauna,2026,1,34.076
1160,Kaukauna,2026,2,33.84
1160,Kaukauna,2026,3,31.56
1160,Kaukauna,2026,4,27.07
1160,Kaukauna,2026,5,23.229
1160,Kaukauna,2026,6,26.39
1160,Kaukauna,2026,7,28.394
1160,Kaukauna,2026,8,31.041
1160,Kaukauna,2026,9,29.358
1160,Kaukauna,2026,10,27.699
1160,Kaukauna,2026,11,35.299
1160,Kaukauna,2026,12,40.539
1163,Kealakekua,2026,1,26.235
1163,Kealakekua,2026,2,25.276
1163,Kealakekua,2026,3,22.081
1163,Kealakekua,2026,4,18.489
1163,Kealakekua,2026,5,15.886
1163,Kealakekua,2026,6,17.595
1163,Kealakekua,2026,7,18.715
1163,Kealakekua,2026,8,20.109
1163,Kealakekua,2026,9,18.789
1163,Kealakekua,2026,10,17.045
1163,Kealakekua,2026,11,22.706
1163,Kealakekua,2026,12,25.179
1164,Kearny,2012,1,48.146
1164,Kearny,2012,2,44.972
1164,Kearny,2012,3,37.317
1164,Kearny,2012,4,30.71
1164,Kearny,2012,5,25.879
1164,Kearny,2012,6,28.073
1164,Kearny,2012,7,30.958
1164,Kearny,2012,8,32.782
1164,Kearny,2012,9,30.095
1164,Kearny,2012,10,28.94
1164,Kearny,2012,11,36.117
1164,Kearny,2012,12,41.89
1165,Keeler,2026,1,23.201
1165,Keeler,2026,2,20.905
1165,Keeler,2026,3,17.516
1165,Keeler,2026,4,14.758
1165,Keeler,2026,5,12.324
1165,Keeler,2026,6,13.967
1165,Keeler,2026,7,14.315
1165,Keeler,2026,8,15.715
1165,Keeler,2026,9,13.786
1165,Keeler,2026,10,12.098
1165,Keeler,2026,11,16.115
1165,Keeler,2026,12,18.694
1166,Keene,2026,1,37.232
1166,Keene,2026,2,33.682
1166,Keene,2026,3,28.998
1166,Keene,2026,4,23.21
1166,Keene,2026,5,20.225
1166,Keene,2026,6,22.517
1166,Keene,2026,7,24.371
1166,Keene,2026,8,25.986
1166,Keene,2026,9,23.224
1166,Keene,2026,10,21.349
1166,Keene,2026,11,26.854
1166,Keene,2026,12,31.415
1167,Kekoskee,2026,1,31.78
1167,Kekoskee,2026,2,28.463
1167,Kekoskee,2026,3,23.586
1167,Kekoskee,2026,4,19.628
1167,Kekoskee,2026,5,16.313
1167,Kekoskee,2026,6,18.341
1167,Kekoskee,2026,7,19.485
1167,Kekoskee,2026,8,21.233
1167,Kekoskee,2026,9,19.523
1167,Kekoskee,2026,10,17.483
1167,Kekoskee,2026,11,22.712
1167,Kekoskee,2026,12,25.179
1168,Kelso,2020,1,34.248
1168,Kelso,2020,2,33.655
1168,Kelso,2020,3,31.461
1168,Kelso,2020,4,26.952
1168,Kelso,2020,5,22.532
1168,Kelso,2020,6,25.253
1168,Kelso,2020,7,27.407
1168,Kelso,2020,8,29.789
1168,Kelso,2020,9,27.698
1168,Kelso,2020,10,24.882
1168,Kelso,2020,11,32.879
1168,Kelso,2020,12,37.275
1169,Kemmerer,2026,1,27.055
1169,Kemmerer,2026,2,25.201
1169,Kemmerer,2026,3,21.993
1169,Kemmerer,2026,4,17.61
1169,Kemmerer,2026,5,15.345
1169,Kemmerer,2026,6,17.203
1169,Kemmerer,2026,7,18.715
1169,Kemmerer,2026,8,20.015
1169,Kemmerer,2026,9,18.594
1169,Kemmerer,2026,10,17.548
1169,Kemmerer,2026,11,22.773
1169,Kemmerer,2026,12,25.179
1170,Kenai Peninsula,2015,1,12.036
1170,Kenai Peninsula,2015,2,10.999
1170,Kenai Peninsula,2015,3,9.032
1170,Kenai Peninsula,2015,4,7.698
1170,Kenai Peninsula,2015,5,6.64
1170,Kenai Peninsula,2015,6,6.832
1170,Kenai Peninsula,2015,7,6.501
1170,Kenai Peninsula,2015,8,6.497
1170,Kenai Peninsula,2015,9,4.19
1170,Kenai Peninsula,2015,10,4.114
1170,Kenai Peninsula,2015,11,7.572
1170,Kenai Peninsula,2015,12,8.36
1171,Kenansville,2016,1,35.296
1171,Kenansville,2016,2,32.044
1171,Kenansville,2016,3,27.834
1171,Kenansville,2016,4,22.387
1171,Kenansville,2016,5,20.028
1171,Kenansville,2016,6,22.599
1171,Kenansville,2016,7,24.582
1171,Kenansville,2016,8,26.131
1171,Kenansville,2016,9,24.361
1171,Kenansville,2016,10,22.087
1171,Kenansville,2016,11,29.003
1171,Kenansville,2016,12,33.927
1172,Kennebunkport,2026,1,33.887
1172,Kennebunkport,2026,2,32.443
1172,Kennebunkport,2026,3,29.355
1172,Kennebunkport,2026,4,25.141
1172,Kennebunkport,2026,5,21.925
1172,Kennebunkport,2026,6,23.851
1172,Kennebunkport,2026,7,25.316
1172,Kennebunkport,2026,8,27.219
1172,Kennebunkport,2026,9,24.978
1172,Kennebunkport,2026,10,22.974
1172,Kennebunkport,2026,11,28.955
1172,Kennebunkport,2026,12,32.841
1173,Kenner,2026,1,40.331
1173,Kenner,2026,2,37.216
1173,Kenner,2026,3,32.067
1173,Kenner,2026,4,26.865
1173,Kenner,2026,5,22.54
1173,Kenner,2026,6,25.111
1173,Kenner,2026,7,27.225
1173,Kenner,2026,8,29.724
1173,Kenner,2026,9,27.61
1173,Kenner,2026,10,25.786
1173,Kenner,2026,11,33.337
1173,Kenner,2026,12,38.312
1174,Kennesaw,2026,1,31.58
1174,Kennesaw,2026,2,29.831
1174,Kennesaw,2026,3,25.537
1174,Kennesaw,2026,4,21.377
1174,Kennesaw,2026,5,18.135
1174,Kennesaw,2026,6,20.284
1174,Kennesaw,2026,7,22.367
1174,Kennesaw,2026,8,24.246
1174,Kennesaw,2026,9,21.453
1174,Kennesaw,2026,10,19.784
1174,Kennesaw,2026,11,24.928
1174,Kennesaw,2026,12,28.239
1175,Kennewick,2026,1,18.067
1175,Kennewick,2026,2,15.91
1175,Kennewick,2026,3,13.377
1175,Kennewick,2026,4,10.982
1175,Kennewick,2026,5,9.279
1175,Kennewick,2026,6,10.639
1175,Kennewick,2026,7,11.509
1175,Kennewick,2026,8,12.325
1175,Kennewick,2026,9,10.524
1175,Kennewick,2026,10,9.312
1175,Kennewick,2026,11,12.357
1175,Kennewick,2026,12,14.013
1176,Kenosha,2026,1,34.065
1176,Kenosha,2026,2,33.697
1176,Kenosha,2026,3,31.201
1176,Kenosha,2026,4,27.01
1176,Kenosha,2026,5,22.93
1176,Kenosha,2026,6,25.956
1176,Kenosha,2026,7,27.407
1176,Kenosha,2026,8,29.793
1176,Kenosha,2026,9,27.698
1176,Kenosha,2026,10,25.434
1176,Kenosha,2026,11,33.337
1176,Kenosha,2026,12,38.312
1177,Kent,2026,1,31.301
1177,Kent,2026,2,29.787
1177,Kent,2026,3,25.482
1177,Kent,2026,4,20.971
1177,Kent,2026,5,17.603
1177,Kent,2026,6,19.548
1177,Kent,2026,7,21.047
1177,Kent,2026,8,23.149
1177,Kent,2026,9,20.946
1177,Kent,2026,10,18.419
1177,Kent,2026,11,24.131
1177,Kent,2026,12,27.917
1178,Keokuk,2020,1,42.975
1178,Keokuk,2020,2,39.055
1178,Keokuk,2020,3,33.19
1178,Keokuk,2020,4,28.57
1178,Keokuk,2020,5,24.328
1178,Keokuk,2020,6,26.654
1178,Keokuk,2020,7,29.112
1178,Keokuk,2020,8,31.484
1178,Keokuk,2020,9,29.22
1178,Keokuk,2020,10,26.597
1178,Keokuk,2020,11,34.735
1178,Keokuk,2020,12,37.88
1180,Ketchum,2026,1,23.799
1180,Ketchum,2026,2,20.98
1180,Ketchum,2026,3,16.813
1180,Ketchum,2026,4,13.69
1180,Ketchum,2026,5,12.137
1180,Ketchum,2026,6,13.368
1180,Ketchum,2026,7,14.299
1180,Ketchum,2026,8,15.734
1180,Ketchum,2026,9,14.013
1180,Ketchum,2026,10,12.834
1180,Ketchum,2026,11,16.201
1180,Ketchum,2026,12,18.706
1181,Kewaunee,2026,1,34.202
1181,Kewaunee,2026,2,33.466
1181,Kewaunee,2026,3,31.389
1181,Kewaunee,2026,4,26.972
1181,Kewaunee,2026,5,22.862
1181,Kewaunee,2026,6,24.84
1181,Kewaunee,2026,7,26.207
1181,Kewaunee,2026,8,29.023
1181,Kewaunee,2026,9,27.027
1181,Kewaunee,2026,10,24.708
1181,Kewaunee,2026,11,32.757
1181,Kewaunee,2026,12,37.275
1186,Khanna,2025,11,129.747
1186,Khanna,2025,12,123.085
1186,Khanna,2026,1,121.04
1186,Khanna,2026,2,111.594
1186,Khanna,2026,3,104.271
1186,Khanna,2026,4,99.293
1186,Khanna,2026,5,92.386
1186,Khanna,2026,6,83.913
1186,Khanna,2026,7,75.631
1186,Khanna,2026,8,73.129
1186,Khanna,2026,9,72.535
1186,Khanna,2026,10,93.745
1189,Khartoum,2026,1,121.877
1189,Khartoum,2026,2,109.522
1189,Khartoum,2026,3,90.924
1189,Khartoum,2026,4,78.132
1189,Khartoum,2026,5,71.57
1189,Khartoum,2026,6,75.269
1189,Khartoum,2026,7,77.664
1189,Khartoum,2026,8,81.39
1189,Khartoum,2026,9,78.968
1189,Khartoum,2026,10,78.257
1189,Khartoum,2026,11,93.693
1189,Khartoum,2026,12,109.818
1192,Khurja,2025,5,133.812
1192,Khurja,2025,6,115.771
1192,Khurja,2025,7,92.78
1192,Khurja,2025,8,82.348
1192,Khurja,2025,9,82.973
1192,Khurja,2025,10,93.315
1192,Khurja,2025,11,117.096
1192,Khurja,2025,12,122.291
1192,Khurja,2026,1,121.505
1192,Khurja,2026,2,108.828
1192,Khurja,2026,3,100.188
1192,Khurja,2026,4,95.647
1193,Kihei,2026,1,22.196
1193,Kihei,2026,2,19.539
1193,Kihei,2026,3,16.094
1193,Kihei,2026,4,13.288
1193,Kihei,2026,5,11.893
1193,Kihei,2026,6,12.619
1193,Kihei,2026,7,13.181
1193,Kihei,2026,8,14.21
1193,Kihei,2026,9,13.025
1193,Kihei,2026,10,12.054
1193,Kihei,2026,11,15.65
1193,Kihei,2026,12,18.01
1194,Killeen,2026,1,33.887
1194,Killeen,2026,2,32.398
1194,Killeen,2026,3,28.923
1194,Killeen,2026,4,23.32
1194,Killeen,2026,5,20.245
1194,Killeen,2026,6,22.278
1194,Killeen,2026,7,24.464
1194,Killeen,2026,8,26.08
1194,Killeen,2026,9,24.34
1194,Killeen,2026,10,22.123
1194,Killeen,2026,11,28.955
1194,Killeen,2026,12,32.841
1195,King City,2026,1,32.279
1195,King City,2026,2,30.016
1195,King City,2026,3,26.536
1195,King City,2026,4,21.66
1195,King City,2026,5,18.879
1195,King City,2026,6,20.525
1195,King City,2026,7,22.444
1195,King City,2026,8,24.359
1195,King City,2026,9,21.781
1195,King City,2026,10,19.361
1195,King City,2026,11,25.136
1195,King City,2026,12,29.165
1196,Kingsport,2026,1,34.141
1196,Kingsport,2026,2,33.697
1196,Kingsport,2026,3,31.201
1196,Kingsport,2026,4,27.01
1196,Kingsport,2026,5,22.889
1196,Kingsport,2026,6,25.862
1196,Kingsport,2026,7,27.407
1196,Kingsport,2026,8,29.751
1196,Kingsport,2026,9,27.698
1196,Kingsport,2026,10,25.434
1196,Kingsport,2026,11,33.337
1196,Kingsport,2026,12,38.312
1197,"Kingsport-Bristol-Bristol, TN-VA",2026,1,34.06
1197,"Kingsport-Bristol-Bristol, TN-VA",2026,2,33.709
1197,"Kingsport-Bristol-Bristol, TN-VA",2026,3,31.299
1197,"Kingsport-Bristol-Bristol, TN-VA",2026,4,27.223
1197,"Kingsport-Bristol-Bristol, TN-VA",2026,5,23.446
1197,"Kingsport-Bristol-Bristol, TN-VA",2026,6,25.848
1197,"Kingsport-Bristol-Bristol, TN-VA",2026,7,27.467
1197,"Kingsport-Bristol-Bristol, TN-VA",2026,8,29.831
1197,"Kingsport-Bristol-Bristol, TN-VA",2026,9,27.473
1197,"Kingsport-Bristol-Bristol, TN-VA",2026,10,24.796
1197,"Kingsport-Bristol-Bristol, TN-VA",2026,11,32.757
1197,"Kingsport-Bristol-Bristol, TN-VA",2026,12,37.275
1198,Kingston,2015,1,45.065
1198,Kingston,2015,2,43.342
1198,Kingston,2015,3,36.746
1198,Kingston,2015,4,29.759
1198,Kingston,2015,5,25.153
1198,Kingston,2015,6,28.519
1198,Kingston,2015,7,30.959
1198,Kingston,2015,8,32.762
1198,Kingston,2015,9,30.116
1198,Kingston,2015,10,28.778
1198,Kingston,2015,11,36.118
1198,Kingston,2015,12,41.854
1199,"Kingston, NY",2013,1,16.233
1199,"Kingston, NY",2013,2,14.132
1199,"Kingston, NY",2013,3,12.309
1199,"Kingston, NY",2013,4,10.185
1199,"Kingston, NY",2013,5,9.225
1199,"Kingston, NY",2013,6,10.518
1199,"Kingston, NY",2013,7,11.473
1199,"Kingston, NY",2013,8,12.377
1199,"Kingston, NY",2013,9,10.397
1199,"Kingston, NY",2013,10,9.585
1199,"Kingston, NY",2013,11,12.287
1199,"Kingston, NY",2013,12,14.007
1200,Kinshasa,2026,1,110.041
1200,Kinshasa,2026,2,98.218
1200,Kinshasa,2026,3,83.897
1200,Kinshasa,2026,4,73.42
1200,Kinshasa,2026,5,67.614
1200,Kinshasa,2026,6,70.686
1200,Kinshasa,2026,7,72.694
1200,Kinshasa,2026,8,76.356
1200,Kinshasa,2026,9,74.852
1200,Kinshasa,2026,10,73.668
1200,Kinshasa,2026,11,86.525
1200,Kinshasa,2026,12,99.584
1201,Kinston,2026,1,32.194
1201,Kinston,2026,2,30.213
1201,Kinston,2026,3,26.479
1201,Kinston,2026,4,21.64
1201,Kinston,2026,5,18.731
1201,Kinston,2026,6,21.176
1201,Kinston,2026,7,23.17
1201,Kinston,2026,8,25.304
1201,Kinston,2026,9,22.771
1201,Kinston,2026,10,20.67
1201,Kinston,2026,11,26.45
1201,Kinston,2026,12,31.055
1203,Kissimmee,2024,9,26.224
1203,Kissimmee,2024,10,24.719
1203,Kissimmee,2024,11,32.114
1203,Kissimmee,2024,12,37.275
1203,Kissimmee,2025,1,36.276
1203,Kissimmee,2025,2,32.969
1203,Kissimmee,2025,3,27.463
1203,Kissimmee,2025,4,22.365
1203,Kissimmee,2025,5,19.748
1203,Kissimmee,2025,6,21.23
1203,Kissimmee,2025,7,23.343
1203,Kissimmee,2025,8,25.191
1204,Kittanning,2026,1,40.645
1204,Kittanning,2026,2,36.015
1204,Kittanning,2026,3,30.592
1204,Kittanning,2026,4,24.45
1204,Kittanning,2026,5,20.549
1204,Kittanning,2026,6,22.85
1204,Kittanning,2026,7,24.339
1204,Kittanning,2026,8,26.118
1204,Kittanning,2026,9,24.428
1204,Kittanning,2026,10,21.951
1204,Kittanning,2026,11,28.806
1204,Kittanning,2026,12,32.834
1206,"Klamath Falls, OR",2026,1,16.969
1206,"Klamath Falls, OR",2026,2,14.046
1206,"Klamath Falls, OR",2026,3,11.762
1206,"Klamath Falls, OR",2026,4,9.527
1206,"Klamath Falls, OR",2026,5,8.202
1206,"Klamath Falls, OR",2026,6,9.226
1206,"Klamath Falls, OR",2026,7,10.279
1206,"Klamath Falls, OR",2026,8,11.444
1206,"Klamath Falls, OR",2026,9,9.846
1206,"Klamath Falls, OR",2026,10,8.102
1206,"Klamath Falls, OR",2026,11,10.896
1206,"Klamath Falls, OR",2026,12,11.993
1207,Klickitat,2026,1,23.713
1207,Klickitat,2026,2,20.972
1207,Klickitat,2026,3,16.735
1207,Klickitat,2026,4,13.69
1207,Klickitat,2026,5,12.137
1207,Klickitat,2026,6,13.479
1207,Klickitat,2026,7,14.299
1207,Klickitat,2026,8,15.752
1207,Klickitat,2026,9,13.92
1207,Klickitat,2026,10,12.203
1207,Klickitat,2026,11,15.659
1207,Klickitat,2026,12,18.01
1208,Knowlton (Township of),2026,1,32.383
1208,Knowlton (Township of),2026,2,30.708
1208,Knowlton (Township of),2026,3,26.236
1208,Knowlton (Township of),2026,4,21.698
1208,Knowlton (Township of),2026,5,18.597
1208,Knowlton (Township of),2026,6,20.485
1208,Knowlton (Township of),2026,7,22.549
1208,Knowlton (Township of),2026,8,24.359
1208,Knowlton (Township of),2026,9,21.736
1208,Knowlton (Township of),2026,10,19.853
1208,Knowlton (Township of),2026,11,25.402
1208,Knowlton (Township of),2026,12,29.165
1209,Knox,2026,1,34.065
1209,Knox,2026,2,33.697
1209,Knox,2026,3,31.181
1209,Knox,2026,4,27.01
1209,Knox,2026,5,22.886
1209,Knox,2026,6,25.862
1209,Knox,2026,7,27.318
1209,Knox,2026,8,29.751
1209,Knox,2026,9,27.61
1209,Knox,2026,10,25.434
1209,Knox,2026,11,33.337
1209,Knox,2026,12,38.312
1210,Knoxville,2026,1,40.885
1210,Knoxville,2026,2,36.93
1210,Knoxville,2026,3,30.651
1210,Knoxville,2026,4,24.721
1210,Knoxville,2026,5,20.951
1210,Knoxville,2026,6,22.972
1210,Knoxville,2026,7,24.448
1210,Knoxville,2026,8,26.137
1210,Knoxville,2026,9,24.539
1210,Knoxville,2026,10,22.031
1210,Knoxville,2026,11,28.903
1210,Knoxville,2026,12,32.834
1211,"Knoxville, TN",2026,1,34.141
1211,"Knoxville, TN",2026,2,33.654
1211,"Knoxville, TN",2026,3,31.452
1211,"Knoxville, TN",2026,4,26.952
1211,"Knoxville, TN",2026,5,22.393
1211,"Knoxville, TN",2026,6,25.73
1211,"Knoxville, TN",2026,7,27.407
1211,"Knoxville, TN",2026,8,29.789
1211,"Knoxville, TN",2026,9,27.698
1211,"Knoxville, TN",2026,10,25.434
1211,"Knoxville, TN",2026,11,33.305
1211,"Knoxville, TN",2026,12,38.312
1212,Kochi,2025,11,107.829
1212,Kochi,2025,12,115.138
1212,Kochi,2026,1,121.783
1212,Kochi,2026,2,113.586
1212,Kochi,2026,3,104.508
1212,Kochi,2026,4,99.531
1212,Kochi,2026,5,92.271
1212,Kochi,2026,6,85.498
1212,Kochi,2026,7,77.498
1212,Kochi,2026,8,76.546
1212,Kochi,2026,9,75.89
1212,Kochi,2026,10,90.36
1213,Kohima,2025,11,93.055
1213,Kohima,2025,12,99.33
1213,Kohima,2026,1,102.033
1213,Kohima,2026,2,97.513
1213,Kohima,2026,3,90.754
1213,Kohima,2026,4,83.877
1213,Kohima,2026,5,80.168
1213,Kohima,2026,6,74.752
1213,Kohima,2026,7,68.773
1213,Kohima,2026,8,67.532
1213,Kohima,2026,9,68.284
1213,Kohima,2026,10,105.697
1215,Kokomo,2026,1,38.807
1215,Kokomo,2026,2,34.56
1215,Kokomo,2026,3,30.472
1215,Kokomo,2026,4,26.273
1215,Kokomo,2026,5,22.381
1215,Kokomo,2026,6,25.468
1215,Kokomo,2026,7,27.407
1215,Kokomo,2026,8,29.789
1215,Kokomo,2026,9,27.698
1215,Kokomo,2026,10,25.21
1215,Kokomo,2026,11,33.305
1215,Kokomo,2026,12,38.312
1216,Kolar,2025,4,68.504
1216,Kolar,2025,5,64.875
1216,Kolar,2025,6,61.362
1216,Kolar,2025,7,56.113
1216,Kolar,2025,8,56.979
1216,Kolar,2025,9,58.432
1216,Kolar,2025,10,88.72
1216,Kolar,2025,11,125.661
1216,Kolar,2025,12,123.227
1216,Kolar,2026,1,121.299
1216,Kolar,2026,2,109.29
1216,Kolar,2026,3,100.403
1218,Kolhapur,2025,11,77.694
1218,Kolhapur,2025,12,83.916
1218,Kolhapur,2026,1,88.636
1218,Kolhapur,2026,2,89.439
1218,Kolhapur,2026,3,83.319
1218,Kolhapur,2026,4,80.45
1218,Kolhapur,2026,5,74.929
1218,Kolhapur,2026,6,74.088
1218,Kolhapur,2026,7,70.28
1218,Kolhapur,2026,8,69.462
1218,Kolhapur,2026,9,68.798
1218,Kolhapur,2026,10,89.029
1219,Kolkata,2025,11,111.305
1219,Kolkata,2025,12,120.815
1219,Kolkata,2026,1,123.206
1219,Kolkata,2026,2,110.323
1219,Kolkata,2026,3,100.188
1219,Kolkata,2026,4,95.647
1219,Kolkata,2026,5,89.42
1219,Kolkata,2026,6,82.284
1219,Kolkata,2026,7,73.642
1219,Kolkata,2026,8,72.619
1219,Kolkata,2026,9,73.253
1219,Kolkata,2026,10,91.581
1220,Kollam,2025,11,57.298
1220,Kollam,2025,12,73.243
1220,Kollam,2026,1,79.03
1220,Kollam,2026,2,78.742
1220,Kollam,2026,3,74.13
1220,Kollam,2026,4,71.049
1220,Kollam,2026,5,67.056
1220,Kollam,2026,6,65.466
1220,Kollam,2026,7,60.864
1220,Kollam,2026,8,61.232
1220,Kollam,2026,9,62.481
1220,Kollam,2026,10,88.845
1223,Korba,2025,11,61.952
1223,Korba,2025,12,74.444
1223,Korba,2026,1,80.535
1223,Korba,2026,2,82.599
1223,Korba,2026,3,78.518
1223,Korba,2026,4,73.166
1223,Korba,2026,5,69.591
1223,Korba,2026,6,70.328
1223,Korba,2026,7,65.773
1223,Korba,2026,8,65.825
1223,Korba,2026,9,64.759
1223,Korba,2026,10,83.869
1224,Kota,2025,11,158.936
1224,Kota,2025,12,145.02
1224,Kota,2026,1,145.551
1224,Kota,2026,2,132.072
1224,Kota,2026,3,124.452
1224,Kota,2026,4,113.08
1224,Kota,2026,5,105.815
1224,Kota,2026,6,94.502
1224,Kota,2026,7,79.402
1224,Kota,2026,8,77.299
1224,Kota,2026,9,77.03
1224,Kota,2026,10,94.888
1227,Kottayam,2016,1,85.936
1227,Kottayam,2016,2,87.576
1227,Kottayam,2016,3,82.682
1227,Kottayam,2016,4,76.167
1227,Kottayam,2016,5,73.041
1227,Kottayam,2016,6,75.063
1227,Kottayam,2016,7,75.676
1227,Kottayam,2016,8,75.725
1227,Kottayam,2016,9,74.06
1227,Kottayam,2016,10,80.861
1227,Kottayam,2016,11,86.709
1227,Kottayam,2016,12,97.772
1228,Kozhikode,2023,4,75.746
1228,Kozhikode,2023,5,71.126
1228,Kozhikode,2023,6,71.202
1228,Kozhikode,2023,7,67.444
1228,Kozhikode,2023,8,70.251
1228,Kozhikode,2023,9,68.425
1228,Kozhikode,2023,10,84.889
1228,Kozhikode,2023,11,99.992
1228,Kozhikode,2023,12,110.994
1228,Kozhikode,2024,1,113.475
1228,Kozhikode,2024,2,109.107
1228,Kozhikode,2024,3,100.947
1229,Krakow,2026,1,72.22
1229,Krakow,2026,2,69.427
1229,Krakow,2026,3,60.833
1229,Krakow,2026,4,53.905
1229,Krakow,2026,5,48.351
1229,Krakow,2026,6,48.819
1229,Krakow,2026,7,49.356
1229,Krakow,2026,8,50.766
1229,Krakow,2026,9,45.38
1229,Krakow,2026,10,42.074
1229,Krakow,2026,11,52.344
1229,Krakow,2026,12,57.464
1230,Kremmling,2025,1,33.823
1230,Kremmling,2025,2,32.398
1230,Kremmling,2025,3,29.355
1230,Kremmling,2025,4,25.141
1230,Kremmling,2025,5,21.965
1230,Kremmling,2025,6,24.127
1230,Kremmling,2025,7,26.224
1230,Kremmling,2025,8,28.958
1230,Kremmling,2025,9,26.298
1230,Kremmling,2025,10,25.071
1230,Kremmling,2025,11,32.482
1230,Kremmling,2025,12,37.507
1231,Kuala Lumpur,2026,1,80.567
1231,Kuala Lumpur,2026,2,79.151
1231,Kuala Lumpur,2026,3,72.832
1231,Kuala Lumpur,2026,4,70.197
1231,Kuala Lumpur,2026,5,65.638
1231,Kuala Lumpur,2026,6,65.125
1231,Kuala Lumpur,2026,7,61.685
1231,Kuala Lumpur,2026,8,61.932
1231,Kuala Lumpur,2026,9,61.598
1231,Kuala Lumpur,2026,10,79.416
1231,Kuala Lumpur,2026,11,93.622
1231,Kuala Lumpur,2026,12,102.983
1234,Kurnool,2016,1,116.377
1234,Kurnool,2016,2,114.764
1234,Kurnool,2016,3,108.343
1234,Kurnool,2016,4,103.695
1234,Kurnool,2016,5,102.847
1234,Kurnool,2016,6,99.195
1234,Kurnool,2016,7,94.982
1234,Kurnool,2016,8,91.707
1234,Kurnool,2016,9,90.836
1234,Kurnool,2016,10,98.95
1234,Kurnool,2016,11,116.263
1234,Kurnool,2016,12,131.027
1236,Kurukshetra,2025,11,174.907
1236,Kurukshetra,2025,12,141.147
1236,Kurukshetra,2026,1,138.38
1236,Kurukshetra,2026,2,125.355
1236,Kurukshetra,2026,3,115.714
1236,Kurukshetra,2026,4,105.127
1236,Kurukshetra,2026,5,98.19
1236,Kurukshetra,2026,6,83.792
1236,Kurukshetra,2026,7,71.278
1236,Kurukshetra,2026,8,69.01
1236,Kurukshetra,2026,9,70.011
1236,Kurukshetra,2026,10,109.29
1237,Kuwait City,2026,1,152.669
1237,Kuwait City,2026,2,143.846
1237,Kuwait City,2026,3,123.954
1237,Kuwait City,2026,4,103.341
1237,Kuwait City,2026,5,91.067
1237,Kuwait City,2026,6,95.617
1237,Kuwait City,2026,7,102.412
1237,Kuwait City,2026,8,107.254
1237,Kuwait City,2026,9,105.621
1237,Kuwait City,2026,10,102.398
1237,Kuwait City,2026,11,125.531
1237,Kuwait City,2026,12,139.598
1238,La Crosse,2026,1,37.27
1238,La Crosse,2026,2,34.039
1238,La Crosse,2026,3,30.493
1238,La Crosse,2026,4,26.565
1238,La Crosse,2026,5,22.676
1238,La Crosse,2026,6,24.92
1238,La Crosse,2026,7,26.207
1238,La Crosse,2026,8,29.042
1238,La Crosse,2026,9,26.936
1238,La Crosse,2026,10,24.073
1238,La Crosse,2026,11,32.091
1238,La Crosse,2026,12,37.275
1239,La Crosse (corporate and RR name for Lacrosse),2026,1,22.683
1239,La Crosse (corporate and RR name for Lacrosse),2026,2,19.545
1239,La Crosse (corporate and RR name for Lacrosse),2026,3,16.026
1239,La Crosse (corporate and RR name for Lacrosse),2026,4,13.288
1239,La Crosse (corporate and RR name for Lacrosse),2026,5,11.688
1239,La Crosse (corporate and RR name for Lacrosse),2026,6,12.761
1239,La Crosse (corporate and RR name for Lacrosse),2026,7,13.285
1239,La Crosse (corporate and RR name for Lacrosse),2026,8,14.21
1239,La Crosse (corporate and RR name for Lacrosse),2026,9,13.025
1239,La Crosse (corporate and RR name for Lacrosse),2026,10,12.196
1239,La Crosse (corporate and RR name for Lacrosse),2026,11,15.735
1239,La Crosse (corporate and RR name for Lacrosse),2026,12,18.01
1240,La Grande,2026,1,26.75
1240,La Grande,2026,2,25.025
1240,La Grande,2026,3,21.644
1240,La Grande,2026,4,17.664
1240,La Grande,2026,5,15.249
1240,La Grande,2026,6,17.137
1240,La Grande,2026,7,18.61
1240,La Grande,2026,8,20.109
1240,La Grande,2026,9,18.835
1240,La Grande,2026,10,17.019
1240,La Grande,2026,11,22.48
1240,La Grande,2026,12,25.179
1241,"La Grande, OR",2026,1,9.275
1241,"La Grande, OR",2026,2,8.125
1241,"La Grande, OR",2026,3,7.364
1241,"La Grande, OR",2026,4,6.325
1241,"La Grande, OR",2026,5,5.172
1241,"La Grande, OR",2026,6,6.18
1241,"La Grande, OR",2026,7,6.386
1241,"La Grande, OR",2026,8,6.487
1241,"La Grande, OR",2026,9,4.276
1241,"La Grande, OR",2026,10,4.051
1241,"La Grande, OR",2026,11,7.31
1241,"La Grande, OR",2026,12,8.415
1242,La Habra,2026,1,34.065
1242,La Habra,2026,2,33.697
1242,La Habra,2026,3,31.181
1242,La Habra,2026,4,27.01
1242,La Habra,2026,5,22.845
1242,La Habra,2026,6,25.862
1242,La Habra,2026,7,27.225
1242,La Habra,2026,8,29.751
1242,La Habra,2026,9,27.61
1242,La Habra,2026,10,25.434
1242,La Habra,2026,11,33.337
1242,La Habra,2026,12,38.312
1243,La Porte,2026,1,56.4
1243,La Porte,2026,2,53.377
1243,La Porte,2026,3,47.655
1243,La Porte,2026,4,39.214
1243,La Porte,2026,5,34.655
1243,La Porte,2026,6,35.219
1243,La Porte,2026,7,36.925
1243,La Porte,2026,8,39.015
1243,La Porte,2026,9,36.769
1243,La Porte,2026,10,34.062
1243,La Porte,2026,11,40.848
1243,La Porte,2026,12,42.987
1244,Lacey,2026,1,19.76
1244,Lacey,2026,2,16.754
1244,Lacey,2026,3,13.544
1244,Lacey,2026,4,10.982
1244,Lacey,2026,5,9.201
1244,Lacey,2026,6,10.401
1244,Lacey,2026,7,11.295
1244,Lacey,2026,8,12.325
1244,Lacey,2026,9,10.524
1244,Lacey,2026,10,9.25
1244,Lacey,2026,11,12.153
1244,Lacey,2026,12,14.013
1245,Lackawanna,2010,1,48.823
1245,Lackawanna,2010,2,45.286
1245,Lackawanna,2010,3,38.511
1245,Lackawanna,2010,4,31.812
1245,Lackawanna,2010,5,27.449
1245,Lackawanna,2010,6,29.772
1245,Lackawanna,2010,7,32.237
1245,Lackawanna,2010,8,34.54
1245,Lackawanna,2010,9,32.014
1245,Lackawanna,2010,10,30.497
1245,Lackawanna,2010,11,38.581
1245,Lackawanna,2010,12,43.944
1246,Laconia,2026,1,25.939
1246,Laconia,2026,2,24.233
1246,Laconia,2026,3,21.049
1246,Laconia,2026,4,17.622
1246,Laconia,2026,5,15.126
1246,Laconia,2026,6,16.691
1246,Laconia,2026,7,17.645
1246,Laconia,2026,8,18.408
1246,Laconia,2026,9,16.711
1246,Laconia,2026,10,14.77
1246,Laconia,2026,11,19.169
1246,Laconia,2026,12,22.484
1247,Ladonia,2018,1,34.698
1247,Ladonia,2018,2,33.92
1247,Ladonia,2018,3,31.408
1247,Ladonia,2018,4,27.25
1247,Ladonia,2018,5,23.57
1247,Ladonia,2018,6,25.971
1247,Ladonia,2018,7,27.695
1247,Ladonia,2018,8,29.895
1247,Ladonia,2018,9,27.529
1247,Ladonia,2018,10,24.852
1247,Ladonia,2018,11,32.856
1247,Ladonia,2018,12,37.375
1248,Ladue,2026,1,42.283
1248,Ladue,2026,2,39.483
1248,Ladue,2026,3,33.177
1248,Ladue,2026,4,28.57
1248,Ladue,2026,5,24.467
1248,Ladue,2026,6,26.662
1248,Ladue,2026,7,29.112
1248,Ladue,2026,8,31.635
1248,Ladue,2026,9,29.22
1248,Ladue,2026,10,26.605
1248,Ladue,2026,11,34.725
1248,Ladue,2026,12,37.88
1249,Lafayette,2026,1,40.925
1249,Lafayette,2026,2,36.738
1249,Lafayette,2026,3,31.078
1249,Lafayette,2026,4,25.563
1249,Lafayette,2026,5,21.688
1249,Lafayette,2026,6,23.964
1249,Lafayette,2026,7,25.498
1249,Lafayette,2026,8,27.284
1249,Lafayette,2026,9,25.067
1249,Lafayette,2026,10,23.224
1249,Lafayette,2026,11,29.97
1249,Lafayette,2026,12,34.526
1250,"Lafayette-West Lafayette, IN",2026,1,34.06
1250,"Lafayette-West Lafayette, IN",2026,2,33.72
1250,"Lafayette-West Lafayette, IN",2026,3,31.346
1250,"Lafayette-West Lafayette, IN",2026,4,26.972
1250,"Lafayette-West Lafayette, IN",2026,5,22.862
1250,"Lafayette-West Lafayette, IN",2026,6,24.84
1250,"Lafayette-West Lafayette, IN",2026,7,26.207
1250,"Lafayette-West Lafayette, IN",2026,8,29.023
1250,"Lafayette-West Lafayette, IN",2026,9,27.133
1250,"Lafayette-West Lafayette, IN",2026,10,24.708
1250,"Lafayette-West Lafayette, IN",2026,11,32.757
1250,"Lafayette-West Lafayette, IN",2026,12,37.275
1251,Lagos,2026,1,140.725
1251,Lagos,2026,2,130.029
1251,Lagos,2026,3,114.851
1251,Lagos,2026,4,94.873
1251,Lagos,2026,5,84.207
1251,Lagos,2026,6,91.669
1251,Lagos,2026,7,97.271
1251,Lagos,2026,8,102.168
1251,Lagos,2026,9,96.603
1251,Lagos,2026,10,93.574
1251,Lagos,2026,11,117.814
1251,Lagos,2026,12,131.661
1252,Lahore,2026,1,159.536
1252,Lahore,2026,2,147.5
1252,Lahore,2026,3,134.044
1252,Lahore,2026,4,125.32
1252,Lahore,2026,5,117.594
1252,Lahore,2026,6,103.037
1252,Lahore,2026,7,87.311
1252,Lahore,2026,8,88.326
1252,Lahore,2026,9,86.736
1252,Lahore,2026,10,102.687
1252,Lahore,2026,11,124.197
1252,Lahore,2026,12,124.203
1253,Lake,2026,1,15.456
1253,Lake,2026,2,13.288
1253,Lake,2026,3,11.43
1253,Lake,2026,4,9.224
1253,Lake,2026,5,8.182
1253,Lake,2026,6,9.457
1253,Lake,2026,7,10.383
1253,Lake,2026,8,11.444
1253,Lake,2026,9,9.8
1253,Lake,2026,10,8.37
1253,Lake,2026,11,11.156
1253,Lake,2026,12,13.02
1254,Lake Charles,2020,1,38.662
1254,Lake Charles,2020,2,34.874
1254,Lake Charles,2020,3,30.445
1254,Lake Charles,2020,4,26.331
1254,Lake Charles,2020,5,22.349
1254,Lake Charles,2020,6,25.658
1254,Lake Charles,2020,7,27.313
1254,Lake Charles,2020,8,29.789
1254,Lake Charles,2020,9,27.698
1254,Lake Charles,2020,10,25.434
1254,Lake Charles,2020,11,33.337
1254,Lake Charles,2020,12,38.312
1255,Lake City,2026,1,46.641
1255,Lake City,2026,2,42.976
1255,Lake City,2026,3,35.675
1255,Lake City,2026,4,29.419
1255,Lake City,2026,5,25.067
1255,Lake City,2026,6,28.59
1255,Lake City,2026,7,30.924
1255,Lake City,2026,8,32.655
1255,Lake City,2026,9,30.148
1255,Lake City,2026,10,28.512
1255,Lake City,2026,11,36.019
1255,Lake City,2026,12,41.782
1256,Lake Elsinore,2026,1,39.638
1256,Lake Elsinore,2026,2,35.706
1256,Lake Elsinore,2026,3,30.553
1256,Lake Elsinore,2026,4,24.64
1256,Lake Elsinore,2026,5,20.833
1256,Lake Elsinore,2026,6,23.483
1256,Lake Elsinore,2026,7,25.39
1256,Lake Elsinore,2026,8,27.246
1256,Lake Elsinore,2026,9,25.067
1256,Lake Elsinore,2026,10,23.798
1256,Lake Elsinore,2026,11,29.749
1256,Lake Elsinore,2026,12,34.526
1257,Lake Forest Park,2026,1,27.691
1257,Lake Forest Park,2026,2,25.651
1257,Lake Forest Park,2026,3,21.642
1257,Lake Forest Park,2026,4,17.631
1257,Lake Forest Park,2026,5,15.327
1257,Lake Forest Park,2026,6,17.026
1257,Lake Forest Park,2026,7,18.61
1257,Lake Forest Park,2026,8,20.109
1257,Lake Forest Park,2026,9,18.835
1257,Lake Forest Park,2026,10,16.908
1257,Lake Forest Park,2026,11,21.514
1257,Lake Forest Park,2026,12,23.552
1258,"Lake Havasu City-Kingman, AZ",2020,1,15.392
1258,"Lake Havasu City-Kingman, AZ",2020,2,13.476
1258,"Lake Havasu City-Kingman, AZ",2020,3,11.573
1258,"Lake Havasu City-Kingman, AZ",2020,4,9.282
1258,"Lake Havasu City-Kingman, AZ",2020,5,8.118
1258,"Lake Havasu City-Kingman, AZ",2020,6,9.386
1258,"Lake Havasu City-Kingman, AZ",2020,7,10.383
1258,"Lake Havasu City-Kingman, AZ",2020,8,11.424
1258,"Lake Havasu City-Kingman, AZ",2020,9,9.8
1258,"Lake Havasu City-Kingman, AZ",2020,10,8.192
1258,"Lake Havasu City-Kingman, AZ",2020,11,11.102
1258,"Lake Havasu City-Kingman, AZ",2020,12,13.02
1259,Lake Jackson,2026,1,34.202
1259,Lake Jackson,2026,2,33.466
1259,Lake Jackson,2026,3,31.389
1259,Lake Jackson,2026,4,26.952
1259,Lake Jackson,2026,5,22.189
1259,Lake Jackson,2026,6,24.829
1259,Lake Jackson,2026,7,26.207
1259,Lake Jackson,2026,8,29.023
1259,Lake Jackson,2026,9,27.027
1259,Lake Jackson,2026,10,24.708
1259,Lake Jackson,2026,11,32.757
1259,Lake Jackson,2026,12,37.275
1260,Lakeland,2026,1,41.228
1260,Lakeland,2026,2,38.056
1260,Lakeland,2026,3,32.546
1260,Lakeland,2026,4,26.787
1260,Lakeland,2026,5,22.267
1260,Lakeland,2026,6,25.658
1260,Lakeland,2026,7,27.407
1260,Lakeland,2026,8,29.751
1260,Lakeland,2026,9,27.698
1260,Lakeland,2026,10,25.434
1260,Lakeland,2026,11,33.337
1260,Lakeland,2026,12,38.312
1261,"Lakeland-Winter Haven, FL",2013,1,39.734
1261,"Lakeland-Winter Haven, FL",2013,2,35.063
1261,"Lakeland-Winter Haven, FL",2013,3,30.23
1261,"Lakeland-Winter Haven, FL",2013,4,24.633
1261,"Lakeland-Winter Haven, FL",2013,5,20.983
1261,"Lakeland-Winter Haven, FL",2013,6,22.767
1261,"Lakeland-Winter Haven, FL",2013,7,24.581
1261,"Lakeland-Winter Haven, FL",2013,8,26.13
1261,"Lakeland-Winter Haven, FL",2013,9,24.288
1261,"Lakeland-Winter Haven, FL",2013,10,22.012
1261,"Lakeland-Winter Haven, FL",2013,11,28.997
1261,"Lakeland-Winter Haven, FL",2013,12,32.875
1262,Lakeport,2026,1,19.722
1262,Lakeport,2026,2,17.428
1262,Lakeport,2026,3,14.495
1262,Lakeport,2026,4,11.891
1262,Lakeport,2026,5,10.354
1262,Lakeport,2026,6,11.439
1262,Lakeport,2026,7,12.342
1262,Lakeport,2026,8,13.164
1262,Lakeport,2026,9,11.616
1262,Lakeport,2026,10,10.226
1262,Lakeport,2026,11,13.228
1262,Lakeport,2026,12,15.748
1263,Lakeview,2026,1,32.383
1263,Lakeview,2026,2,30.793
1263,Lakeview,2026,3,26.454
1263,Lakeview,2026,4,21.654
1263,Lakeview,2026,5,18.556
1263,Lakeview,2026,6,20.531
1263,Lakeview,2026,7,22.549
1263,Lakeview,2026,8,24.265
1263,Lakeview,2026,9,21.541
1263,Lakeview,2026,10,19.853
1263,Lakeview,2026,11,25.36
1263,Lakeview,2026,12,29.165
1264,Lakeville,2026,1,32.279
1264,Lakeville,2026,2,29.917
1264,Lakeville,2026,3,25.142
1264,Lakeville,2026,4,20.977
1264,Lakeville,2026,5,17.954
1264,Lakeville,2026,6,19.636
1264,Lakeville,2026,7,20.943
1264,Lakeville,2026,8,22.621
1264,Lakeville,2026,9,20.64
1264,Lakeville,2026,10,18.349
1264,Lakeville,2026,11,23.908
1264,Lakeville,2026,12,26.878
1265,Lakewood,2020,1,34.248
1265,Lakewood,2020,2,33.655
1265,Lakewood,2020,3,31.461
1265,Lakewood,2020,4,26.952
1265,Lakewood,2020,5,22.344
1265,Lakewood,2020,6,25.253
1265,Lakewood,2020,7,27.313
1265,Lakewood,2020,8,29.789
1265,Lakewood,2020,9,27.698
1265,Lakewood,2020,10,24.882
1265,Lakewood,2020,11,32.879
1265,Lakewood,2020,12,37.275
1266,Lakhimpur,2016,1,131.596
1266,Lakhimpur,2016,2,128.359
1266,Lakhimpur,2016,3,122.352
1266,Lakhimpur,2016,4,114.379
1266,Lakhimpur,2016,5,109.108
1266,Lakhimpur,2016,6,105.859
1266,Lakhimpur,2016,7,103.888
1266,Lakhimpur,2016,8,104.333
1266,Lakhimpur,2016,9,106.441
1266,Lakhimpur,2016,10,115.661
1266,Lakhimpur,2016,11,134.458
1266,Lakhimpur,2016,12,142.767
1269,Lamar,2026,1,29.759
1269,Lamar,2026,2,27.61
1269,Lamar,2026,3,22.981
1269,Lamar,2026,4,19.097
1269,Lamar,2026,5,16.372
1269,Lamar,2026,6,18.396
1269,Lamar,2026,7,19.59
1269,Lamar,2026,8,21.139
1269,Lamar,2026,9,19.329
1269,Lamar,2026,10,17.324
1269,Lamar,2026,11,22.857
1269,Lamar,2026,12,25.179
1270,Lancaster,2026,1,26.75
1270,Lancaster,2026,2,25.033
1270,Lancaster,2026,3,21.722
1270,Lancaster,2026,4,17.631
1270,Lancaster,2026,5,15.327
1270,Lancaster,2026,6,17.026
1270,Lancaster,2026,7,18.61
1270,Lancaster,2026,8,20.109
1270,Lancaster,2026,9,18.835
1270,Lancaster,2026,10,16.908
1270,Lancaster,2026,11,21.514
1270,Lancaster,2026,12,23.552
1271,"Lancaster, PA",2026,1,41.151
1271,"Lancaster, PA",2026,2,37.954
1271,"Lancaster, PA",2026,3,30.94
1271,"Lancaster, PA",2026,4,24.608
1271,"Lancaster, PA",2026,5,21.056
1271,"Lancaster, PA",2026,6,23.587
1271,"Lancaster, PA",2026,7,25.393
1271,"Lancaster, PA",2026,8,27.378
1271,"Lancaster, PA",2026,9,25.139
1271,"Lancaster, PA",2026,10,23.072
1271,"Lancaster, PA",2026,11,29.687
1271,"Lancaster, PA",2026,12,34.526
1272,Lander,2026,1,30.677
1272,Lander,2026,2,28.336
1272,Lander,2026,3,23.817
1272,Lander,2026,4,19.648
1272,Lander,2026,5,16.785
1272,Lander,2026,6,18.276
1272,Lander,2026,7,19.485
1272,Lander,2026,8,21.233
1272,Lander,2026,9,19.595
1272,Lander,2026,10,17.483
1272,Lander,2026,11,22.591
1272,Lander,2026,12,25.179
1273,Lansing,2026,1,48.356
1273,Lansing,2026,2,44.592
1273,Lansing,2026,3,37.203
1273,Lansing,2026,4,30.679
1273,Lansing,2026,5,25.76
1273,Lansing,2026,6,28.454
1273,Lansing,2026,7,30.836
1273,Lansing,2026,8,32.655
1273,Lansing,2026,9,30.06
1273,Lansing,2026,10,28.864
1273,Lansing,2026,11,36.019
1273,Lansing,2026,12,41.782
1275,Lantana,2026,1,56.934
1275,Lantana,2026,2,53.353
1275,Lantana,2026,3,47.628
1275,Lantana,2026,4,39.221
1275,Lantana,2026,5,35.33
1275,Lantana,2026,6,36.82
1275,Lantana,2026,7,38.509
1275,Lantana,2026,8,41.381
1275,Lantana,2026,9,37.832
1275,Lantana,2026,10,34.343
1275,Lantana,2026,11,40.83
1275,Lantana,2026,12,42.987
1276,Laramie,2026,1,14.613
1276,Laramie,2026,2,12.603
1276,Laramie,2026,3,10.286
1276,Laramie,2026,4,8.604
1276,Laramie,2026,5,7.38
1276,Laramie,2026,6,8.449
1276,Laramie,2026,7,9.115
1276,Laramie,2026,8,10.38
1276,Laramie,2026,9,9.078
1276,Laramie,2026,10,8.091
1276,Laramie,2026,11,10.896
1276,Laramie,2026,12,11.993
1277,"Laramie, WY",2026,1,41.151
1277,"Laramie, WY",2026,2,37.101
1277,"Laramie, WY",2026,3,30.881
1277,"Laramie, WY",2026,4,24.39
1277,"Laramie, WY",2026,5,20.855
1277,"Laramie, WY",2026,6,22.861
1277,"Laramie, WY",2026,7,24.448
1277,"Laramie, WY",2026,8,26.118
1277,"Laramie, WY",2026,9,24.428
1277,"Laramie, WY",2026,10,21.951
1277,"Laramie, WY",2026,11,28.806
1277,"Laramie, WY",2026,12,32.834
1278,Laredo,2026,1,49.063
1278,Laredo,2026,2,45.55
1278,Laredo,2026,3,38.668
1278,Laredo,2026,4,32.193
1278,Laredo,2026,5,28.244
1278,Laredo,2026,6,31.303
1278,Laredo,2026,7,33.767
1278,Laredo,2026,8,34.911
1278,Laredo,2026,9,32.486
1278,Laredo,2026,10,30.377
1278,Laredo,2026,11,38.45
1278,Laredo,2026,12,43.846
1279,Largo,2026,1,47.145
1279,Largo,2026,2,44.565
1279,Largo,2026,3,37.391
1279,Largo,2026,4,30.679
1279,Largo,2026,5,25.76
1279,Largo,2026,6,28.454
1279,Largo,2026,7,30.836
1279,Largo,2026,8,32.655
1279,Largo,2026,9,30.06
1279,Largo,2026,10,28.864
1279,Largo,2026,11,36.019
1279,Largo,2026,12,41.782
1280,Las Cruces,2026,1,37.173
1280,Las Cruces,2026,2,33.539
1280,Las Cruces,2026,3,28.808
1280,Las Cruces,2026,4,23.01
1280,Las Cruces,2026,5,20.225
1280,Las Cruces,2026,6,22.517
1280,Las Cruces,2026,7,24.371
1280,Las Cruces,2026,8,25.986
1280,Las Cruces,2026,9,23.224
1280,Las Cruces,2026,10,21.418
1280,Las Cruces,2026,11,26.854
1280,Las Cruces,2026,12,31.408
1281,"Las Cruces, NM",2025,6,45.793
1281,"Las Cruces, NM",2025,7,47.982
1281,"Las Cruces, NM",2025,8,48.885
1281,"Las Cruces, NM",2025,9,46.528
1281,"Las Cruces, NM",2025,10,42.941
1281,"Las Cruces, NM",2025,11,51.037
1281,"Las Cruces, NM",2025,12,53.983
1281,"Las Cruces, NM",2026,1,50.931
1281,"Las Cruces, NM",2026,2,46.578
1281,"Las Cruces, NM",2026,3,38.842
1281,"Las Cruces, NM",2026,4,31.617
1281,"Las Cruces, NM",2026,5,26.918
1282,Las Vegas,2026,1,33.147
1282,Las Vegas,2026,2,31.935
1282,Las Vegas,2026,3,27.702
1282,Las Vegas,2026,4,22.327
1282,Las Vegas,2026,5,19.983
1282,Las Vegas,2026,6,21.27
1282,Las Vegas,2026,7,23.332
1282,Las Vegas,2026,8,25.304
1282,Las Vegas,2026,9,22.844
1282,Las Vegas,2026,10,20.41
1282,Las Vegas,2026,11,26.149
1282,Las Vegas,2026,12,31.055
1283,"Las Vegas-Henderson-Paradise, NV",2026,1,23.343
1283,"Las Vegas-Henderson-Paradise, NV",2026,2,20.873
1283,"Las Vegas-Henderson-Paradise, NV",2026,3,17.138
1283,"Las Vegas-Henderson-Paradise, NV",2026,4,14.411
1283,"Las Vegas-Henderson-Paradise, NV",2026,5,12.457
1283,"Las Vegas-Henderson-Paradise, NV",2026,6,14.355
1283,"Las Vegas-Henderson-Paradise, NV",2026,7,15.182
1283,"Las Vegas-Henderson-Paradise, NV",2026,8,16.583
1283,"Las Vegas-Henderson-Paradise, NV",2026,9,14.543
1283,"Las Vegas-Henderson-Paradise, NV",2026,10,13.023
1283,"Las Vegas-Henderson-Paradise, NV",2026,11,18.095
1283,"Las Vegas-Henderson-Paradise, NV",2026,12,21.279
1284,Latur,2025,11,77.114
1284,Latur,2025,12,81.506
1284,Latur,2026,1,88.646
1284,Latur,2026,2,88.753
1284,Latur,2026,3,83.09
1284,Latur,2026,4,80.517
1284,Latur,2026,5,74.556
1284,Latur,2026,6,71.915
1284,Latur,2026,7,67.202
1284,Latur,2026,8,67.672
1284,Latur,2026,9,68.236
1284,Latur,2026,10,99.043
1285,Laurel,2016,1,52.42
1285,Laurel,2016,2,49.189
1285,Laurel,2016,3,41.67
1285,Laurel,2016,4,34.153
1285,Laurel,2016,5,30.299
1285,Laurel,2016,6,32.459
1285,Laurel,2016,7,34.467
1285,Laurel,2016,8,35.605
1285,Laurel,2016,9,33.366
1285,Laurel,2016,10,31.367
1285,Laurel,2016,11,38.992
1285,Laurel,2016,12,43.65
1286,Lava Beds National Monument,2026,1,9.792
1286,Lava Beds National Monument,2026,2,8.193
1286,Lava Beds National Monument,2026,3,7.351
1286,Lava Beds National Monument,2026,4,6.339
1286,Lava Beds National Monument,2026,5,5.119
1286,Lava Beds National Monument,2026,6,6.431
1286,Lava Beds National Monument,2026,7,6.491
1286,Lava Beds National Monument,2026,8,6.487
1286,Lava Beds National Monument,2026,9,4.231
1286,Lava Beds National Monument,2026,10,4.091
1286,Lava Beds National Monument,2026,11,7.503
1286,Lava Beds National Monument,2026,12,8.415
1288,Lawrence,2026,1,34.06
1288,Lawrence,2026,2,33.709
1288,Lawrence,2026,3,31.299
1288,Lawrence,2026,4,27.223
1288,Lawrence,2026,5,23.446
1288,Lawrence,2026,6,25.848
1288,Lawrence,2026,7,27.467
1288,Lawrence,2026,8,29.831
1288,Lawrence,2026,9,27.473
1288,Lawrence,2026,10,24.796
1288,Lawrence,2026,11,32.757
1288,Lawrence,2026,12,37.275
1289,Lawrence (Township of),2025,3,33.515
1289,Lawrence (Township of),2025,4,28.629
1289,Lawrence (Township of),2025,5,23.969
1289,Lawrence (Township of),2025,6,26.227
1289,Lawrence (Township of),2025,7,28.351
1289,Lawrence (Township of),2025,8,30.999
1289,Lawrence (Township of),2025,9,28.665
1289,Lawrence (Township of),2025,10,26.478
1289,Lawrence (Township of),2025,11,34.522
1289,Lawrence (Township of),2025,12,37.88
1289,Lawrence (Township of),2026,1,34.826
1289,Lawrence (Township of),2026,2,31.809
1291,Lawton,2026,1,37.173
1291,Lawton,2026,2,33.539
1291,Lawton,2026,3,28.828
1291,Lawton,2026,4,23.01
1291,Lawton,2026,5,20.337
1291,Lawton,2026,6,22.517
1291,Lawton,2026,7,24.459
1291,Lawton,2026,8,25.986
1291,Lawton,2026,9,23.312
1291,Lawton,2026,10,21.418
1291,Lawton,2026,11,27.329
1291,Lawton,2026,12,32.3
1292,"Lawton, OK",2026,1,13.776
1292,"Lawton, OK",2026,2,12.245
1292,"Lawton, OK",2026,3,10.061
1292,"Lawton, OK",2026,4,8.604
1292,"Lawton, OK",2026,5,7.458
1292,"Lawton, OK",2026,6,8.426
1292,"Lawton, OK",2026,7,9.115
1292,"Lawton, OK",2026,8,10.38
1292,"Lawton, OK",2026,9,9.032
1292,"Lawton, OK",2026,10,8.163
1292,"Lawton, OK",2026,11,10.764
1292,"Lawton, OK",2026,12,11.993
1293,Leander,2026,1,40.876
1293,Leander,2026,2,36.492
1293,Leander,2026,3,30.665
1293,Leander,2026,4,24.45
1293,Leander,2026,5,21.013
1293,Leander,2026,6,23.682
1293,Leander,2026,7,25.498
1293,Leander,2026,8,27.378
1293,Leander,2026,9,25.067
1293,Leander,2026,10,23.246
1293,Leander,2026,11,30.017
1293,Leander,2026,12,35.689
1294,Leavenworth,2026,1,34.248
1294,Leavenworth,2026,2,33.665
1294,Leavenworth,2026,3,31.444
1294,Leavenworth,2026,4,26.952
1294,Leavenworth,2026,5,22.385
1294,Leavenworth,2026,6,25.241
1294,Leavenworth,2026,7,27.407
1294,Leavenworth,2026,8,29.831
1294,Leavenworth,2026,9,27.698
1294,Leavenworth,2026,10,24.86
1294,Leavenworth,2026,11,32.831
1294,Leavenworth,2026,12,37.275
1295,Lebanon,2026,1,34.19
1295,Lebanon,2026,2,32.018
1295,Lebanon,2026,3,29.256
1295,Lebanon,2026,4,24.832
1295,Lebanon,2026,5,20.866
1295,Lebanon,2026,6,23.669
1295,Lebanon,2026,7,25.39
1295,Lebanon,2026,8,27.284
1295,Lebanon,2026,9,25.067
1295,Lebanon,2026,10,23.574
1295,Lebanon,2026,11,29.896
1295,Lebanon,2026,12,34.526
1296,"Lebanon, PA",2026,1,40.743
1296,"Lebanon, PA",2026,2,37.195
1296,"Lebanon, PA",2026,3,31.734
1296,"Lebanon, PA",2026,4,25.482
1296,"Lebanon, PA",2026,5,21.696
1296,"Lebanon, PA",2026,6,24.414
1296,"Lebanon, PA",2026,7,26.312
1296,"Lebanon, PA",2026,8,29.023
1296,"Lebanon, PA",2026,9,27.027
1296,"Lebanon, PA",2026,10,25.434
1296,"Lebanon, PA",2026,11,33.294
1296,"Lebanon, PA",2026,12,38.312
1297,Lebec,2026,1,12.393
1297,Lebec,2026,2,10.943
1297,Lebec,2026,3,9.107
1297,Lebec,2026,4,7.745
1297,Lebec,2026,5,6.607
1297,Lebec,2026,6,6.912
1297,Lebec,2026,7,6.491
1297,Lebec,2026,8,6.487
1297,Lebec,2026,9,4.231
1297,Lebec,2026,10,4.091
1297,Lebec,2026,11,7.503
1297,Lebec,2026,12,8.415
1298,Leeds,2026,1,41.151
1298,Leeds,2026,2,37.954
1298,Leeds,2026,3,31.003
1298,Leeds,2026,4,25.721
1298,Leeds,2026,5,22.006
1298,Leeds,2026,6,24.597
1298,Leeds,2026,7,26.207
1298,Leeds,2026,8,29.023
1298,Leeds,2026,9,27.159
1298,Leeds,2026,10,24.796
1298,Leeds,2026,11,32.757
1298,Leeds,2026,12,37.275
1299,Leggett,2026,1,34.815
1299,Leggett,2026,2,31.616
1299,Leggett,2026,3,28.177
1299,Leggett,2026,4,23.41
1299,Leggett,2026,5,20.389
1299,Leggett,2026,6,22.668
1299,Leggett,2026,7,24.448
1299,Leggett,2026,8,26.137
1299,Leggett,2026,9,24.539
1299,Leggett,2026,10,22.031
1299,Leggett,2026,11,28.903
1299,Leggett,2026,12,32.834
1300,Leilani Estates,2018,1,34.698
1300,Leilani Estates,2018,2,33.92
1300,Leilani Estates,2018,3,31.455
1300,Leilani Estates,2018,4,27.217
1300,Leilani Estates,2018,5,23.648
1300,Leilani Estates,2018,6,25.883
1300,Leilani Estates,2018,7,27.695
1300,Leilani Estates,2018,8,29.895
1300,Leilani Estates,2018,9,27.503
1300,Leilani Estates,2018,10,24.764
1300,Leilani Estates,2018,11,32.856
1300,Leilani Estates,2018,12,37.375
1301,Lemhi,2026,1,34.196
1301,Lemhi,2026,2,32.173
1301,Lemhi,2026,3,29.013
1301,Lemhi,2026,4,24.891
1301,Lemhi,2026,5,20.833
1301,Lemhi,2026,6,23.483
1301,Lemhi,2026,7,25.39
1301,Lemhi,2026,8,27.246
1301,Lemhi,2026,9,25.067
1301,Lemhi,2026,10,23.798
1301,Lemhi,2026,11,29.928
1301,Lemhi,2026,12,34.526
1302,Lemmon Valley-Golden Valley,2026,1,34.248
1302,Lemmon Valley-Golden Valley,2026,2,33.665
1302,Lemmon Valley-Golden Valley,2026,3,31.444
1302,Lemmon Valley-Golden Valley,2026,4,26.952
1302,Lemmon Valley-Golden Valley,2026,5,22.385
1302,Lemmon Valley-Golden Valley,2026,6,25.534
1302,Lemmon Valley-Golden Valley,2026,7,27.407
1302,Lemmon Valley-Golden Valley,2026,8,29.831
1302,Lemmon Valley-Golden Valley,2026,9,27.698
1302,Lemmon Valley-Golden Valley,2026,10,25.152
1302,Lemmon Valley-Golden Valley,2026,11,33.378
1302,Lemmon Valley-Golden Valley,2026,12,38.312
1303,Lemont,2026,1,34.06
1303,Lemont,2026,2,33.709
1303,Lemont,2026,3,31.346
1303,Lemont,2026,4,27.19
1303,Lemont,2026,5,23.524
1303,Lemont,2026,6,25.76
1303,Lemont,2026,7,27.467
1303,Lemont,2026,8,29.831
1303,Lemont,2026,9,27.473
1303,Lemont,2026,10,24.708
1303,Lemont,2026,11,32.757
1303,Lemont,2026,12,37.275
1305,Lenoir,2026,1,34.065
1305,Lenoir,2026,2,33.654
1305,Lenoir,2026,3,31.419
1305,Lenoir,2026,4,26.966
1305,Lenoir,2026,5,22.353
1305,Lenoir,2026,6,25.703
1305,Lenoir,2026,7,27.407
1305,Lenoir,2026,8,29.789
1305,Lenoir,2026,9,27.698
1305,Lenoir,2026,10,25.434
1305,Lenoir,2026,11,33.294
1305,Lenoir,2026,12,38.312
1306,Leo-Cedarville,2026,1,34.065
1306,Leo-Cedarville,2026,2,33.697
1306,Leo-Cedarville,2026,3,31.201
1306,Leo-Cedarville,2026,4,26.966
1306,Leo-Cedarville,2026,5,22.267
1306,Leo-Cedarville,2026,6,25.658
1306,Leo-Cedarville,2026,7,27.407
1306,Leo-Cedarville,2026,8,29.751
1306,Leo-Cedarville,2026,9,27.698
1306,Leo-Cedarville,2026,10,25.434
1306,Leo-Cedarville,2026,11,33.337
1306,Leo-Cedarville,2026,12,38.312
1307,Leon Valley,2026,1,49.202
1307,Leon Valley,2026,2,45.55
1307,Leon Valley,2026,3,38.668
1307,Leon Valley,2026,4,31.78
1307,Leon Valley,2026,5,27.079
1307,Leon Valley,2026,6,30.638
1307,Leon Valley,2026,7,32.91
1307,Leon Valley,2026,8,34.191
1307,Leon Valley,2026,9,32.225
1307,Leon Valley,2026,10,30.332
1307,Leon Valley,2026,11,38.45
1307,Leon Valley,2026,12,43.846
1308,Leonia,2026,1,34.06
1308,Leonia,2026,2,33.466
1308,Leonia,2026,3,31.389
1308,Leonia,2026,4,26.972
1308,Leonia,2026,5,22.559
1308,Leonia,2026,6,24.84
1308,Leonia,2026,7,26.207
1308,Leonia,2026,8,29.023
1308,Leonia,2026,9,27.027
1308,Leonia,2026,10,24.708
1308,Leonia,2026,11,32.757
1308,Leonia,2026,12,37.275
1309,Leslie (RR name Leslie-DeSoto),2025,1,33.887
1309,Leslie (RR name Leslie-DeSoto),2025,2,32.398
1309,Leslie (RR name Leslie-DeSoto),2025,3,28.923
1309,Leslie (RR name Leslie-DeSoto),2025,4,23.32
1309,Leslie (RR name Leslie-DeSoto),2025,5,20.204
1309,Leslie (RR name Leslie-DeSoto),2025,6,22.278
1309,Leslie (RR name Leslie-DeSoto),2025,7,24.371
1309,Leslie (RR name Leslie-DeSoto),2025,8,25.986
1309,Leslie (RR name Leslie-DeSoto),2025,9,23.224
1309,Leslie (RR name Leslie-DeSoto),2025,10,21.043
1309,Leslie (RR name Leslie-DeSoto),2025,11,26.854
1309,Leslie (RR name Leslie-DeSoto),2025,12,31.415
1310,Lewes,2026,1,34.06
1310,Lewes,2026,2,33.883
1310,Lewes,2026,3,31.299
1310,Lewes,2026,4,27.29
1310,Lewes,2026,5,23.629
1310,Lewes,2026,6,25.84
1310,Lewes,2026,7,27.467
1310,Lewes,2026,8,29.831
1310,Lewes,2026,9,27.25
1310,Lewes,2026,10,24.788
1310,Lewes,2026,11,32.767
1310,Lewes,2026,12,37.275
1311,Lewisport,2026,1,34.248
1311,Lewisport,2026,2,33.61
1311,Lewisport,2026,3,31.444
1311,Lewisport,2026,4,26.952
1311,Lewisport,2026,5,22.385
1311,Lewisport,2026,6,25.063
1311,Lewisport,2026,7,27.407
1311,Lewisport,2026,8,29.789
1311,Lewisport,2026,9,27.698
1311,Lewisport,2026,10,24.86
1311,Lewisport,2026,11,32.831
1311,Lewisport,2026,12,37.275
1312,Lewiston,2026,1,34.076
1312,Lewiston,2026,2,33.466
1312,Lewiston,2026,3,31.389
1312,Lewiston,2026,4,26.972
1312,Lewiston,2026,5,22.559
1312,Lewiston,2026,6,24.84
1312,Lewiston,2026,7,26.207
1312,Lewiston,2026,8,29.023
1312,Lewiston,2026,9,27.027
1312,Lewiston,2026,10,24.708
1312,Lewiston,2026,11,32.757
1312,Lewiston,2026,12,37.275
1313,"Lewiston, ID-WA",2026,1,19.76
1313,"Lewiston, ID-WA",2026,2,17.031
1313,"Lewiston, ID-WA",2026,3,14.363
1313,"Lewiston, ID-WA",2026,4,11.891
1313,"Lewiston, ID-WA",2026,5,10.006
1313,"Lewiston, ID-WA",2026,6,11.478
1313,"Lewiston, ID-WA",2026,7,12.342
1313,"Lewiston, ID-WA",2026,8,13.164
1313,"Lewiston, ID-WA",2026,9,11.57
1313,"Lewiston, ID-WA",2026,10,10.276
1313,"Lewiston, ID-WA",2026,11,13.182
1313,"Lewiston, ID-WA",2026,12,15.748
1314,"Lewiston-Auburn, ME",2026,1,34.06
1314,"Lewiston-Auburn, ME",2026,2,33.709
1314,"Lewiston-Auburn, ME",2026,3,31.302
1314,"Lewiston-Auburn, ME",2026,4,27.19
1314,"Lewiston-Auburn, ME",2026,5,23.48
1314,"Lewiston-Auburn, ME",2026,6,25.848
1314,"Lewiston-Auburn, ME",2026,7,27.467
1314,"Lewiston-Auburn, ME",2026,8,29.831
1314,"Lewiston-Auburn, ME",2026,9,27.473
1314,"Lewiston-Auburn, ME",2026,10,24.796
1314,"Lewiston-Auburn, ME",2026,11,32.757
1314,"Lewiston-Auburn, ME",2026,12,37.275
1315,Lexington,2026,1,46.719
1315,Lexington,2026,2,42.706
1315,Lexington,2026,3,35.715
1315,Lexington,2026,4,29.448
1315,Lexington,2026,5,25.672
1315,Lexington,2026,6,27.669
1315,Lexington,2026,7,30.054
1315,Lexington,2026,8,32.693
1315,Lexington,2026,9,29.896
1315,Lexington,2026,10,26.455
1315,Lexington,2026,11,34.725
1315,Lexington,2026,12,37.88
1316,Lexington-Fayette (corporate name for Lexington),2026,1,37.173
1316,Lexington-Fayette (corporate name for Lexington),2026,2,33.539
1316,Lexington-Fayette (corporate name for Lexington),2026,3,28.828
1316,Lexington-Fayette (corporate name for Lexington),2026,4,23.01
1316,Lexington-Fayette (corporate name for Lexington),2026,5,20.292
1316,Lexington-Fayette (corporate name for Lexington),2026,6,22.517
1316,Lexington-Fayette (corporate name for Lexington),2026,7,24.371
1316,Lexington-Fayette (corporate name for Lexington),2026,8,25.986
1316,Lexington-Fayette (corporate name for Lexington),2026,9,23.224
1316,Lexington-Fayette (corporate name for Lexington),2026,10,21.418
1316,Lexington-Fayette (corporate name for Lexington),2026,11,27.15
1316,Lexington-Fayette (corporate name for Lexington),2026,12,32.3
1318,Libby,2026,1,49.69
1318,Libby,2026,2,45.55
1318,Libby,2026,3,38.361
1318,Libby,2026,4,31.708
1318,Libby,2026,5,26.946
1318,Libby,2026,6,29.874
1318,Libby,2026,7,31.966
1318,Libby,2026,8,33.432
1318,Libby,2026,9,31.343
1318,Libby,2026,10,29.041
1318,Libby,2026,11,37.568
1318,Libby,2026,12,43.072
1319,Liberty,2026,1,34.202
1319,Liberty,2026,2,33.466
1319,Liberty,2026,3,31.461
1319,Liberty,2026,4,26.952
1319,Liberty,2026,5,22.302
1319,Liberty,2026,6,24.829
1319,Liberty,2026,7,26.098
1319,Liberty,2026,8,29.023
1319,Liberty,2026,9,27.027
1319,Liberty,2026,10,24.708
1319,Liberty,2026,11,32.879
1319,Liberty,2026,12,37.275
1321,Lima,2026,1,93.127
1321,Lima,2026,2,88.883
1321,Lima,2026,3,79.511
1321,Lima,2026,4,72.281
1321,Lima,2026,5,68.806
1321,Lima,2026,6,73.781
1321,Lima,2026,7,76.362
1321,Lima,2026,8,81.727
1321,Lima,2026,9,79.835
1321,Lima,2026,10,81.356
1321,Lima,2026,11,94.831
1321,Lima,2026,12,107.121
1322,Lima,2026,1,44.622
1322,Lima,2026,2,41.91
1322,Lima,2026,3,34.99
1322,Lima,2026,4,29.269
1322,Lima,2026,5,26.341
1322,Lima,2026,6,29.552
1322,Lima,2026,7,31.878
1322,Lima,2026,8,33.432
1322,Lima,2026,9,31.254
1322,Lima,2026,10,29.041
1322,Lima,2026,11,37.568
1322,Lima,2026,12,43.072
1323,Lincoln,2026,1,35.077
1323,Lincoln,2026,2,31.864
1323,Lincoln,2026,3,26.542
1323,Lincoln,2026,4,21.697
1323,Lincoln,2026,5,18.835
1323,Lincoln,2026,6,20.613
1323,Lincoln,2026,7,22.444
1323,Lincoln,2026,8,24.359
1323,Lincoln,2026,9,21.808
1323,Lincoln,2026,10,19.449
1323,Lincoln,2026,11,25.136
1323,Lincoln,2026,12,29.165
1324,"Lincoln, NE",2026,1,34.248
1324,"Lincoln, NE",2026,2,33.466
1324,"Lincoln, NE",2026,3,31.461
1324,"Lincoln, NE",2026,4,26.952
1324,"Lincoln, NE",2026,5,22.302
1324,"Lincoln, NE",2026,6,24.829
1324,"Lincoln, NE",2026,7,26.098
1324,"Lincoln, NE",2026,8,29.023
1324,"Lincoln, NE",2026,9,27.027
1324,"Lincoln, NE",2026,10,24.708
1324,"Lincoln, NE",2026,11,32.879
1324,"Lincoln, NE",2026,12,37.275
1325,Lincolnton,2026,1,34.248
1325,Lincolnton,2026,2,33.655
1325,Lincolnton,2026,3,31.461
1325,Lincolnton,2026,4,26.952
1325,Lincolnton,2026,5,22.302
1325,Lincolnton,2026,6,25.253
1325,Lincolnton,2026,7,27.407
1325,Lincolnton,2026,8,29.831
1325,Lincolnton,2026,9,27.698
1325,Lincolnton,2026,10,24.893
1325,Lincolnton,2026,11,32.879
1325,Lincolnton,2026,12,37.275
1326,Lindon,2026,1,33.868
1326,Lindon,2026,2,30.497
1326,Lindon,2026,3,26.78
1326,Lindon,2026,4,21.714
1326,Lindon,2026,5,18.696
1326,Lindon,2026,6,20.636
1326,Lindon,2026,7,22.406
1326,Lindon,2026,8,24.377
1326,Lindon,2026,9,21.847
1326,Lindon,2026,10,19.472
1326,Lindon,2026,11,25.145
1326,Lindon,2026,12,29.165
1327,Lisbon,2026,1,45.775
1327,Lisbon,2026,2,43.43
1327,Lisbon,2026,3,36.621
1327,Lisbon,2026,4,32.267
1327,Lisbon,2026,5,30.101
1327,Lisbon,2026,6,33.805
1327,Lisbon,2026,7,35.178
1327,Lisbon,2026,8,37.978
1327,Lisbon,2026,9,35.858
1327,Lisbon,2026,10,34.25
1327,Lisbon,2026,11,39.978
1327,Lisbon,2026,12,42.534
1328,Lisle,2026,1,34.06
1328,Lisle,2026,2,33.709
1328,Lisle,2026,3,31.346
1328,Lisle,2026,4,26.972
1328,Lisle,2026,5,22.862
1328,Lisle,2026,6,24.84
1328,Lisle,2026,7,26.207
1328,Lisle,2026,8,29.023
1328,Lisle,2026,9,27.133
1328,Lisle,2026,10,24.708
1328,Lisle,2026,11,32.757
1328,Lisle,2026,12,37.275
1329,Little Rock,2026,1,51.469
1329,Little Rock,2026,2,47.893
1329,Little Rock,2026,3,40.314
1329,Little Rock,2026,4,33.283
1329,Little Rock,2026,5,29.194
1329,Little Rock,2026,6,32.26
1329,Little Rock,2026,7,34.613
1329,Little Rock,2026,8,35.232
1329,Little Rock,2026,9,33.35
1329,Little Rock,2026,10,31.762
1329,Little Rock,2026,11,38.894
1329,Little Rock,2026,12,43.578
1330,Littleton,2026,1,26.235
1330,Littleton,2026,2,24.712
1330,Littleton,2026,3,21.127
1330,Littleton,2026,4,17.564
1330,Littleton,2026,5,15.234
1330,Littleton,2026,6,17.177
1330,Littleton,2026,7,18.715
1330,Littleton,2026,8,20.015
1330,Littleton,2026,9,18.789
1330,Littleton,2026,10,17.105
1330,Littleton,2026,11,22.706
1330,Littleton,2026,12,25.179
1331,Live Oak,2026,1,27.691
1331,Live Oak,2026,2,25.041
1331,Live Oak,2026,3,21.597
1331,Live Oak,2026,4,17.61
1331,Live Oak,2026,5,15.088
1331,Live Oak,2026,6,17.015
1331,Live Oak,2026,7,18.61
1331,Live Oak,2026,8,20.109
1331,Live Oak,2026,9,18.789
1331,Live Oak,2026,10,16.908
1331,Live Oak,2026,11,21.514
1331,Live Oak,2026,12,23.552
1332,Livermore,2025,1,29.759
1332,Livermore,2025,2,27.131
1332,Livermore,2025,3,23.006
1332,Livermore,2025,4,19.76
1332,Livermore,2025,5,16.56
1332,Livermore,2025,6,18.699
1332,Livermore,2025,7,19.496
1332,Livermore,2025,8,21.139
1332,Livermore,2025,9,19.329
1332,Livermore,2025,10,17.68
1332,Livermore,2025,11,22.825
1332,Livermore,2025,12,25.179
1333,Livonia,2020,1,42.985
1333,Livonia,2020,2,39.712
1333,Livonia,2020,3,33.902
1333,Livonia,2020,4,28.428
1333,Livonia,2020,5,24.381
1333,Livonia,2020,6,26.897
1333,Livonia,2020,7,29.086
1333,Livonia,2020,8,31.555
1333,Livonia,2020,9,29.358
1333,Livonia,2020,10,27.699
1333,Livonia,2020,11,35.299
1333,Livonia,2020,12,40.539
1335,Lochearn,2026,1,34.248
1335,Lochearn,2026,2,33.654
1335,Lochearn,2026,3,31.452
1335,Lochearn,2026,4,26.966
1335,Lochearn,2026,5,22.588
1335,Lochearn,2026,6,25.824
1335,Lochearn,2026,7,27.407
1335,Lochearn,2026,8,29.831
1335,Lochearn,2026,9,27.698
1335,Lochearn,2026,10,25.434
1335,Lochearn,2026,11,33.305
1335,Lochearn,2026,12,38.312
1336,Lockland,2018,1,36.8
1336,Lockland,2018,2,32.834
1336,Lockland,2018,3,27.857
1336,Lockland,2018,4,22.333
1336,Lockland,2018,5,19.909
1336,Lockland,2018,6,22.017
1336,Lockland,2018,7,24.204
1336,Lockland,2018,8,26.131
1336,Lockland,2018,9,24.289
1336,Lockland,2018,10,22.452
1336,Lockland,2018,11,29.275
1336,Lockland,2018,12,33.927
1337,Logan,2016,1,41.682
1337,Logan,2016,2,38.019
1337,Logan,2016,3,32.635
1337,Logan,2016,4,26.814
1337,Logan,2016,5,22.346
1337,Logan,2016,6,25.587
1337,Logan,2016,7,27.348
1337,Logan,2016,8,29.858
1337,Logan,2016,9,27.666
1337,Logan,2016,10,25.49
1337,Logan,2016,11,33.436
1337,Logan,2016,12,38.387
1338,Lompoc,2026,1,37.836
1338,Lompoc,2026,2,33.538
1338,Lompoc,2026,3,29.187
1338,Lompoc,2026,4,25.083
1338,Lompoc,2026,5,21.925
1338,Lompoc,2026,6,24.127
1338,Lompoc,2026,7,26.13
1338,Lompoc,2026,8,28.916
1338,Lompoc,2026,9,26.298
1338,Lompoc,2026,10,25.071
1338,Lompoc,2026,11,32.482
1338,Lompoc,2026,12,37.507
1339,London,2026,1,47.157
1339,London,2026,2,45.391
1339,London,2026,3,38.789
1339,London,2026,4,32.968
1339,London,2026,5,27.985
1339,London,2026,6,29.706
1339,London,2026,7,30.711
1339,London,2026,8,30.933
1339,London,2026,9,27.387
1339,London,2026,10,24.77
1339,London,2026,11,33.057
1339,London,2026,12,38.679
1340,Londonderry,2026,1,30.192
1340,Londonderry,2026,2,28.336
1340,Londonderry,2026,3,23.817
1340,Londonderry,2026,4,19.648
1340,Londonderry,2026,5,16.785
1340,Londonderry,2026,6,18.37
1340,Londonderry,2026,7,19.485
1340,Londonderry,2026,8,21.233
1340,Londonderry,2026,9,19.595
1340,Londonderry,2026,10,17.483
1340,Londonderry,2026,11,22.591
1340,Londonderry,2026,12,25.179
1341,Lone Pine,2026,1,30.423
1341,Lone Pine,2026,2,28.123
1341,Lone Pine,2026,3,24.095
1341,Lone Pine,2026,4,20.088
1341,Lone Pine,2026,5,17.579
1341,Lone Pine,2026,6,19.805
1341,Lone Pine,2026,7,21.047
1341,Lone Pine,2026,8,23.149
1341,Lone Pine,2026,9,20.946
1341,Lone Pine,2026,10,18.775
1341,Lone Pine,2026,11,24.143
1341,Lone Pine,2026,12,27.917
1342,Long Beach,2026,1,54.399
1342,Long Beach,2026,2,51.542
1342,Long Beach,2026,3,44.701
1342,Long Beach,2026,4,36.542
1342,Long Beach,2026,5,31.783
1342,Long Beach,2026,6,33.866
1342,Long Beach,2026,7,35.348
1342,Long Beach,2026,8,37.684
1342,Long Beach,2026,9,35.929
1342,Long Beach,2026,10,33.187
1342,Long Beach,2026,11,40.482
1342,Long Beach,2026,12,45.23
1343,Longmont,2026,1,36.998
1343,Longmont,2026,2,32.736
1343,Longmont,2026,3,27.542
1343,Longmont,2026,4,22.327
1343,Longmont,2026,5,19.983
1343,Longmont,2026,6,21.27
1343,Longmont,2026,7,23.332
1343,Longmont,2026,8,25.304
1343,Longmont,2026,9,22.771
1343,Longmont,2026,10,20.41
1343,Longmont,2026,11,26.149
1343,Longmont,2026,12,31.055
1344,Longview,2026,1,56.788
1344,Longview,2026,2,53.328
1344,Longview,2026,3,47.845
1344,Longview,2026,4,39.243
1344,Longview,2026,5,33.798
1344,Longview,2026,6,34.375
1344,Longview,2026,7,35.562
1344,Longview,2026,8,36.85
1344,Longview,2026,9,35.068
1344,Longview,2026,10,33.455
1344,Longview,2026,11,40.325
1344,Longview,2026,12,45.23
1346,Loretto,2026,1,35.143
1346,Loretto,2026,2,32.094
1346,Loretto,2026,3,27.784
1346,Loretto,2026,4,22.306
1346,Loretto,2026,5,19.781
1346,Loretto,2026,6,21.711
1346,Loretto,2026,7,23.437
1346,Loretto,2026,8,25.21
1346,Loretto,2026,9,22.771
1346,Loretto,2026,10,21.021
1346,Loretto,2026,11,26.773
1346,Loretto,2026,12,31.408
1347,"Los Alamos, NM",2026,1,12.466
1347,"Los Alamos, NM",2026,2,11.032
1347,"Los Alamos, NM",2026,3,9.409
1347,"Los Alamos, NM",2026,4,7.845
1347,"Los Alamos, NM",2026,5,6.778
1347,"Los Alamos, NM",2026,6,6.609
1347,"Los Alamos, NM",2026,7,6.386
1347,"Los Alamos, NM",2026,8,6.487
1347,"Los Alamos, NM",2026,9,4.231
1347,"Los Alamos, NM",2026,10,3.963
1347,"Los Alamos, NM",2026,11,7.431
1347,"Los Alamos, NM",2026,12,8.415
1348,Los Angeles,2026,1,55.589
1348,Los Angeles,2026,2,52.373
1348,Los Angeles,2026,3,46.201
1348,Los Angeles,2026,4,37.867
1348,Los Angeles,2026,5,32.117
1348,Los Angeles,2026,6,34.625
1348,Los Angeles,2026,7,35.642
1348,Los Angeles,2026,8,36.85
1348,Los Angeles,2026,9,35.156
1348,Los Angeles,2026,10,33.38
1348,Los Angeles,2026,11,40.325
1348,Los Angeles,2026,12,45.23
1349,"Los Angeles-Long Beach-Anaheim, CA",2020,1,18.067
1349,"Los Angeles-Long Beach-Anaheim, CA",2020,2,15.91
1349,"Los Angeles-Long Beach-Anaheim, CA",2020,3,13.377
1349,"Los Angeles-Long Beach-Anaheim, CA",2020,4,10.996
1349,"Los Angeles-Long Beach-Anaheim, CA",2020,5,9.239
1349,"Los Angeles-Long Beach-Anaheim, CA",2020,6,10.479
1349,"Los Angeles-Long Beach-Anaheim, CA",2020,7,11.509
1349,"Los Angeles-Long Beach-Anaheim, CA",2020,8,12.325
1349,"Los Angeles-Long Beach-Anaheim, CA",2020,9,10.524
1349,"Los Angeles-Long Beach-Anaheim, CA",2020,10,9.198
1349,"Los Angeles-Long Beach-Anaheim, CA",2020,11,12.369
1349,"Los Angeles-Long Beach-Anaheim, CA",2020,12,14.013
1350,Los Gatos,2025,1,34.065
1350,Los Gatos,2025,2,33.697
1350,Los Gatos,2025,3,31.201
1350,Los Gatos,2025,4,27.01
1350,Los Gatos,2025,5,22.889
1350,Los Gatos,2025,6,25.862
1350,Los Gatos,2025,7,27.313
1350,Los Gatos,2025,8,29.789
1350,Los Gatos,2025,9,27.698
1350,Los Gatos,2025,10,25.434
1350,Los Gatos,2025,11,33.337
1350,Los Gatos,2025,12,38.312
1351,Los Padres National Forest,2026,1,34.065
1351,Los Padres National Forest,2026,2,33.697
1351,Los Padres National Forest,2026,3,31.181
1351,Los Padres National Forest,2026,4,27.157
1351,Los Padres National Forest,2026,5,22.777
1351,Los Padres National Forest,2026,6,25.862
1351,Los Padres National Forest,2026,7,27.225
1351,Los Padres National Forest,2026,8,29.751
1351,Los Padres National Forest,2026,9,27.61
1351,Los Padres National Forest,2026,10,25.434
1351,Los Padres National Forest,2026,11,33.337
1351,Los Padres National Forest,2026,12,38.312
1352,Lote,2015,6,155.989
1352,Lote,2015,7,150.938
1352,Lote,2015,8,148.262
1352,Lote,2015,9,144.049
1352,Lote,2015,10,145.734
1352,Lote,2015,11,151.091
1352,Lote,2015,12,153.131
1352,Lote,2016,1,151.779
1352,Lote,2016,2,142.884
1352,Lote,2016,3,137.529
1352,Lote,2016,4,132.303
1352,Lote,2016,5,126.529
1353,Loudon,2026,1,34.012
1353,Loudon,2026,2,32.316
1353,Loudon,2026,3,29.183
1353,Loudon,2026,4,24.911
1353,Loudon,2026,5,20.721
1353,Loudon,2026,6,23.244
1353,Loudon,2026,7,25.208
1353,Loudon,2026,8,27.246
1353,Loudon,2026,9,24.978
1353,Loudon,2026,10,23.065
1353,Loudon,2026,11,29.365
1353,Loudon,2026,12,34.532
1354,Louisville,2026,1,40.448
1354,Louisville,2026,2,36.945
1354,Louisville,2026,3,30.651
1354,Louisville,2026,4,24.721
1354,Louisville,2026,5,21.056
1354,Louisville,2026,6,23.582
1354,Louisville,2026,7,25.393
1354,Louisville,2026,8,27.378
1354,Louisville,2026,9,25.139
1354,Louisville,2026,10,23.16
1354,Louisville,2026,11,29.687
1354,Louisville,2026,12,34.526
1355,"Louisville/Jefferson County, KY-IN",2026,1,38.367
1355,"Louisville/Jefferson County, KY-IN",2026,2,35.163
1355,"Louisville/Jefferson County, KY-IN",2026,3,30.361
1355,"Louisville/Jefferson County, KY-IN",2026,4,24.602
1355,"Louisville/Jefferson County, KY-IN",2026,5,21.134
1355,"Louisville/Jefferson County, KY-IN",2026,6,23.494
1355,"Louisville/Jefferson County, KY-IN",2026,7,25.393
1355,"Louisville/Jefferson County, KY-IN",2026,8,27.378
1355,"Louisville/Jefferson County, KY-IN",2026,9,25.112
1355,"Louisville/Jefferson County, KY-IN",2026,10,23.072
1355,"Louisville/Jefferson County, KY-IN",2026,11,29.687
1355,"Louisville/Jefferson County, KY-IN",2026,12,34.526
1356,Loves Park,2026,1,34.248
1356,Loves Park,2026,2,33.665
1356,Loves Park,2026,3,31.444
1356,Loves Park,2026,4,26.952
1356,Loves Park,2026,5,22.385
1356,Loves Park,2026,6,25.468
1356,Loves Park,2026,7,27.407
1356,Loves Park,2026,8,29.789
1356,Loves Park,2026,9,27.698
1356,Loves Park,2026,10,25.21
1356,Loves Park,2026,11,33.305
1356,Loves Park,2026,12,38.312
1357,Lowell,2012,1,34.727
1357,Lowell,2012,2,33.845
1357,Lowell,2012,3,31.596
1357,Lowell,2012,4,26.983
1357,Lowell,2012,5,22.472
1357,Lowell,2012,6,24.893
1357,Lowell,2012,7,26.341
1357,Lowell,2012,8,28.892
1357,Lowell,2012,9,26.4
1357,Lowell,2012,10,23.935
1357,Lowell,2012,11,31.432
1357,Lowell,2012,12,36.382
1358,Lower Grand Lagoon,2026,1,44.906
1358,Lower Grand Lagoon,2026,2,41.529
1358,Lower Grand Lagoon,2026,3,35.468
1358,Lower Grand Lagoon,2026,4,30.103
1358,Lower Grand Lagoon,2026,5,26.085
1358,Lower Grand Lagoon,2026,6,29.947
1358,Lower Grand Lagoon,2026,7,31.878
1358,Lower Grand Lagoon,2026,8,33.406
1358,Lower Grand Lagoon,2026,9,31.254
1358,Lower Grand Lagoon,2026,10,29.453
1358,Lower Grand Lagoon,2026,11,37.568
1358,Lower Grand Lagoon,2026,12,43.072
1359,Luanda,2026,1,82.545
1359,Luanda,2026,2,77.098
1359,Luanda,2026,3,69.186
1359,Luanda,2026,4,64.163
1359,Luanda,2026,5,59.396
1359,Luanda,2026,6,62.11
1359,Luanda,2026,7,65.348
1359,Luanda,2026,8,68.705
1359,Luanda,2026,9,65.661
1359,Luanda,2026,10,64.128
1359,Luanda,2026,11,73.878
1359,Luanda,2026,12,82.934
1360,Lubbock,2026,1,31.301
1360,Lubbock,2026,2,29.223
1360,Lubbock,2026,3,25.507
1360,Lubbock,2026,4,20.957
1360,Lubbock,2026,5,17.666
1360,Lubbock,2026,6,19.787
1360,Lubbock,2026,7,21.047
1360,Lubbock,2026,8,23.243
1360,Lubbock,2026,9,21.141
1360,Lubbock,2026,10,19.29
1360,Lubbock,2026,11,25.438
1360,Lubbock,2026,12,29.165
1361,Lucerne Valley,2026,1,47.803
1361,Lucerne Valley,2026,2,44.008
1361,Lucerne Valley,2026,3,37.338
1361,Lucerne Valley,2026,4,30.611
1361,Lucerne Valley,2026,5,26.393
1361,Lucerne Valley,2026,6,28.724
1361,Lucerne Valley,2026,7,31.347
1361,Lucerne Valley,2026,8,33.505
1361,Lucerne Valley,2026,9,31.072
1361,Lucerne Valley,2026,10,28.489
1361,Lucerne Valley,2026,11,37.266
1361,Lucerne Valley,2026,12,43.072
1362,Lucknow,2025,11,140.604
1362,Lucknow,2025,12,133.428
1362,Lucknow,2026,1,132.63
1362,Lucknow,2026,2,121.347
1362,Lucknow,2026,3,111.023
1362,Lucknow,2026,4,105.958
1362,Lucknow,2026,5,99.332
1362,Lucknow,2026,6,87.509
1362,Lucknow,2026,7,76.884
1362,Lucknow,2026,8,75.764
1362,Lucknow,2026,9,72.63
1362,Lucknow,2026,10,91.583
1363,Ludhiana,2025,11,152.68
1363,Ludhiana,2025,12,143.699
1363,Ludhiana,2026,1,143.495
1363,Ludhiana,2026,2,133.094
1363,Ludhiana,2026,3,125.06
1363,Ludhiana,2026,4,118.906
1363,Ludhiana,2026,5,107.173
1363,Ludhiana,2026,6,95.644
1363,Ludhiana,2026,7,79.707
1363,Ludhiana,2026,8,77.25
1363,Ludhiana,2026,9,76.577
1363,Ludhiana,2026,10,94.825
1364,"Lumberton, NC",2015,1,44.604
1364,"Lumberton, NC",2015,2,41.38
1364,"Lumberton, NC",2015,3,35.218
1364,"Lumberton, NC",2015,4,29.707
1364,"Lumberton, NC",2015,5,25.586
1364,"Lumberton, NC",2015,6,27.88
1364,"Lumberton, NC",2015,7,30.24
1364,"Lumberton, NC",2015,8,32.8
1364,"Lumberton, NC",2015,9,29.979
1364,"Lumberton, NC",2015,10,26.599
1364,"Lumberton, NC",2015,11,34.825
1364,"Lumberton, NC",2015,12,37.956
1365,Luna Pier,2014,1,46.964
1365,Luna Pier,2014,2,42.363
1365,Luna Pier,2014,3,35.832
1365,Luna Pier,2014,4,29.428
1365,Luna Pier,2014,5,25.308
1365,Luna Pier,2014,6,27.992
1365,Luna Pier,2014,7,30.24
1365,Luna Pier,2014,8,32.821
1365,Luna Pier,2014,9,30.225
1365,Luna Pier,2014,10,27.933
1365,Luna Pier,2014,11,36.162
1365,Luna Pier,2014,12,41.875
1367,Lynchburg,2026,1,32.265
1367,Lynchburg,2026,2,30.708
1367,Lynchburg,2026,3,26.236
1367,Lynchburg,2026,4,21.698
1367,Lynchburg,2026,5,18.556
1367,Lynchburg,2026,6,20.485
1367,Lynchburg,2026,7,22.549
1367,Lynchburg,2026,8,24.246
1367,Lynchburg,2026,9,21.541
1367,Lynchburg,2026,10,19.853
1367,Lynchburg,2026,11,25.224
1367,Lynchburg,2026,12,29.165
1368,Lynn,2026,1,32.076
1368,Lynn,2026,2,30.903
1368,Lynn,2026,3,26.406
1368,Lynn,2026,4,21.759
1368,Lynn,2026,5,18.444
1368,Lynn,2026,6,20.485
1368,Lynn,2026,7,22.367
1368,Lynn,2026,8,24.246
1368,Lynn,2026,9,21.453
1368,Lynn,2026,10,19.784
1368,Lynn,2026,11,24.928
1368,Lynn,2026,12,28.239
1371,Lyon,2026,1,54.782
1371,Lyon,2026,2,51.743
1371,Lyon,2026,3,45.174
1371,Lyon,2026,4,38.569
1371,Lyon,2026,5,35.361
1371,Lyon,2026,6,38.479
1371,Lyon,2026,7,41.793
1371,Lyon,2026,8,44.008
1371,Lyon,2026,9,41.187
1371,Lyon,2026,10,38.85
1371,Lyon,2026,11,48.377
1371,Lyon,2026,12,55.22
1372,Lyons,2025,1,28.915
1372,Lyons,2025,2,26.391
1372,Lyons,2025,3,22.453
1372,Lyons,2025,4,18.825
1372,Lyons,2025,5,15.753
1372,Lyons,2025,6,17.071
1372,Lyons,2025,7,18.627
1372,Lyons,2025,8,20.09
1372,Lyons,2025,9,18.701
1372,Lyons,2025,10,16.72
1372,Lyons,2025,11,21.466
1372,Lyons,2025,12,23.559
1373,Macon,2026,1,47.469
1373,Macon,2026,2,44.087
1373,Macon,2026,3,37.247
1373,Macon,2026,4,30.577
1373,Macon,2026,5,26.11
1373,Macon,2026,6,29.598
1373,Macon,2026,7,32.008
1373,Macon,2026,8,34.29
1373,Macon,2026,9,32.313
1373,Macon,2026,10,30.281
1373,Macon,2026,11,38.352
1373,Macon,2026,12,43.846
1375,Madawaska (census name for Madawaska Center),2026,1,33.094
1375,Madawaska (census name for Madawaska Center),2026,2,32.645
1375,Madawaska (census name for Madawaska Center),2026,3,28.753
1375,Madawaska (census name for Madawaska Center),2026,4,23.3
1375,Madawaska (census name for Madawaska Center),2026,5,20.337
1375,Madawaska (census name for Madawaska Center),2026,6,22.517
1375,Madawaska (census name for Madawaska Center),2026,7,24.552
1375,Madawaska (census name for Madawaska Center),2026,8,25.986
1375,Madawaska (census name for Madawaska Center),2026,9,23.312
1375,Madawaska (census name for Madawaska Center),2026,10,21.418
1375,Madawaska (census name for Madawaska Center),2026,11,27.329
1375,Madawaska (census name for Madawaska Center),2026,12,32.3
1376,Madera,2026,1,42.425
1376,Madera,2026,2,38.51
1376,Madera,2026,3,32.06
1376,Madera,2026,4,26.699
1376,Madera,2026,5,22.559
1376,Madera,2026,6,24.829
1376,Madera,2026,7,26.207
1376,Madera,2026,8,29.023
1376,Madera,2026,9,27.027
1376,Madera,2026,10,24.708
1376,Madera,2026,11,32.757
1376,Madera,2026,12,37.275
1379,Madikeri,2025,11,40.44
1379,Madikeri,2025,12,44.258
1379,Madikeri,2026,1,51.895
1379,Madikeri,2026,2,57.086
1379,Madikeri,2026,3,55.704
1379,Madikeri,2026,4,54.367
1379,Madikeri,2026,5,53.852
1379,Madikeri,2026,6,49.477
1379,Madikeri,2026,7,43.721
1379,Madikeri,2026,8,45.599
1379,Madikeri,2026,9,49.273
1379,Madikeri,2026,10,69.882
1380,Madison,2026,1,31.301
1380,Madison,2026,2,28.914
1380,Madison,2026,3,23.984
1380,Madison,2026,4,19.628
1380,Madison,2026,5,16.601
1380,Madison,2026,6,18.681
1380,Madison,2026,7,19.59
1380,Madison,2026,8,21.139
1380,Madison,2026,9,19.329
1380,Madison,2026,10,17.896
1380,Madison,2026,11,22.892
1380,Madison,2026,12,25.179
1381,Madison (Town of),2026,1,33.823
1381,Madison (Town of),2026,2,32.398
1381,Madison (Town of),2026,3,28.923
1381,Madison (Town of),2026,4,23.55
1381,Madison (Town of),2026,5,20.225
1381,Madison (Town of),2026,6,22.316
1381,Madison (Town of),2026,7,24.371
1381,Madison (Town of),2026,8,25.986
1381,Madison (Town of),2026,9,23.224
1381,Madison (Town of),2026,10,21.349
1381,Madison (Town of),2026,11,26.854
1381,Madison (Town of),2026,12,31.415
1382,"Madison, WI",2026,1,34.06
1382,"Madison, WI",2026,2,33.709
1382,"Madison, WI",2026,3,31.302
1382,"Madison, WI",2026,4,27.19
1382,"Madison, WI",2026,5,23.48
1382,"Madison, WI",2026,6,25.848
1382,"Madison, WI",2026,7,27.467
1382,"Madison, WI",2026,8,29.831
1382,"Madison, WI",2026,9,27.473
1382,"Madison, WI",2026,10,24.796
1382,"Madison, WI",2026,11,32.757
1382,"Madison, WI",2026,12,37.275
1383,Madras,2026,1,30.192
1383,Madras,2026,2,27.355
1383,Madras,2026,3,22.681
1383,Madras,2026,4,19.039
1383,Madras,2026,5,16.362
1383,Madras,2026,6,18.266
1383,Madras,2026,7,19.59
1383,Madras,2026,8,21.233
1383,Madras,2026,9,19.523
1383,Madras,2026,10,17.483
1383,Madras,2026,11,22.712
1383,Madras,2026,12,25.179
1384,Madrid,2026,1,42.092
1384,Madrid,2026,2,39.331
1384,Madrid,2026,3,33.687
1384,Madrid,2026,4,29.18
1384,Madrid,2026,5,27.704
1384,Madrid,2026,6,31.219
1384,Madrid,2026,7,33.863
1384,Madrid,2026,8,35.685
1384,Madrid,2026,9,33.329
1384,Madrid,2026,10,32.115
1384,Madrid,2026,11,39.008
1384,Madrid,2026,12,46.136
1385,Madurai,2025,5,48.609
1385,Madurai,2025,6,49.162
1385,Madurai,2025,7,48.003
1385,Madurai,2025,8,49.685
1385,Madurai,2025,9,47.946
1385,Madurai,2025,10,65.097
1385,Madurai,2025,11,78.785
1385,Madurai,2025,12,84.127
1385,Madurai,2026,1,88.296
1385,Madurai,2026,2,91.453
1385,Madurai,2026,3,89.835
1385,Madurai,2026,4,84.593
1386,Magherita,2016,1,153.588
1386,Magherita,2016,2,150.237
1386,Magherita,2016,3,141.423
1386,Magherita,2016,4,131.277
1386,Magherita,2016,5,126.515
1386,Magherita,2016,6,122.035
1386,Magherita,2016,7,116.298
1386,Magherita,2016,8,115.947
1386,Magherita,2016,9,114.985
1386,Magherita,2016,10,128.031
1386,Magherita,2016,11,143.89
1386,Magherita,2016,12,153.011
1387,Magna,2020,1,30.784
1387,Magna,2020,2,28.665
1387,Magna,2020,3,24.125
1387,Magna,2020,4,20.559
1387,Magna,2020,5,17.424
1387,Magna,2020,6,19.301
1387,Magna,2020,7,20.865
1387,Magna,2020,8,22.509
1387,Magna,2020,9,20.218
1387,Magna,2020,10,17.884
1387,Magna,2020,11,22.672
1387,Magna,2020,12,25.185
1388,Mahad,2025,11,89.22
1388,Mahad,2025,12,89.668
1388,Mahad,2026,1,95.824
1388,Mahad,2026,2,92.142
1388,Mahad,2026,3,86.363
1388,Mahad,2026,4,82.361
1388,Mahad,2026,5,76.369
1388,Mahad,2026,6,73.481
1388,Mahad,2026,7,67.119
1388,Mahad,2026,8,67.312
1388,Mahad,2026,9,68.081
1388,Mahad,2026,10,99.464
1390,Malappuram,2016,1,78.427
1390,Malappuram,2016,2,79.894
1390,Malappuram,2016,3,75.067
1390,Malappuram,2016,4,70.151
1390,Malappuram,2016,5,65.85
1390,Malappuram,2016,6,68.738
1390,Malappuram,2016,7,69.076
1390,Malappuram,2016,8,72.387
1390,Malappuram,2016,9,72.201
1390,Malappuram,2016,10,78.697
1390,Malappuram,2016,11,86.886
1390,Malappuram,2016,12,98.263
1394,"Malone, NY",2020,1,24.765
1394,"Malone, NY",2020,2,21.515
1394,"Malone, NY",2020,3,17.908
1394,"Malone, NY",2020,4,14.462
1394,"Malone, NY",2020,5,12.675
1394,"Malone, NY",2020,6,13.843
1394,"Malone, NY",2020,7,14.299
1394,"Malone, NY",2020,8,15.734
1394,"Malone, NY",2020,9,13.874
1394,"Malone, NY",2020,10,12.092
1394,"Malone, NY",2020,11,15.65
1394,"Malone, NY",2020,12,18.01
1395,Mamaroneck,2012,1,48.076
1395,Mamaroneck,2012,2,44.972
1395,Mamaroneck,2012,3,37.194
1395,Mamaroneck,2012,4,30.638
1395,Mamaroneck,2012,5,26.086
1395,Mamaroneck,2012,6,29.526
1395,Mamaroneck,2012,7,32.089
1395,Mamaroneck,2012,8,34.417
1395,Mamaroneck,2012,9,32.365
1395,Mamaroneck,2012,10,30.357
1395,Mamaroneck,2012,11,38.472
1395,Mamaroneck,2012,12,43.953
1397,Mammoth,2012,1,24.957
1397,Mammoth,2012,2,23.455
1397,Mammoth,2012,3,20.051
1397,Mammoth,2012,4,16.429
1397,Mammoth,2012,5,14.422
1397,Mammoth,2012,6,16.257
1397,Mammoth,2012,7,17.724
1397,Mammoth,2012,8,18.507
1397,Mammoth,2012,9,16.803
1397,Mammoth,2012,10,15.329
1397,Mammoth,2012,11,19.795
1397,Mammoth,2012,12,22.73
1398,Mammoth Lakes,2026,1,29.759
1398,Mammoth Lakes,2026,2,27.805
1398,Mammoth Lakes,2026,3,23.151
1398,Mammoth Lakes,2026,4,20.011
1398,Mammoth Lakes,2026,5,17.07
1398,Mammoth Lakes,2026,6,19.502
1398,Mammoth Lakes,2026,7,20.865
1398,Mammoth Lakes,2026,8,22.509
1398,Mammoth Lakes,2026,9,20.218
1398,Mammoth Lakes,2026,10,18.4
1398,Mammoth Lakes,2026,11,23.699
1398,Mammoth Lakes,2026,12,26.885
1400,Manama,2026,1,131.332
1400,Manama,2026,2,122.199
1400,Manama,2026,3,101.876
1400,Manama,2026,4,86.403
1400,Manama,2026,5,80.24
1400,Manama,2026,6,87.247
1400,Manama,2026,7,92.701
1400,Manama,2026,8,99.258
1400,Manama,2026,9,88.175
1400,Manama,2026,10,83.779
1400,Manama,2026,11,102.471
1400,Manama,2026,12,116.59
1401,Manchester,2026,1,52.334
1401,Manchester,2026,2,50.894
1401,Manchester,2026,3,43.08
1401,Manchester,2026,4,36.755
1401,Manchester,2026,5,31.548
1401,Manchester,2026,6,33.787
1401,Manchester,2026,7,34.323
1401,Manchester,2026,8,34.522
1401,Manchester,2026,9,32.585
1401,Manchester,2026,10,30.491
1401,Manchester,2026,11,39.323
1401,Manchester,2026,12,45.826
1402,Manchester,2013,1,34.036
1402,Manchester,2013,2,33.542
1402,Manchester,2013,3,31.596
1402,Manchester,2013,4,26.983
1402,Manchester,2013,5,22.472
1402,Manchester,2013,6,24.996
1402,Manchester,2013,7,26.341
1402,Manchester,2013,8,29.086
1402,Manchester,2013,9,27.041
1402,Manchester,2013,10,24.92
1402,Manchester,2013,11,32.982
1402,Manchester,2013,12,37.337
1403,Mandi Gobindgarh,2025,11,157.0
1403,Mandi Gobindgarh,2025,12,153.522
1403,Mandi Gobindgarh,2026,1,157.908
1403,Mandi Gobindgarh,2026,2,144.452
1403,Mandi Gobindgarh,2026,3,133.704
1403,Mandi Gobindgarh,2026,4,127.504
1403,Mandi Gobindgarh,2026,5,118.72
1403,Mandi Gobindgarh,2026,6,104.887
1403,Mandi Gobindgarh,2026,7,88.974
1403,Mandi Gobindgarh,2026,8,89.317
1403,Mandi Gobindgarh,2026,9,86.995
1403,Mandi Gobindgarh,2026,10,100.363
1404,Mandideep,2025,11,192.501
1404,Mandideep,2025,12,170.645
1404,Mandideep,2026,1,152.548
1404,Mandideep,2026,2,139.808
1404,Mandideep,2026,3,125.914
1404,Mandideep,2026,4,118.183
1404,Mandideep,2026,5,107.669
1404,Mandideep,2026,6,90.298
1404,Mandideep,2026,7,69.805
1404,Mandideep,2026,8,66.122
1404,Mandideep,2026,9,66.622
1404,Mandideep,2026,10,104.773
1405,Mandikhera,2025,11,128.34
1405,Mandikhera,2025,12,122.163
1405,Mandikhera,2026,1,121.588
1405,Mandikhera,2026,2,108.895
1405,Mandikhera,2026,3,100.155
1405,Mandikhera,2026,4,95.69
1405,Mandikhera,2026,5,90.023
1405,Mandikhera,2026,6,77.634
1405,Mandikhera,2026,7,63.454
1405,Mandikhera,2026,8,64.321
1405,Mandikhera,2026,9,64.338
1405,Mandikhera,2026,10,102.225
1407,Mangaluru,2025,11,62.187
1407,Mangaluru,2025,12,66.141
1407,Mangaluru,2026,1,72.717
1407,Mangaluru,2026,2,73.11
1407,Mangaluru,2026,3,67.328
1407,Mangaluru,2026,4,63.902
1407,Mangaluru,2026,5,61.13
1407,Mangaluru,2026,6,60.308
1407,Mangaluru,2026,7,57.202
1407,Mangaluru,2026,8,57.854
1407,Mangaluru,2026,9,57.515
1407,Mangaluru,2026,10,78.122
1410,"Manhattan, KS",2014,1,34.712
1410,"Manhattan, KS",2014,2,33.85
1410,"Manhattan, KS",2014,3,31.574
1410,"Manhattan, KS",2014,4,26.979
1410,"Manhattan, KS",2014,5,22.468
1410,"Manhattan, KS",2014,6,25.17
1410,"Manhattan, KS",2014,7,27.436
1410,"Manhattan, KS",2014,8,29.895
1410,"Manhattan, KS",2014,9,27.754
1410,"Manhattan, KS",2014,10,24.916
1410,"Manhattan, KS",2014,11,32.931
1410,"Manhattan, KS",2014,12,37.339
1411,Manila,2026,1,73.793
1411,Manila,2026,2,72.737
1411,Manila,2026,3,67.676
1411,Manila,2026,4,64.163
1411,Manila,2026,5,61.137
1411,Manila,2026,6,61.144
1411,Manila,2026,7,57.567
1411,Manila,2026,8,57.01
1411,Manila,2026,9,56.442
1411,Manila,2026,10,80.836
1411,Manila,2026,11,92.166
1411,Manila,2026,12,98.445
1412,Manistee,2026,1,29.207
1412,Manistee,2026,2,27.805
1412,Manistee,2026,3,23.583
1412,Manistee,2026,4,20.195
1412,Manistee,2026,5,17.257
1412,Manistee,2026,6,19.301
1412,Manistee,2026,7,20.865
1412,Manistee,2026,8,22.509
1412,Manistee,2026,9,20.218
1412,Manistee,2026,10,18.161
1412,Manistee,2026,11,23.699
1412,Manistee,2026,12,26.885
1413,Manitou Springs (Manitou),2026,1,34.06
1413,Manitou Springs (Manitou),2026,2,33.709
1413,Manitou Springs (Manitou),2026,3,31.302
1413,Manitou Springs (Manitou),2026,4,27.19
1413,Manitou Springs (Manitou),2026,5,23.48
1413,Manitou Springs (Manitou),2026,6,25.76
1413,Manitou Springs (Manitou),2026,7,27.467
1413,Manitou Springs (Manitou),2026,8,29.831
1413,Manitou Springs (Manitou),2026,9,27.473
1413,Manitou Springs (Manitou),2026,10,24.708
1413,Manitou Springs (Manitou),2026,11,32.757
1413,Manitou Springs (Manitou),2026,12,37.275
1414,Manitowoc,2026,1,47.662
1414,Manitowoc,2026,2,44.087
1414,Manitowoc,2026,3,37.679
1414,Manitowoc,2026,4,31.092
1414,Manitowoc,2026,5,27.268
1414,Manitowoc,2026,6,30.638
1414,Manitowoc,2026,7,32.91
1414,Manitowoc,2026,8,34.218
1414,Manitowoc,2026,9,32.225
1414,Manitowoc,2026,10,30.332
1414,Manitowoc,2026,11,38.45
1414,Manitowoc,2026,12,43.846
1415,Mannford,2026,1,34.202
1415,Mannford,2026,2,33.466
1415,Mannford,2026,3,31.389
1415,Mannford,2026,4,26.952
1415,Mannford,2026,5,22.189
1415,Mannford,2026,6,24.829
1415,Mannford,2026,7,26.098
1415,Mannford,2026,8,29.023
1415,Mannford,2026,9,27.027
1415,Mannford,2026,10,24.708
1415,Mannford,2026,11,32.879
1415,Mannford,2026,12,37.275
1416,Manteca,2026,1,45.958
1416,Manteca,2026,2,42.283
1416,Manteca,2026,3,35.693
1416,Manteca,2026,4,29.491
1416,Manteca,2026,5,25.181
1416,Manteca,2026,6,28.148
1416,Manteca,2026,7,30.878
1416,Manteca,2026,8,32.655
1416,Manteca,2026,9,30.06
1416,Manteca,2026,10,28.864
1416,Manteca,2026,11,36.019
1416,Manteca,2026,12,41.782
1417,Manvel,2026,1,34.202
1417,Manvel,2026,2,33.466
1417,Manvel,2026,3,31.389
1417,Manvel,2026,4,26.952
1417,Manvel,2026,5,22.189
1417,Manvel,2026,6,24.829
1417,Manvel,2026,7,26.207
1417,Manvel,2026,8,29.023
1417,Manvel,2026,9,27.027
1417,Manvel,2026,10,24.708
1417,Manvel,2026,11,32.879
1417,Manvel,2026,12,37.275
1419,Marana,2026,1,39.82
1419,Marana,2026,2,35.355
1419,Marana,2026,3,30.581
1419,Marana,2026,4,24.582
1419,Marana,2026,5,20.866
1419,Marana,2026,6,23.22
1419,Marana,2026,7,25.39
1419,Marana,2026,8,27.284
1419,Marana,2026,9,25.067
1419,Marana,2026,10,23.224
1419,Marana,2026,11,29.97
1419,Marana,2026,12,34.526
1420,Marble City Community,2010,1,49.415
1420,Marble City Community,2010,2,46.486
1420,Marble City Community,2010,3,39.917
1420,Marble City Community,2010,4,32.804
1420,Marble City Community,2010,5,28.557
1420,Marble City Community,2010,6,31.751
1420,Marble City Community,2010,7,34.122
1420,Marble City Community,2010,8,36.058
1420,Marble City Community,2010,9,34.191
1420,Marble City Community,2010,10,33.027
1420,Marble City Community,2010,11,35.529
1420,Marble City Community,2010,12,39.82
1421,Marcus Hook,2026,1,40.98
1421,Marcus Hook,2026,2,36.492
1421,Marcus Hook,2026,3,30.665
1421,Marcus Hook,2026,4,24.45
1421,Marcus Hook,2026,5,21.207
1421,Marcus Hook,2026,6,23.776
1421,Marcus Hook,2026,7,25.498
1421,Marcus Hook,2026,8,27.378
1421,Marcus Hook,2026,9,25.067
1421,Marcus Hook,2026,10,23.257
1421,Marcus Hook,2026,11,30.017
1421,Marcus Hook,2026,12,35.689
1424,Maricopa,2026,1,70.032
1424,Maricopa,2026,2,65.097
1424,Maricopa,2026,3,59.656
1424,Maricopa,2026,4,54.202
1424,Maricopa,2026,5,50.821
1424,Maricopa,2026,6,50.214
1424,Maricopa,2026,7,51.052
1424,Maricopa,2026,8,52.15
1424,Maricopa,2026,9,50.051
1424,Maricopa,2026,10,45.882
1424,Maricopa,2026,11,53.232
1424,Maricopa,2026,12,56.545
1425,Marietta,2026,1,34.065
1425,Marietta,2026,2,33.697
1425,Marietta,2026,3,31.181
1425,Marietta,2026,4,27.01
1425,Marietta,2026,5,22.845
1425,Marietta,2026,6,25.862
1425,Marietta,2026,7,27.225
1425,Marietta,2026,8,29.751
1425,Marietta,2026,9,27.61
1425,Marietta,2026,10,25.434
1425,Marietta,2026,11,33.337
1425,Marietta,2026,12,38.312
1426,Marion,2026,1,43.27
1426,Marion,2026,2,40.513
1426,Marion,2026,3,34.196
1426,Marion,2026,4,29.621
1426,Marion,2026,5,26.369
1426,Marion,2026,6,29.552
1426,Marion,2026,7,32.008
1426,Marion,2026,8,34.218
1426,Marion,2026,9,32.313
1426,Marion,2026,10,30.281
1426,Marion,2026,11,38.45
1426,Marion,2026,12,43.846
1427,Mariposa,2026,1,10.954
1427,Mariposa,2026,2,9.789
1427,Mariposa,2026,3,7.979
1427,Mariposa,2026,4,6.492
1427,Mariposa,2026,5,5.142
1427,Mariposa,2026,6,6.327
1427,Mariposa,2026,7,6.491
1427,Mariposa,2026,8,6.487
1427,Mariposa,2026,9,4.231
1427,Mariposa,2026,10,4.162
1427,Mariposa,2026,11,7.441
1427,Mariposa,2026,12,8.415
1429,Marrero,2026,1,39.343
1429,Marrero,2026,2,35.865
1429,Marrero,2026,3,30.18
1429,Marrero,2026,4,24.853
1429,Marrero,2026,5,20.951
1429,Marrero,2026,6,22.972
1429,Marrero,2026,7,24.448
1429,Marrero,2026,8,26.137
1429,Marrero,2026,9,24.539
1429,Marrero,2026,10,22.031
1429,Marrero,2026,11,28.903
1429,Marrero,2026,12,32.834
1430,Marseille,2026,1,41.986
1430,Marseille,2026,2,38.561
1430,Marseille,2026,3,32.688
1430,Marseille,2026,4,27.608
1430,Marseille,2026,5,24.513
1430,Marseille,2026,6,28.578
1430,Marseille,2026,7,30.801
1430,Marseille,2026,8,33.268
1430,Marseille,2026,9,31.389
1430,Marseille,2026,10,29.013
1430,Marseille,2026,11,38.221
1430,Marseille,2026,12,45.204
1431,Marshall,2026,1,25.61
1431,Marshall,2026,2,23.605
1431,Marshall,2026,3,19.84
1431,Marshall,2026,4,15.968
1431,Marshall,2026,5,13.649
1431,Marshall,2026,6,15.084
1431,Marshall,2026,7,16.423
1431,Marshall,2026,8,17.633
1431,Marshall,2026,9,15.338
1431,Marshall,2026,10,14.141
1431,Marshall,2026,11,18.669
1431,Marshall,2026,12,21.687
1432,"Marshall, TX",2026,1,44.638
1432,"Marshall, TX",2026,2,41.91
1432,"Marshall, TX",2026,3,35.036
1432,"Marshall, TX",2026,4,29.613
1432,"Marshall, TX",2026,5,25.389
1432,"Marshall, TX",2026,6,28.636
1432,"Marshall, TX",2026,7,30.966
1432,"Marshall, TX",2026,8,32.693
1432,"Marshall, TX",2026,9,30.148
1432,"Marshall, TX",2026,10,28.694
1432,"Marshall, TX",2026,11,35.987
1432,"Marshall, TX",2026,12,40.539
1433,Martinez,2025,1,34.06
1433,Martinez,2025,2,33.709
1433,Martinez,2025,3,31.299
1433,Martinez,2025,4,27.223
1433,Martinez,2025,5,23.446
1433,Martinez,2025,6,25.848
1433,Martinez,2025,7,27.467
1433,Martinez,2025,8,29.831
1433,Martinez,2025,9,27.473
1433,Martinez,2025,10,24.796
1433,Martinez,2025,11,32.757
1433,Martinez,2025,12,37.275
1434,Martinsburg,2026,1,37.173
1434,Martinsburg,2026,2,33.539
1434,Martinsburg,2026,3,28.828
1434,Martinsburg,2026,4,23.01
1434,Martinsburg,2026,5,20.292
1434,Martinsburg,2026,6,22.517
1434,Martinsburg,2026,7,24.371
1434,Martinsburg,2026,8,25.986
1434,Martinsburg,2026,9,23.224
1434,Martinsburg,2026,10,21.418
1434,Martinsburg,2026,11,27.15
1434,Martinsburg,2026,12,32.3
1435,Martinsville,2020,1,34.065
1435,Martinsville,2020,2,33.697
1435,Martinsville,2020,3,31.201
1435,Martinsville,2020,4,27.01
1435,Martinsville,2020,5,22.889
1435,Martinsville,2020,6,25.862
1435,Martinsville,2020,7,27.313
1435,Martinsville,2020,8,29.751
1435,Martinsville,2020,9,27.698
1435,Martinsville,2020,10,25.434
1435,Martinsville,2020,11,33.337
1435,Martinsville,2020,12,38.312
1436,Maryland Heights,2026,1,33.887
1436,Maryland Heights,2026,2,32.41
1436,Maryland Heights,2026,3,29.636
1436,Maryland Heights,2026,4,25.078
1436,Maryland Heights,2026,5,22.173
1436,Maryland Heights,2026,6,24.625
1436,Maryland Heights,2026,7,26.13
1436,Maryland Heights,2026,8,28.87
1436,Maryland Heights,2026,9,26.336
1436,Maryland Heights,2026,10,24.916
1436,Maryland Heights,2026,11,31.935
1436,Maryland Heights,2026,12,37.01
1437,Marysville,2026,1,42.76
1437,Marysville,2026,2,39.965
1437,Marysville,2026,3,33.569
1437,Marysville,2026,4,28.299
1437,Marysville,2026,5,24.134
1437,Marysville,2026,6,27.541
1437,Marysville,2026,7,29.801
1437,Marysville,2026,8,31.977
1437,Marysville,2026,9,29.446
1437,Marysville,2026,10,27.347
1437,Marysville,2026,11,35.256
1437,Marysville,2026,12,40.539
1438,Maryville,2026,1,34.065
1438,Maryville,2026,2,33.654
1438,Maryville,2026,3,31.201
1438,Maryville,2026,4,27.01
1438,Maryville,2026,5,22.889
1438,Maryville,2026,6,25.862
1438,Maryville,2026,7,27.407
1438,Maryville,2026,8,29.789
1438,Maryville,2026,9,27.698
1438,Maryville,2026,10,25.434
1438,Maryville,2026,11,33.337
1438,Maryville,2026,12,38.312
1439,Mascot,2026,1,33.887
1439,Mascot,2026,2,32.192
1439,Mascot,2026,3,29.636
1439,Mascot,2026,4,25.078
1439,Mascot,2026,5,22.173
1439,Mascot,2026,6,24.625
1439,Mascot,2026,7,26.13
1439,Mascot,2026,8,28.87
1439,Mascot,2026,9,26.336
1439,Mascot,2026,10,24.916
1439,Mascot,2026,11,31.935
1439,Mascot,2026,12,37.01
1440,Mason City,2020,1,40.542
1440,Mason City,2020,2,36.015
1440,Mason City,2020,3,30.665
1440,Mason City,2020,4,24.45
1440,Mason City,2020,5,20.742
1440,Mason City,2020,6,22.85
1440,Mason City,2020,7,24.552
1440,Mason City,2020,8,26.024
1440,Mason City,2020,9,24.233
1440,Mason City,2020,10,21.951
1440,Mason City,2020,11,28.928
1440,Mason City,2020,12,32.834
1442,Mayaguez,2026,1,12.466
1442,Mayaguez,2026,2,10.985
1442,Mayaguez,2026,3,8.952
1442,Mayaguez,2026,4,7.172
1442,Mayaguez,2026,5,6.611
1442,Mayaguez,2026,6,6.572
1442,Mayaguez,2026,7,6.386
1442,Mayaguez,2026,8,6.487
1442,Mayaguez,2026,9,4.231
1442,Mayaguez,2026,10,3.963
1442,Mayaguez,2026,11,7.31
1442,Mayaguez,2026,12,8.415
1444,Mayes,2026,1,46.22
1444,Mayes,2026,2,42.936
1444,Mayes,2026,3,35.652
1444,Mayes,2026,4,29.504
1444,Mayes,2026,5,25.594
1444,Mayes,2026,6,27.85
1444,Mayes,2026,7,30.054
1444,Mayes,2026,8,32.693
1444,Mayes,2026,9,29.923
1444,Mayes,2026,10,26.543
1444,Mayes,2026,11,34.725
1444,Mayes,2026,12,37.88
1445,Mayfield,2026,1,34.06
1445,Mayfield,2026,2,33.466
1445,Mayfield,2026,3,31.389
1445,Mayfield,2026,4,26.972
1445,Mayfield,2026,5,22.559
1445,Mayfield,2026,6,24.84
1445,Mayfield,2026,7,26.207
1445,Mayfield,2026,8,29.023
1445,Mayfield,2026,9,27.027
1445,Mayfield,2026,10,24.708
1445,Mayfield,2026,11,32.757
1445,Mayfield,2026,12,37.275
1446,Maywood,2014,1,48.715
1446,Maywood,2014,2,44.875
1446,Maywood,2014,3,37.122
1446,Maywood,2014,4,30.634
1446,Maywood,2014,5,25.895
1446,Maywood,2014,6,28.519
1446,Maywood,2014,7,30.959
1446,Maywood,2014,8,32.783
1446,Maywood,2014,9,30.096
1446,Maywood,2014,10,28.589
1446,Maywood,2014,11,36.118
1446,Maywood,2014,12,41.875
1447,McAlester,2026,1,44.161
1447,McAlester,2026,2,41.136
1447,McAlester,2026,3,35.155
1447,McAlester,2026,4,29.68
1447,McAlester,2026,5,25.594
1447,McAlester,2026,6,27.749
1447,McAlester,2026,7,30.054
1447,McAlester,2026,8,32.693
1447,McAlester,2026,9,29.923
1447,McAlester,2026,10,26.535
1447,McAlester,2026,11,34.735
1447,McAlester,2026,12,37.88
1448,McCall,2026,1,38.807
1448,McCall,2026,2,34.261
1448,McCall,2026,3,30.221
1448,McCall,2026,4,26.273
1448,McCall,2026,5,22.381
1448,McCall,2026,6,24.96
1448,McCall,2026,7,26.312
1448,McCall,2026,8,29.023
1448,McCall,2026,9,27.027
1448,McCall,2026,10,24.589
1448,McCall,2026,11,32.879
1448,McCall,2026,12,37.275
1449,McCandless Township,2020,1,36.295
1449,McCandless Township,2020,2,32.969
1449,McCandless Township,2020,3,27.442
1449,McCandless Township,2020,4,22.365
1449,McCandless Township,2020,5,19.703
1449,McCandless Township,2020,6,21.23
1449,McCandless Township,2020,7,23.255
1449,McCandless Township,2020,8,25.191
1449,McCandless Township,2020,9,22.489
1449,McCandless Township,2020,10,20.803
1449,McCandless Township,2020,11,26.236
1449,McCandless Township,2020,12,31.055
1451,McCook,2026,1,46.992
1451,McCook,2026,2,42.706
1451,McCook,2026,3,35.685
1451,McCook,2026,4,29.448
1451,McCook,2026,5,25.628
1451,McCook,2026,6,27.669
1451,McCook,2026,7,30.054
1451,McCook,2026,8,32.693
1451,McCook,2026,9,29.923
1451,McCook,2026,10,26.455
1451,McCook,2026,11,34.725
1451,McCook,2026,12,37.88
1452,McDonald,2026,1,34.13
1452,McDonald,2026,2,31.842
1452,McDonald,2026,3,28.126
1452,McDonald,2026,4,23.41
1452,McDonald,2026,5,20.494
1452,McDonald,2026,6,22.645
1452,McDonald,2026,7,24.448
1452,McDonald,2026,8,26.118
1452,McDonald,2026,9,24.5
1452,McDonald,2026,10,22.039
1452,McDonald,2026,11,28.893
1452,McDonald,2026,12,32.834
1453,McDonough,2026,1,36.1
1453,McDonough,2026,2,33.002
1453,McDonough,2026,3,28.886
1453,McDonough,2026,4,23.12
1453,McDonough,2026,5,20.494
1453,McDonough,2026,6,22.645
1453,McDonough,2026,7,24.448
1453,McDonough,2026,8,26.118
1453,McDonough,2026,9,24.5
1453,McDonough,2026,10,22.039
1453,McDonough,2026,11,28.893
1453,McDonough,2026,12,32.834
1454,McKenzie,2025,12,38.087
1454,McKenzie,2026,1,36.154
1454,McKenzie,2026,2,32.934
1454,McKenzie,2026,3,27.821
1454,McKenzie,2026,4,22.615
1454,McKenzie,2026,5,20.068
1454,McKenzie,2026,6,22.151
1454,McKenzie,2026,7,24.371
1454,McKenzie,2026,8,25.986
1454,McKenzie,2026,9,23.224
1454,McKenzie,2026,10,21.349
1454,McKenzie,2026,11,26.854
1455,McLean,2010,1,48.786
1455,McLean,2010,2,44.905
1455,McLean,2010,3,37.222
1455,McLean,2010,4,30.806
1455,McLean,2010,5,25.995
1455,McLean,2010,6,28.716
1455,McLean,2010,7,31.17
1455,McLean,2010,8,33.682
1455,McLean,2010,9,31.402
1455,McLean,2010,10,29.355
1455,McLean,2010,11,37.667
1455,McLean,2010,12,43.18
1457,McNary,2026,1,44.195
1457,McNary,2026,2,41.169
1457,McNary,2026,3,35.142
1457,McNary,2026,4,29.703
1457,McNary,2026,5,25.628
1457,McNary,2026,6,27.85
1457,McNary,2026,7,30.054
1457,McNary,2026,8,32.693
1457,McNary,2026,9,29.923
1457,McNary,2026,10,26.543
1457,McNary,2026,11,34.725
1457,McNary,2026,12,37.88
1458,Mecca,2026,1,80.868
1458,Mecca,2026,2,74.553
1458,Mecca,2026,3,67.788
1458,Mecca,2026,4,60.716
1458,Mecca,2026,5,56.427
1458,Mecca,2026,6,57.407
1458,Mecca,2026,7,58.33
1458,Mecca,2026,8,59.064
1458,Mecca,2026,9,57.165
1458,Mecca,2026,10,55.421
1458,Mecca,2026,11,59.933
1458,Mecca,2026,12,61.622
1459,Medellin,2026,1,62.288
1459,Medellin,2026,2,59.684
1459,Medellin,2026,3,53.853
1459,Medellin,2026,4,48.112
1459,Medellin,2026,5,44.543
1459,Medellin,2026,6,48.722
1459,Medellin,2026,7,51.138
1459,Medellin,2026,8,54.167
1459,Medellin,2026,9,53.467
1459,Medellin,2026,10,52.564
1459,Medellin,2026,11,59.425
1459,Medellin,2026,12,65.095
1460,Medford,2026,1,35.342
1460,Medford,2026,2,31.622
1460,Medford,2026,3,26.188
1460,Medford,2026,4,21.644
1460,Medford,2026,5,18.324
1460,Medford,2026,6,20.515
1460,Medford,2026,7,22.444
1460,Medford,2026,8,24.359
1460,Medford,2026,9,21.736
1460,Medford,2026,10,19.361
1460,Medford,2026,11,25.258
1460,Medford,2026,12,29.165
1461,"Medford, OR",2026,1,24.306
1461,"Medford, OR",2026,2,21.515
1461,"Medford, OR",2026,3,17.953
1461,"Medford, OR",2026,4,14.482
1461,"Medford, OR",2026,5,12.675
1461,"Medford, OR",2026,6,13.843
1461,"Medford, OR",2026,7,14.299
1461,"Medford, OR",2026,8,15.734
1461,"Medford, OR",2026,9,13.874
1461,"Medford, OR",2026,10,12.092
1461,"Medford, OR",2026,11,15.65
1461,"Medford, OR",2026,12,18.01
1463,Meerut,2025,5,138.055
1463,Meerut,2025,6,123.275
1463,Meerut,2025,7,101.106
1463,Meerut,2025,8,96.794
1463,Meerut,2025,9,95.003
1463,Meerut,2025,10,108.796
1463,Meerut,2025,11,137.708
1463,Meerut,2025,12,141.732
1463,Meerut,2026,1,144.081
1463,Meerut,2026,2,132.415
1463,Meerut,2026,3,124.551
1463,Meerut,2026,4,113.661
1464,Meigs,2014,1,34.712
1464,Meigs,2014,2,33.651
1464,Meigs,2014,3,31.591
1464,Meigs,2014,4,26.979
1464,Meigs,2014,5,22.385
1464,Meigs,2014,6,24.75
1464,Meigs,2014,7,26.342
1464,Meigs,2014,8,29.087
1464,Meigs,2014,9,27.083
1464,Meigs,2014,10,24.744
1464,Meigs,2014,11,32.978
1464,Meigs,2014,12,37.339
1465,Melbourne,2026,1,34.631
1465,Melbourne,2026,2,31.072
1465,Melbourne,2026,3,28.956
1465,Melbourne,2026,4,25.205
1465,Melbourne,2026,5,23.46
1465,Melbourne,2026,6,26.678
1465,Melbourne,2026,7,27.854
1465,Melbourne,2026,8,28.881
1465,Melbourne,2026,9,25.586
1465,Melbourne,2026,10,22.879
1465,Melbourne,2026,11,28.821
1465,Melbourne,2026,12,32.58
1466,Melbourne,2026,1,27.691
1466,Melbourne,2026,2,25.651
1466,Melbourne,2026,3,21.642
1466,Melbourne,2026,4,17.664
1466,Melbourne,2026,5,15.283
1466,Melbourne,2026,6,17.114
1466,Melbourne,2026,7,18.61
1466,Melbourne,2026,8,20.109
1466,Melbourne,2026,9,18.835
1466,Melbourne,2026,10,16.996
1466,Melbourne,2026,11,21.514
1466,Melbourne,2026,12,23.552
1467,Memphis,2026,1,38.62
1467,Memphis,2026,2,35.21
1467,Memphis,2026,3,30.361
1467,Memphis,2026,4,24.602
1467,Memphis,2026,5,21.134
1467,Memphis,2026,6,23.494
1467,Memphis,2026,7,25.393
1467,Memphis,2026,8,27.378
1467,Memphis,2026,9,25.112
1467,Memphis,2026,10,23.072
1467,Memphis,2026,11,29.687
1467,Memphis,2026,12,34.526
1468,"Memphis, TN-MS-AR",2013,1,44.668
1468,"Memphis, TN-MS-AR",2013,2,41.373
1468,"Memphis, TN-MS-AR",2013,3,35.244
1468,"Memphis, TN-MS-AR",2013,4,29.732
1468,"Memphis, TN-MS-AR",2013,5,25.59
1468,"Memphis, TN-MS-AR",2013,6,27.69
1468,"Memphis, TN-MS-AR",2013,7,30.238
1468,"Memphis, TN-MS-AR",2013,8,32.82
1468,"Memphis, TN-MS-AR",2013,9,29.999
1468,"Memphis, TN-MS-AR",2013,10,26.604
1468,"Memphis, TN-MS-AR",2013,11,34.829
1468,"Memphis, TN-MS-AR",2013,12,37.976
1469,Mena,2026,1,45.117
1469,Mena,2026,2,42.389
1469,Mena,2026,3,35.523
1469,Mena,2026,4,29.419
1469,Mena,2026,5,25.067
1469,Mena,2026,6,28.59
1469,Mena,2026,7,30.924
1469,Mena,2026,8,32.655
1469,Mena,2026,9,30.148
1469,Mena,2026,10,28.512
1469,Mena,2026,11,36.019
1469,Mena,2026,12,41.782
1470,Mentor,2020,1,33.887
1470,Mentor,2020,2,32.398
1470,Mentor,2020,3,29.355
1470,Mentor,2020,4,25.141
1470,Mentor,2020,5,21.951
1470,Mentor,2020,6,23.933
1470,Mentor,2020,7,25.316
1470,Mentor,2020,8,27.246
1470,Mentor,2020,9,24.978
1470,Mentor,2020,10,22.759
1470,Mentor,2020,11,28.955
1470,Mentor,2020,12,32.841
1471,Meraux,2026,1,59.792
1471,Meraux,2026,2,55.784
1471,Meraux,2026,3,50.664
1471,Meraux,2026,4,42.246
1471,Meraux,2026,5,36.386
1471,Meraux,2026,6,38.199
1471,Meraux,2026,7,41.478
1471,Meraux,2026,8,43.483
1471,Meraux,2026,9,40.255
1471,Meraux,2026,10,36.838
1471,Meraux,2026,11,46.495
1471,Meraux,2026,12,51.192
1472,Merced,2026,1,41.676
1472,Merced,2026,2,37.533
1472,Merced,2026,3,31.367
1472,Merced,2026,4,25.482
1472,Merced,2026,5,21.688
1472,Merced,2026,6,24.143
1472,Merced,2026,7,26.312
1472,Merced,2026,8,28.981
1472,Merced,2026,9,26.386
1472,Merced,2026,10,24.145
1472,Merced,2026,11,32.155
1472,Merced,2026,12,37.275
1473,"Merced, CA",2020,1,47.196
1473,"Merced, CA",2020,2,43.777
1473,"Merced, CA",2020,3,36.374
1473,"Merced, CA",2020,4,29.689
1473,"Merced, CA",2020,5,25.226
1473,"Merced, CA",2020,6,28.374
1473,"Merced, CA",2020,7,30.924
1473,"Merced, CA",2020,8,32.693
1473,"Merced, CA",2020,9,30.148
1473,"Merced, CA",2020,10,28.471
1473,"Merced, CA",2020,11,35.987
1473,"Merced, CA",2020,12,40.539
1475,Mercer,2025,12,45.241
1475,Mercer,2026,1,42.975
1475,Mercer,2026,2,38.114
1475,Mercer,2026,3,32.06
1475,Mercer,2026,4,26.72
1475,Mercer,2026,5,22.862
1475,Mercer,2026,6,24.84
1475,Mercer,2026,7,26.207
1475,Mercer,2026,8,29.023
1475,Mercer,2026,9,27.027
1475,Mercer,2026,10,24.708
1475,Mercer,2026,11,32.757
1476,Meridian,2026,1,52.777
1476,Meridian,2026,2,48.962
1476,Meridian,2026,3,40.231
1476,Meridian,2026,4,32.981
1476,Meridian,2026,5,28.345
1476,Meridian,2026,6,31.313
1476,Meridian,2026,7,33.855
1476,Meridian,2026,8,35.255
1476,Meridian,2026,9,33.119
1476,Meridian,2026,10,31.638
1476,Meridian,2026,11,38.807
1476,Meridian,2026,12,43.578
1477,Mesa,2026,1,37.185
1477,Mesa,2026,2,33.539
1477,Mesa,2026,3,28.998
1477,Mesa,2026,4,23.01
1477,Mesa,2026,5,20.225
1477,Mesa,2026,6,22.517
1477,Mesa,2026,7,24.371
1477,Mesa,2026,8,25.986
1477,Mesa,2026,9,23.224
1477,Mesa,2026,10,21.627
1477,Mesa,2026,11,26.854
1477,Mesa,2026,12,31.415
1478,Mesquite,2020,1,47.812
1478,Mesquite,2020,2,44.087
1478,Mesquite,2020,3,37.391
1478,Mesquite,2020,4,30.679
1478,Mesquite,2020,5,25.709
1478,Mesquite,2020,6,28.454
1478,Mesquite,2020,7,30.836
1478,Mesquite,2020,8,32.655
1478,Mesquite,2020,9,30.06
1478,Mesquite,2020,10,28.864
1478,Mesquite,2020,11,36.019
1478,Mesquite,2020,12,41.782
1481,Mexicali,2020,1,103.061
1481,Mexicali,2020,2,94.669
1481,Mexicali,2020,3,83.247
1481,Mexicali,2020,4,74.081
1481,Mexicali,2020,5,68.286
1481,Mexicali,2020,6,69.956
1481,Mexicali,2020,7,70.682
1481,Mexicali,2020,8,71.281
1481,Mexicali,2020,9,68.451
1481,Mexicali,2020,10,68.392
1481,Mexicali,2020,11,75.886
1481,Mexicali,2020,12,80.968
1482,Mexico City,2026,1,86.329
1482,Mexico City,2026,2,79.117
1482,Mexico City,2026,3,71.4
1482,Mexico City,2026,4,65.966
1482,Mexico City,2026,5,59.847
1482,Mexico City,2026,6,60.719
1482,Mexico City,2026,7,61.336
1482,Mexico City,2026,8,62.332
1482,Mexico City,2026,9,60.42
1482,Mexico City,2026,10,59.087
1482,Mexico City,2026,11,63.312
1482,Mexico City,2026,12,66.259
1483,Miami,2026,1,29.938
1483,Miami,2026,2,27.695
1483,Miami,2026,3,22.981
1483,Miami,2026,4,19.053
1483,Miami,2026,5,16.372
1483,Miami,2026,6,18.396
1483,Miami,2026,7,19.59
1483,Miami,2026,8,21.139
1483,Miami,2026,9,19.329
1483,Miami,2026,10,17.324
1483,Miami,2026,11,22.857
1483,Miami,2026,12,25.179
1484,"Miami-Fort Lauderdale-West Palm Beach, FL",2026,1,36.12
1484,"Miami-Fort Lauderdale-West Palm Beach, FL",2026,2,32.197
1484,"Miami-Fort Lauderdale-West Palm Beach, FL",2026,3,27.542
1484,"Miami-Fort Lauderdale-West Palm Beach, FL",2026,4,22.327
1484,"Miami-Fort Lauderdale-West Palm Beach, FL",2026,5,19.704
1484,"Miami-Fort Lauderdale-West Palm Beach, FL",2026,6,21.27
1484,"Miami-Fort Lauderdale-West Palm Beach, FL",2026,7,23.332
1484,"Miami-Fort Lauderdale-West Palm Beach, FL",2026,8,25.304
1484,"Miami-Fort Lauderdale-West Palm Beach, FL",2026,9,22.771
1484,"Miami-Fort Lauderdale-West Palm Beach, FL",2026,10,20.41
1484,"Miami-Fort Lauderdale-West Palm Beach, FL",2026,11,26.149
1484,"Miami-Fort Lauderdale-West Palm Beach, FL",2026,12,31.055
1485,Micanopy,2026,1,34.023
1485,Micanopy,2026,2,33.697
1485,Micanopy,2026,3,31.201
1485,Micanopy,2026,4,27.01
1485,Micanopy,2026,5,22.889
1485,Micanopy,2026,6,25.862
1485,Micanopy,2026,7,27.407
1485,Micanopy,2026,8,29.751
1485,Micanopy,2026,9,27.698
1485,Micanopy,2026,10,25.434
1485,Micanopy,2026,11,33.337
1485,Micanopy,2026,12,38.312
1486,Michigan City,2026,1,44.509
1486,Michigan City,2026,2,40.684
1486,Michigan City,2026,3,34.709
1486,Michigan City,2026,4,29.682
1486,Michigan City,2026,5,26.906
1486,Michigan City,2026,6,28.71
1486,Michigan City,2026,7,31.085
1486,Michigan City,2026,8,33.505
1486,Michigan City,2026,9,30.848
1486,Michigan City,2026,10,27.829
1486,Michigan City,2026,11,35.951
1486,Michigan City,2026,12,40.539
1487,Middleport,2026,1,34.076
1487,Middleport,2026,2,33.697
1487,Middleport,2026,3,31.371
1487,Middleport,2026,4,27.01
1487,Middleport,2026,5,22.777
1487,Middleport,2026,6,25.862
1487,Middleport,2026,7,27.225
1487,Middleport,2026,8,29.751
1487,Middleport,2026,9,27.61
1487,Middleport,2026,10,25.644
1487,Middleport,2026,11,33.337
1487,Middleport,2026,12,38.312
1488,Middlesborough (corporate name for Middlesboro),2026,1,44.638
1488,Middlesborough (corporate name for Middlesboro),2026,2,41.287
1488,Middlesborough (corporate name for Middlesboro),2026,3,35.004
1488,Middlesborough (corporate name for Middlesboro),2026,4,29.6
1488,Middlesborough (corporate name for Middlesboro),2026,5,25.193
1488,Middlesborough (corporate name for Middlesboro),2026,6,28.374
1488,Middlesborough (corporate name for Middlesboro),2026,7,30.966
1488,Middlesborough (corporate name for Middlesboro),2026,8,32.693
1488,Middlesborough (corporate name for Middlesboro),2026,9,30.148
1488,Middlesborough (corporate name for Middlesboro),2026,10,28.471
1488,Middlesborough (corporate name for Middlesboro),2026,11,35.987
1488,Middlesborough (corporate name for Middlesboro),2026,12,40.539
1489,"Middlesborough, KY",2015,1,34.509
1489,"Middlesborough, KY",2015,2,34.123
1489,"Middlesborough, KY",2015,3,33.395
1489,"Middlesborough, KY",2015,4,31.12
1489,"Middlesborough, KY",2015,5,27.99
1489,"Middlesborough, KY",2015,6,30.725
1489,"Middlesborough, KY",2015,7,33.033
1489,"Middlesborough, KY",2015,8,35.006
1489,"Middlesborough, KY",2015,9,33.06
1489,"Middlesborough, KY",2015,10,31.944
1489,"Middlesborough, KY",2015,11,38.993
1489,"Middlesborough, KY",2015,12,43.65
1490,Middletown,2026,1,22.402
1490,Middletown,2026,2,20.014
1490,Middletown,2026,3,17.029
1490,Middletown,2026,4,14.352
1490,Middletown,2026,5,12.355
1490,Middletown,2026,6,14.192
1490,Middletown,2026,7,15.182
1490,Middletown,2026,8,16.583
1490,Middletown,2026,9,14.543
1490,Middletown,2026,10,13.0
1490,Middletown,2026,11,17.966
1490,Middletown,2026,12,20.252
1491,Midlothian,2020,1,38.576
1491,Midlothian,2020,2,35.245
1491,Midlothian,2020,3,30.323
1491,Midlothian,2020,4,24.874
1491,Midlothian,2020,5,20.951
1491,Midlothian,2020,6,22.972
1491,Midlothian,2020,7,24.448
1491,Midlothian,2020,8,25.966
1491,Midlothian,2020,9,23.617
1491,Midlothian,2020,10,21.105
1491,Midlothian,2020,11,27.082
1491,Midlothian,2020,12,32.3
1493,Milan,2026,1,61.744
1493,Milan,2026,2,57.456
1493,Milan,2026,3,51.693
1493,Milan,2026,4,44.697
1493,Milan,2026,5,39.199
1493,Milan,2026,6,43.642
1493,Milan,2026,7,45.693
1493,Milan,2026,8,47.635
1493,Milan,2026,9,45.412
1493,Milan,2026,10,43.077
1493,Milan,2026,11,51.362
1493,Milan,2026,12,56.066
1494,Millbrook,2026,1,34.06
1494,Millbrook,2026,2,33.466
1494,Millbrook,2026,3,31.389
1494,Millbrook,2026,4,26.952
1494,Millbrook,2026,5,22.559
1494,Millbrook,2026,6,24.829
1494,Millbrook,2026,7,26.207
1494,Millbrook,2026,8,29.023
1494,Millbrook,2026,9,27.027
1494,Millbrook,2026,10,24.708
1494,Millbrook,2026,11,32.757
1494,Millbrook,2026,12,37.275
1495,Millington,2026,1,53.91
1495,Millington,2026,2,50.661
1495,Millington,2026,3,43.022
1495,Millington,2026,4,36.241
1495,Millington,2026,5,31.349
1495,Millington,2026,6,33.388
1495,Millington,2026,7,35.028
1495,Millington,2026,8,37.628
1495,Millington,2026,9,35.594
1495,Millington,2026,10,32.994
1495,Millington,2026,11,41.339
1495,Millington,2026,12,47.461
1496,Millville,2026,1,38.208
1496,Millville,2026,2,34.752
1496,Millville,2026,3,30.445
1496,Millville,2026,4,26.331
1496,Millville,2026,5,22.264
1496,Millville,2026,6,25.658
1496,Millville,2026,7,27.313
1496,Millville,2026,8,29.751
1496,Millville,2026,9,27.698
1496,Millville,2026,10,25.434
1496,Millville,2026,11,33.337
1496,Millville,2026,12,38.312
1497,Milton,2026,1,50.989
1497,Milton,2026,2,46.578
1497,Milton,2026,3,38.862
1497,Milton,2026,4,31.617
1497,Milton,2026,5,26.918
1497,Milton,2026,6,29.874
1497,Milton,2026,7,31.878
1497,Milton,2026,8,33.432
1497,Milton,2026,9,31.254
1497,Milton,2026,10,29.041
1497,Milton,2026,11,37.568
1497,Milton,2026,12,43.072
1499,Milwaukee,2026,1,37.356
1499,Milwaukee,2026,2,33.66
1499,Milwaukee,2026,3,29.079
1499,Milwaukee,2026,4,24.595
1499,Milwaukee,2026,5,20.874
1499,Milwaukee,2026,6,23.528
1499,Milwaukee,2026,7,25.39
1499,Milwaukee,2026,8,27.284
1499,Milwaukee,2026,9,25.067
1499,Milwaukee,2026,10,23.798
1499,Milwaukee,2026,11,29.896
1499,Milwaukee,2026,12,34.526
1500,"Milwaukee-Waukesha-West Allis, WI",2026,1,31.48
1500,"Milwaukee-Waukesha-West Allis, WI",2026,2,28.914
1500,"Milwaukee-Waukesha-West Allis, WI",2026,3,23.984
1500,"Milwaukee-Waukesha-West Allis, WI",2026,4,19.628
1500,"Milwaukee-Waukesha-West Allis, WI",2026,5,16.712
1500,"Milwaukee-Waukesha-West Allis, WI",2026,6,18.909
1500,"Milwaukee-Waukesha-West Allis, WI",2026,7,19.59
1500,"Milwaukee-Waukesha-West Allis, WI",2026,8,21.233
1500,"Milwaukee-Waukesha-West Allis, WI",2026,9,19.523
1500,"Milwaukee-Waukesha-West Allis, WI",2026,10,18.123
1500,"Milwaukee-Waukesha-West Allis, WI",2026,11,23.919
1500,"Milwaukee-Waukesha-West Allis, WI",2026,12,26.878
1502,Mingo Junction,2019,1,44.528
1502,Mingo Junction,2019,2,39.757
1502,Mingo Junction,2019,3,33.651
1502,Mingo Junction,2019,4,28.299
1502,Mingo Junction,2019,5,24.042
1502,Mingo Junction,2019,6,26.545
1502,Mingo Junction,2019,7,28.961
1502,Mingo Junction,2019,8,31.037
1502,Mingo Junction,2019,9,29.231
1502,Mingo Junction,2019,10,26.517
1502,Mingo Junction,2019,11,34.847
1502,Mingo Junction,2019,12,37.88
1503,Minneapolis,2026,1,37.356
1503,Minneapolis,2026,2,33.425
1503,Minneapolis,2026,3,29.047
1503,Minneapolis,2026,4,24.595
1503,Minneapolis,2026,5,20.866
1503,Minneapolis,2026,6,23.22
1503,Minneapolis,2026,7,25.39
1503,Minneapolis,2026,8,27.284
1503,Minneapolis,2026,9,25.067
1503,Minneapolis,2026,10,23.224
1503,Minneapolis,2026,11,29.97
1503,Minneapolis,2026,12,34.526
1504,"Minneapolis-St. Paul-Bloomington, MN-WI",2026,1,34.065
1504,"Minneapolis-St. Paul-Bloomington, MN-WI",2026,2,33.697
1504,"Minneapolis-St. Paul-Bloomington, MN-WI",2026,3,31.201
1504,"Minneapolis-St. Paul-Bloomington, MN-WI",2026,4,27.01
1504,"Minneapolis-St. Paul-Bloomington, MN-WI",2026,5,22.889
1504,"Minneapolis-St. Paul-Bloomington, MN-WI",2026,6,25.862
1504,"Minneapolis-St. Paul-Bloomington, MN-WI",2026,7,27.318
1504,"Minneapolis-St. Paul-Bloomington, MN-WI",2026,8,29.751
1504,"Minneapolis-St. Paul-Bloomington, MN-WI",2026,9,27.61
1504,"Minneapolis-St. Paul-Bloomington, MN-WI",2026,10,25.434
1504,"Minneapolis-St. Paul-Bloomington, MN-WI",2026,11,33.337
1504,"Minneapolis-St. Paul-Bloomington, MN-WI",2026,12,38.312
1505,"Minot, ND",2025,11,41.517
1505,"Minot, ND",2025,12,46.702
1505,"Minot, ND",2026,1,44.556
1505,"Minot, ND",2026,2,41.91
1505,"Minot, ND",2026,3,35.01
1505,"Minot, ND",2026,4,29.618
1505,"Minot, ND",2026,5,25.202
1505,"Minot, ND",2026,6,28.684
1505,"Minot, ND",2026,7,30.878
1505,"Minot, ND",2026,8,32.655
1505,"Minot, ND",2026,9,30.06
1505,"Minot, ND",2026,10,28.512
1507,Mira Loma,2026,1,55.331
1507,Mira Loma,2026,2,52.556
1507,Mira Loma,2026,3,45.991
1507,Mira Loma,2026,4,37.25
1507,Mira Loma,2026,5,32.599
1507,Mira Loma,2026,6,33.998
1507,Mira Loma,2026,7,34.877
1507,Mira Loma,2026,8,35.618
1507,Mira Loma,2026,9,33.393
1507,Mira Loma,2026,10,31.334
1507,Mira Loma,2026,11,39.014
1507,Mira Loma,2026,12,44.934
1508,Mission,2026,1,51.809
1508,Mission,2026,2,47.893
1508,Mission,2026,3,40.314
1508,Mission,2026,4,33.228
1508,Mission,2026,5,29.194
1508,Mission,2026,6,32.297
1508,Mission,2026,7,34.613
1508,Mission,2026,8,35.232
1508,Mission,2026,9,33.35
1508,Mission,2026,10,31.762
1508,Mission,2026,11,38.894
1508,Mission,2026,12,43.578
1510,Mission Viejo,2020,1,38.175
1510,Mission Viejo,2020,2,34.158
1510,Mission Viejo,2020,3,30.149
1510,Mission Viejo,2020,4,26.273
1510,Mission Viejo,2020,5,22.186
1510,Mission Viejo,2020,6,24.829
1510,Mission Viejo,2020,7,26.207
1510,Mission Viejo,2020,8,28.981
1510,Mission Viejo,2020,9,26.386
1510,Mission Viejo,2020,10,23.993
1510,Mission Viejo,2020,11,31.328
1510,Mission Viejo,2020,12,36.32
1511,Missoula,2026,1,19.76
1511,Missoula,2026,2,17.405
1511,Missoula,2026,3,14.285
1511,Missoula,2026,4,11.891
1511,Missoula,2026,5,10.354
1511,Missoula,2026,6,11.416
1511,Missoula,2026,7,12.342
1511,Missoula,2026,8,13.164
1511,Missoula,2026,9,11.616
1511,Missoula,2026,10,10.203
1511,Missoula,2026,11,13.219
1511,Missoula,2026,12,15.748
1513,Mobile,2026,1,38.11
1513,Mobile,2026,2,34.639
1513,Mobile,2026,3,30.472
1513,Mobile,2026,4,26.273
1513,Mobile,2026,5,22.341
1513,Mobile,2026,6,25.241
1513,Mobile,2026,7,27.313
1513,Mobile,2026,8,29.789
1513,Mobile,2026,9,27.698
1513,Mobile,2026,10,24.86
1513,Mobile,2026,11,32.831
1513,Mobile,2026,12,37.275
1515,Modesto,2026,1,37.356
1515,Modesto,2026,2,33.38
1515,Modesto,2026,3,29.047
1515,Modesto,2026,4,24.595
1515,Modesto,2026,5,20.866
1515,Modesto,2026,6,23.22
1515,Modesto,2026,7,25.39
1515,Modesto,2026,8,27.284
1515,Modesto,2026,9,25.067
1515,Modesto,2026,10,23.224
1515,Modesto,2026,11,29.97
1515,Modesto,2026,12,34.526
1518,Mojave,2026,1,25.062
1518,Mojave,2026,2,22.905
1518,Mojave,2026,3,18.979
1518,Mojave,2026,4,15.223
1518,Mojave,2026,5,13.277
1518,Mojave,2026,6,14.958
1518,Mojave,2026,7,15.928
1518,Mojave,2026,8,16.677
1518,Mojave,2026,9,14.543
1518,Mojave,2026,10,12.795
1518,Mojave,2026,11,16.285
1518,Mojave,2026,12,18.706
1519,Mombasa,2026,1,71.06
1519,Mombasa,2026,2,67.568
1519,Mombasa,2026,3,60.323
1519,Mombasa,2026,4,54.673
1519,Mombasa,2026,5,50.547
1519,Mombasa,2026,6,52.103
1519,Mombasa,2026,7,54.582
1519,Mombasa,2026,8,56.478
1519,Mombasa,2026,9,53.335
1519,Mombasa,2026,10,47.171
1519,Mombasa,2026,11,55.979
1519,Mombasa,2026,12,62.083
1521,Mono,2026,1,14.651
1521,Mono,2026,2,12.238
1521,Mono,2026,3,10.338
1521,Mono,2026,4,8.604
1521,Mono,2026,5,7.503
1521,Mono,2026,6,8.462
1521,Mono,2026,7,9.006
1521,Mono,2026,8,10.38
1521,Mono,2026,9,9.032
1521,Mono,2026,10,8.144
1521,Mono,2026,11,10.885
1521,Mono,2026,12,11.993
1522,Monroe,2026,1,40.267
1522,Monroe,2026,2,37.073
1522,Monroe,2026,3,31.878
1522,Monroe,2026,4,25.57
1522,Monroe,2026,5,21.544
1522,Monroe,2026,6,24.089
1522,Monroe,2026,7,26.13
1522,Monroe,2026,8,28.943
1522,Monroe,2026,9,26.298
1522,Monroe,2026,10,24.929
1522,Monroe,2026,11,31.935
1522,Monroe,2026,12,37.01
1523,"Monroe, MI",2020,1,40.751
1523,"Monroe, MI",2020,2,36.868
1523,"Monroe, MI",2020,3,30.714
1523,"Monroe, MI",2020,4,24.688
1523,"Monroe, MI",2020,5,21.134
1523,"Monroe, MI",2020,6,23.587
1523,"Monroe, MI",2020,7,25.393
1523,"Monroe, MI",2020,8,27.378
1523,"Monroe, MI",2020,9,25.139
1523,"Monroe, MI",2020,10,23.072
1523,"Monroe, MI",2020,11,29.687
1523,"Monroe, MI",2020,12,34.526
1524,Monrovia,2020,1,34.248
1524,Monrovia,2020,2,33.61
1524,Monrovia,2020,3,31.419
1524,Monrovia,2020,4,26.952
1524,Monrovia,2020,5,22.353
1524,Monrovia,2020,6,25.441
1524,Monrovia,2020,7,27.313
1524,Monrovia,2020,8,29.789
1524,Monrovia,2020,9,27.698
1524,Monrovia,2020,10,25.21
1524,Monrovia,2020,11,33.305
1524,Monrovia,2020,12,38.312
1525,Monterrey,2026,1,81.159
1525,Monterrey,2026,2,75.729
1525,Monterrey,2026,3,68.78
1525,Monterrey,2026,4,62.053
1525,Monterrey,2026,5,58.394
1525,Monterrey,2026,6,59.459
1525,Monterrey,2026,7,60.001
1525,Monterrey,2026,8,61.52
1525,Monterrey,2026,9,59.136
1525,Monterrey,2026,10,56.545
1525,Monterrey,2026,11,60.215
1525,Monterrey,2026,12,62.445
1526,Montezuma,2026,1,8.534
1526,Montezuma,2026,2,7.385
1526,Montezuma,2026,3,6.55
1526,Montezuma,2026,4,5.026
1526,Montezuma,2026,5,4.684
1526,Montezuma,2026,6,6.385
1526,Montezuma,2026,7,6.403
1526,Montezuma,2026,8,6.515
1526,Montezuma,2026,9,4.143
1526,Montezuma,2026,10,4.091
1526,Montezuma,2026,11,7.534
1526,Montezuma,2026,12,8.422
1527,Montgomery,2026,1,40.885
1527,Montgomery,2026,2,36.93
1527,Montgomery,2026,3,30.651
1527,Montgomery,2026,4,24.721
1527,Montgomery,2026,5,20.951
1527,Montgomery,2026,6,22.972
1527,Montgomery,2026,7,24.448
1527,Montgomery,2026,8,26.137
1527,Montgomery,2026,9,24.539
1527,Montgomery,2026,10,22.031
1527,Montgomery,2026,11,28.903
1527,Montgomery,2026,12,32.834
1528,Montoursville,2026,1,30.33
1528,Montoursville,2026,2,27.805
1528,Montoursville,2026,3,23.027
1528,Montoursville,2026,4,19.76
1528,Montoursville,2026,5,16.712
1528,Montoursville,2026,6,18.909
1528,Montoursville,2026,7,19.59
1528,Montoursville,2026,8,21.233
1528,Montoursville,2026,9,19.523
1528,Montoursville,2026,10,18.123
1528,Montoursville,2026,11,23.919
1528,Montoursville,2026,12,26.878
1529,Montreal,2026,1,33.395
1529,Montreal,2026,2,30.563
1529,Montreal,2026,3,28.293
1529,Montreal,2026,4,24.264
1529,Montreal,2026,5,21.325
1529,Montreal,2026,6,23.366
1529,Montreal,2026,7,24.733
1529,Montreal,2026,8,25.991
1529,Montreal,2026,9,23.271
1529,Montreal,2026,10,21.9
1529,Montreal,2026,11,27.404
1529,Montreal,2026,12,32.603
1531,Moore,2026,1,42.744
1531,Moore,2026,2,39.965
1531,Moore,2026,3,33.523
1531,Moore,2026,4,28.356
1531,Moore,2026,5,24.021
1531,Moore,2026,6,27.496
1531,Moore,2026,7,29.671
1531,Moore,2026,8,31.939
1531,Moore,2026,9,29.358
1531,Moore,2026,10,27.347
1531,Moore,2026,11,35.299
1531,Moore,2026,12,40.539
1532,Moradabad,2025,11,157.893
1532,Moradabad,2025,12,140.685
1532,Moradabad,2026,1,141.543
1532,Moradabad,2026,2,125.905
1532,Moradabad,2026,3,116.539
1532,Moradabad,2026,4,107.228
1532,Moradabad,2026,5,101.674
1532,Moradabad,2026,6,86.621
1532,Moradabad,2026,7,74.179
1532,Moradabad,2026,8,72.14
1532,Moradabad,2026,9,74.402
1532,Moradabad,2026,10,108.984
1533,Moraine,2019,1,37.25
1533,Moraine,2019,2,33.888
1533,Moraine,2019,3,28.806
1533,Moraine,2019,4,23.12
1533,Moraine,2019,5,20.494
1533,Moraine,2019,6,22.645
1533,Moraine,2019,7,24.448
1533,Moraine,2019,8,26.024
1533,Moraine,2019,9,24.305
1533,Moraine,2019,10,22.039
1533,Moraine,2019,11,28.893
1533,Moraine,2019,12,32.834
1535,"Morehead City, NC",2026,1,34.065
1535,"Morehead City, NC",2026,2,33.654
1535,"Morehead City, NC",2026,3,31.419
1535,"Morehead City, NC",2026,4,26.952
1535,"Morehead City, NC",2026,5,22.353
1535,"Morehead City, NC",2026,6,25.703
1535,"Morehead City, NC",2026,7,27.407
1535,"Morehead City, NC",2026,8,29.789
1535,"Morehead City, NC",2026,9,27.698
1535,"Morehead City, NC",2026,10,25.434
1535,"Morehead City, NC",2026,11,33.294
1535,"Morehead City, NC",2026,12,38.312
1536,Morgan,2026,1,34.065
1536,Morgan,2026,2,33.697
1536,Morgan,2026,3,31.201
1536,Morgan,2026,4,27.01
1536,Morgan,2026,5,22.889
1536,Morgan,2026,6,25.862
1536,Morgan,2026,7,27.407
1536,Morgan,2026,8,29.751
1536,Morgan,2026,9,27.698
1536,Morgan,2026,10,25.434
1536,Morgan,2026,11,33.337
1536,Morgan,2026,12,38.312
1537,Morgantown,2026,1,34.141
1537,Morgantown,2026,2,33.655
1537,Morgantown,2026,3,31.461
1537,Morgantown,2026,4,26.952
1537,Morgantown,2026,5,22.385
1537,Morgantown,2026,6,24.96
1537,Morgantown,2026,7,26.312
1537,Morgantown,2026,8,28.981
1537,Morgantown,2026,9,26.386
1537,Morgantown,2026,10,23.875
1537,Morgantown,2026,11,31.328
1537,Morgantown,2026,12,36.32
1539,Morristown,2015,1,50.267
1539,Morristown,2015,2,46.842
1539,Morristown,2015,3,38.992
1539,Morristown,2015,4,31.644
1539,Morristown,2015,5,27.061
1539,Morristown,2015,6,30.582
1539,Morristown,2015,7,33.121
1539,Morristown,2015,8,35.155
1539,Morristown,2015,9,33.148
1539,Morristown,2015,10,31.802
1539,Morristown,2015,11,38.993
1539,Morristown,2015,12,43.65
1540,Morro Bay,2026,1,49.26
1540,Morro Bay,2026,2,45.237
1540,Morro Bay,2026,3,38.508
1540,Morro Bay,2026,4,31.685
1540,Morro Bay,2026,5,26.968
1540,Morro Bay,2026,6,28.861
1540,Morro Bay,2026,7,31.347
1540,Morro Bay,2026,8,33.505
1540,Morro Bay,2026,9,31.127
1540,Morro Bay,2026,10,28.401
1540,Morro Bay,2026,11,37.266
1540,Morro Bay,2026,12,43.072
1541,Moscow,2026,1,24.799
1541,Moscow,2026,2,23.243
1541,Moscow,2026,3,19.913
1541,Moscow,2026,4,15.973
1541,Moscow,2026,5,13.401
1541,Moscow,2026,6,15.336
1541,Moscow,2026,7,16.527
1541,Moscow,2026,8,17.539
1541,Moscow,2026,9,15.293
1541,Moscow,2026,10,13.782
1541,Moscow,2026,11,18.271
1541,Moscow,2026,12,21.279
1542,Moses Lake,2026,1,29.739
1542,Moses Lake,2026,2,26.733
1542,Moses Lake,2026,3,21.984
1542,Moses Lake,2026,4,17.899
1542,Moses Lake,2026,5,15.088
1542,Moses Lake,2026,6,17.015
1542,Moses Lake,2026,7,18.61
1542,Moses Lake,2026,8,20.109
1542,Moses Lake,2026,9,18.789
1542,Moses Lake,2026,10,16.908
1542,Moses Lake,2026,11,21.514
1542,Moses Lake,2026,12,23.552
1544,Moulton,2026,1,23.581
1544,Moulton,2026,2,20.993
1544,Moulton,2026,3,17.118
1544,Moulton,2026,4,14.411
1544,Moulton,2026,5,12.412
1544,Moulton,2026,6,14.173
1544,Moulton,2026,7,15.094
1544,Moulton,2026,8,16.564
1544,Moulton,2026,9,14.455
1544,Moulton,2026,10,12.841
1544,Moulton,2026,11,16.587
1544,Moulton,2026,12,18.706
1545,Moundsville,2026,1,42.292
1545,Moundsville,2026,2,40.108
1545,Moundsville,2026,3,34.62
1545,Moundsville,2026,4,29.693
1545,Moundsville,2026,5,26.32
1545,Moundsville,2026,6,29.694
1545,Moundsville,2026,7,31.878
1545,Moundsville,2026,8,33.432
1545,Moundsville,2026,9,31.254
1545,Moundsville,2026,10,29.238
1545,Moundsville,2026,11,37.568
1545,Moundsville,2026,12,43.072
1546,Mount Carmel,2026,1,34.065
1546,Mount Carmel,2026,2,33.654
1546,Mount Carmel,2026,3,31.201
1546,Mount Carmel,2026,4,27.01
1546,Mount Carmel,2026,5,22.889
1546,Mount Carmel,2026,6,25.862
1546,Mount Carmel,2026,7,27.407
1546,Mount Carmel,2026,8,29.789
1546,Mount Carmel,2026,9,27.698
1546,Mount Carmel,2026,10,25.434
1546,Mount Carmel,2026,11,33.337
1546,Mount Carmel,2026,12,38.312
1547,Mount Charleston,2026,1,34.06
1547,Mount Charleston,2026,2,33.466
1547,Mount Charleston,2026,3,31.389
1547,Mount Charleston,2026,4,26.952
1547,Mount Charleston,2026,5,22.754
1547,Mount Charleston,2026,6,24.923
1547,Mount Charleston,2026,7,26.312
1547,Mount Charleston,2026,8,29.023
1547,Mount Charleston,2026,9,27.027
1547,Mount Charleston,2026,10,24.708
1547,Mount Charleston,2026,11,32.757
1547,Mount Charleston,2026,12,37.275
1548,Mount Crested Butte,2019,1,33.795
1548,Mount Crested Butte,2019,2,30.188
1548,Mount Crested Butte,2019,3,26.458
1548,Mount Crested Butte,2019,4,21.66
1548,Mount Crested Butte,2019,5,18.6
1548,Mount Crested Butte,2019,6,20.525
1548,Mount Crested Butte,2019,7,22.444
1548,Mount Crested Butte,2019,8,24.265
1548,Mount Crested Butte,2019,9,21.541
1548,Mount Crested Butte,2019,10,19.361
1548,Mount Crested Butte,2019,11,25.136
1548,Mount Crested Butte,2019,12,29.165
1549,"Mount Pleasant, TX",2026,1,34.109
1549,"Mount Pleasant, TX",2026,2,33.9
1549,"Mount Pleasant, TX",2026,3,31.299
1549,"Mount Pleasant, TX",2026,4,27.369
1549,"Mount Pleasant, TX",2026,5,23.421
1549,"Mount Pleasant, TX",2026,6,25.933
1549,"Mount Pleasant, TX",2026,7,27.492
1549,"Mount Pleasant, TX",2026,8,29.85
1549,"Mount Pleasant, TX",2026,9,26.979
1549,"Mount Pleasant, TX",2026,10,24.114
1549,"Mount Pleasant, TX",2026,11,32.091
1549,"Mount Pleasant, TX",2026,12,37.383
1550,Mount Shasta,2010,1,51.778
1550,Mount Shasta,2010,2,47.808
1550,Mount Shasta,2010,3,40.196
1550,Mount Shasta,2010,4,33.295
1550,Mount Shasta,2010,5,29.326
1550,Mount Shasta,2010,6,31.86
1550,Mount Shasta,2010,7,34.122
1550,Mount Shasta,2010,8,36.058
1550,Mount Shasta,2010,9,34.191
1550,Mount Shasta,2010,10,32.416
1550,Mount Shasta,2010,11,36.699
1550,Mount Shasta,2010,12,41.466
1551,Mount Vernon,2026,1,13.871
1551,Mount Vernon,2026,2,12.037
1551,Mount Vernon,2026,3,10.061
1551,Mount Vernon,2026,4,8.604
1551,Mount Vernon,2026,5,7.458
1551,Mount Vernon,2026,6,8.36
1551,Mount Vernon,2026,7,9.115
1551,Mount Vernon,2026,8,10.38
1551,Mount Vernon,2026,9,9.078
1551,Mount Vernon,2026,10,8.003
1551,Mount Vernon,2026,11,10.896
1551,Mount Vernon,2026,12,11.993
1552,"Mount Vernon, IL",2026,1,40.503
1552,"Mount Vernon, IL",2026,2,36.913
1552,"Mount Vernon, IL",2026,3,30.651
1552,"Mount Vernon, IL",2026,4,24.721
1552,"Mount Vernon, IL",2026,5,20.951
1552,"Mount Vernon, IL",2026,6,22.972
1552,"Mount Vernon, IL",2026,7,24.448
1552,"Mount Vernon, IL",2026,8,26.137
1552,"Mount Vernon, IL",2026,9,24.5
1552,"Mount Vernon, IL",2026,10,22.031
1552,"Mount Vernon, IL",2026,11,28.903
1552,"Mount Vernon, IL",2026,12,32.834
1553,"Mount Vernon-Anacortes, WA",2019,1,33.622
1553,"Mount Vernon-Anacortes, WA",2019,2,32.145
1553,"Mount Vernon-Anacortes, WA",2019,3,29.183
1553,"Mount Vernon-Anacortes, WA",2019,4,25.001
1553,"Mount Vernon-Anacortes, WA",2019,5,21.924
1553,"Mount Vernon-Anacortes, WA",2019,6,23.692
1553,"Mount Vernon-Anacortes, WA",2019,7,25.393
1553,"Mount Vernon-Anacortes, WA",2019,8,27.378
1553,"Mount Vernon-Anacortes, WA",2019,9,25.139
1553,"Mount Vernon-Anacortes, WA",2019,10,23.152
1553,"Mount Vernon-Anacortes, WA",2019,11,29.697
1553,"Mount Vernon-Anacortes, WA",2019,12,34.526
1554,Mountain View,2026,1,17.127
1554,Mountain View,2026,2,14.803
1554,Mountain View,2026,3,12.481
1554,Mountain View,2026,4,10.03
1554,Mountain View,2026,5,9.161
1554,Mountain View,2026,6,10.639
1554,Mountain View,2026,7,11.509
1554,Mountain View,2026,8,12.325
1554,Mountain View,2026,9,10.524
1554,Mountain View,2026,10,9.312
1554,Mountain View,2026,11,12.338
1554,Mountain View,2026,12,14.013
1555,Mountlake Terrace,2019,1,31.637
1555,Mountlake Terrace,2019,2,29.691
1555,Mountlake Terrace,2019,3,25.367
1555,Mountlake Terrace,2019,4,21.015
1555,Mountlake Terrace,2019,5,18.268
1555,Mountlake Terrace,2019,6,20.485
1555,Mountlake Terrace,2019,7,22.455
1555,Mountlake Terrace,2019,8,24.246
1555,Mountlake Terrace,2019,9,21.541
1555,Mountlake Terrace,2019,10,19.853
1555,Mountlake Terrace,2019,11,25.402
1555,Mountlake Terrace,2019,12,29.165
1559,Mumbai,2025,11,113.146
1559,Mumbai,2025,12,121.713
1559,Mumbai,2026,1,123.074
1559,Mumbai,2026,2,109.094
1559,Mumbai,2026,3,100.904
1559,Mumbai,2026,4,96.417
1559,Mumbai,2026,5,91.375
1559,Mumbai,2026,6,81.998
1559,Mumbai,2026,7,71.736
1559,Mumbai,2026,8,71.293
1559,Mumbai,2026,9,71.748
1559,Mumbai,2026,10,78.61
1560,Muncie,2026,1,42.755
1560,Muncie,2026,2,39.965
1560,Muncie,2026,3,33.713
1560,Muncie,2026,4,28.356
1560,Muncie,2026,5,24.021
1560,Muncie,2026,6,27.217
1560,Muncie,2026,7,29.671
1560,Muncie,2026,8,31.939
1560,Muncie,2026,9,29.358
1560,Muncie,2026,10,27.557
1560,Muncie,2026,11,35.299
1560,Muncie,2026,12,40.539
1562,Munich,2026,1,42.432
1562,Munich,2026,2,39.882
1562,Munich,2026,3,33.855
1562,Munich,2026,4,28.437
1562,Munich,2026,5,24.656
1562,Munich,2026,6,26.588
1562,Munich,2026,7,28.869
1562,Munich,2026,8,31.062
1562,Munich,2026,9,28.122
1562,Munich,2026,10,25.79
1562,Munich,2026,11,34.627
1562,Munich,2026,12,39.036
1563,Municipality of Monroeville (Monroeville),2016,1,33.091
1563,Municipality of Monroeville (Monroeville),2016,2,32.928
1563,Municipality of Monroeville (Monroeville),2016,3,28.842
1563,Municipality of Monroeville (Monroeville),2016,4,23.327
1563,Municipality of Monroeville (Monroeville),2016,5,20.349
1563,Municipality of Monroeville (Monroeville),2016,6,22.613
1563,Municipality of Monroeville (Monroeville),2016,7,24.494
1563,Municipality of Monroeville (Monroeville),2016,8,26.093
1563,Municipality of Monroeville (Monroeville),2016,9,24.201
1563,Municipality of Monroeville (Monroeville),2016,10,22.554
1563,Municipality of Monroeville (Monroeville),2016,11,29.054
1563,Municipality of Monroeville (Monroeville),2016,12,33.927
1564,Municipality of Murrysville (corp for Murrysville),2015,1,34.691
1564,Municipality of Murrysville (corp for Murrysville),2015,2,33.937
1564,Municipality of Murrysville (corp for Murrysville),2015,3,31.561
1564,Municipality of Murrysville (corp for Murrysville),2015,4,26.979
1564,Municipality of Murrysville (corp for Murrysville),2015,5,22.476
1564,Municipality of Murrysville (corp for Murrysville),2015,6,25.397
1564,Municipality of Murrysville (corp for Murrysville),2015,7,27.436
1564,Municipality of Murrysville (corp for Murrysville),2015,8,29.895
1564,Municipality of Murrysville (corp for Murrysville),2015,9,27.754
1564,Municipality of Murrysville (corp for Murrysville),2015,10,25.266
1564,Municipality of Murrysville (corp for Murrysville),2015,11,33.405
1564,Municipality of Murrysville (corp for Murrysville),2015,12,38.387
1566,Murray,2026,1,43.27
1566,Murray,2026,2,40.513
1566,Murray,2026,3,34.196
1566,Murray,2026,4,29.621
1566,Murray,2026,5,26.369
1566,Murray,2026,6,29.552
1566,Murray,2026,7,31.966
1566,Murray,2026,8,33.432
1566,Murray,2026,9,31.343
1566,Murray,2026,10,29.041
1566,Murray,2026,11,37.568
1566,Murray,2026,12,43.072
1567,Muscat,2026,1,113.174
1567,Muscat,2026,2,102.443
1567,Muscat,2026,3,87.937
1567,Muscat,2026,4,77.288
1567,Muscat,2026,5,73.645
1567,Muscat,2026,6,77.55
1567,Muscat,2026,7,84.1
1567,Muscat,2026,8,89.951
1567,Muscat,2026,9,83.075
1567,Muscat,2026,10,82.193
1567,Muscat,2026,11,98.465
1567,Muscat,2026,12,114.892
1568,Muscatine,2026,1,38.807
1568,Muscatine,2026,2,34.552
1568,Muscatine,2026,3,30.472
1568,Muscatine,2026,4,26.273
1568,Muscatine,2026,5,22.381
1568,Muscatine,2026,6,25.241
1568,Muscatine,2026,7,27.407
1568,Muscatine,2026,8,29.789
1568,Muscatine,2026,9,27.698
1568,Muscatine,2026,10,24.86
1568,Muscatine,2026,11,32.831
1568,Muscatine,2026,12,37.275
1569,Muscle Shoals,2020,1,38.39
1569,Muscle Shoals,2020,2,34.874
1569,Muscle Shoals,2020,3,30.471
1569,Muscle Shoals,2020,4,26.287
1569,Muscle Shoals,2020,5,22.349
1569,Muscle Shoals,2020,6,25.703
1569,Muscle Shoals,2020,7,27.313
1569,Muscle Shoals,2020,8,29.789
1569,Muscle Shoals,2020,9,27.698
1569,Muscle Shoals,2020,10,25.434
1569,Muscle Shoals,2020,11,33.305
1569,Muscle Shoals,2020,12,38.312
1570,Muskegon,2026,1,45.105
1570,Muskegon,2026,2,42.502
1570,Muskegon,2026,3,35.564
1570,Muskegon,2026,4,29.481
1570,Muskegon,2026,5,25.672
1570,Muskegon,2026,6,27.757
1570,Muskegon,2026,7,30.054
1570,Muskegon,2026,8,32.693
1570,Muskegon,2026,9,29.896
1570,Muskegon,2026,10,26.543
1570,Muskegon,2026,11,34.725
1570,Muskegon,2026,12,37.88
1571,Muskogee,2020,1,60.599
1571,Muskogee,2020,2,56.722
1571,Muskogee,2020,3,51.662
1571,Muskogee,2020,4,43.734
1571,Muskogee,2020,5,37.033
1571,Muskogee,2020,6,38.153
1571,Muskogee,2020,7,41.556
1571,Muskogee,2020,8,43.287
1571,Muskogee,2020,9,40.255
1571,Muskogee,2020,10,36.204
1571,Muskogee,2020,11,46.495
1571,Muskogee,2020,12,51.192
1572,"Muskogee, OK",2016,1,40.531
1572,"Muskogee, OK",2016,2,37.125
1572,"Muskogee, OK",2016,3,31.418
1572,"Muskogee, OK",2016,4,25.781
1572,"Muskogee, OK",2016,5,22.051
1572,"Muskogee, OK",2016,6,24.72
1572,"Muskogee, OK",2016,7,26.435
1572,"Muskogee, OK",2016,8,29.13
1572,"Muskogee, OK",2016,9,27.215
1572,"Muskogee, OK",2016,10,24.852
1572,"Muskogee, OK",2016,11,32.856
1572,"Muskogee, OK",2016,12,37.375
1573,Muzaffarnagar,2025,11,237.877
1573,Muzaffarnagar,2025,12,192.803
1573,Muzaffarnagar,2026,1,213.963
1573,Muzaffarnagar,2026,2,183.797
1573,Muzaffarnagar,2026,3,146.98
1573,Muzaffarnagar,2026,4,142.166
1573,Muzaffarnagar,2026,5,134.944
1573,Muzaffarnagar,2026,6,116.649
1573,Muzaffarnagar,2026,7,82.154
1573,Muzaffarnagar,2026,8,84.611
1573,Muzaffarnagar,2026,9,84.555
1573,Muzaffarnagar,2026,10,111.77
1574,Muzaffarpur,2025,11,108.05
1574,Muzaffarpur,2025,12,116.334
1574,Muzaffarpur,2026,1,130.638
1574,Muzaffarpur,2026,2,122.569
1574,Muzaffarpur,2026,3,108.745
1574,Muzaffarpur,2026,4,101.137
1574,Muzaffarpur,2026,5,95.831
1574,Muzaffarpur,2026,6,82.518
1574,Muzaffarpur,2026,7,72.29
1574,Muzaffarpur,2026,8,72.996
1574,Muzaffarpur,2026,9,73.216
1574,Muzaffarpur,2026,10,116.589
1576,Mysuru,2025,11,59.687
1576,Mysuru,2025,12,70.091
1576,Mysuru,2026,1,74.339
1576,Mysuru,2026,2,74.934
1576,Mysuru,2026,3,69.463
1576,Mysuru,2026,4,66.704
1576,Mysuru,2026,5,63.102
1576,Mysuru,2026,6,63.182
1576,Mysuru,2026,7,59.552
1576,Mysuru,2026,8,57.969
1576,Mysuru,2026,9,58.821
1576,Mysuru,2026,10,83.285
1578,Nagaon,2025,11,71.315
1578,Nagaon,2025,12,77.505
1578,Nagaon,2026,1,83.517
1578,Nagaon,2026,2,83.275
1578,Nagaon,2026,3,79.582
1578,Nagaon,2026,4,75.117
1578,Nagaon,2026,5,71.144
1578,Nagaon,2026,6,68.781
1578,Nagaon,2026,7,63.524
1578,Nagaon,2026,8,64.123
1578,Nagaon,2026,9,66.3
1578,Nagaon,2026,10,95.687
1582,Nagda,2016,1,122.494
1582,Nagda,2016,2,120.127
1582,Nagda,2016,3,115.1
1582,Nagda,2016,4,107.583
1582,Nagda,2016,5,105.911
1582,Nagda,2016,6,104.349
1582,Nagda,2016,7,103.281
1582,Nagda,2016,8,105.911
1582,Nagda,2016,9,105.185
1582,Nagda,2016,10,118.657
1582,Nagda,2016,11,137.228
1582,Nagda,2016,12,145.987
1583,Nagoya,2026,1,52.196
1583,Nagoya,2026,2,49.61
1583,Nagoya,2026,3,43.058
1583,Nagoya,2026,4,38.417
1583,Nagoya,2026,5,35.291
1583,Nagoya,2026,6,38.521
1583,Nagoya,2026,7,43.029
1583,Nagoya,2026,8,47.613
1583,Nagoya,2026,9,42.792
1583,Nagoya,2026,10,39.607
1583,Nagoya,2026,11,48.411
1583,Nagoya,2026,12,53.694
1584,Nagpur,2025,11,108.757
1584,Nagpur,2025,12,114.799
1584,Nagpur,2026,1,122.28
1584,Nagpur,2026,2,110.946
1584,Nagpur,2026,3,101.001
1584,Nagpur,2026,4,96.315
1584,Nagpur,2026,5,92.443
1584,Nagpur,2026,6,83.171
1584,Nagpur,2026,7,74.961
1584,Nagpur,2026,8,72.288
1584,Nagpur,2026,9,73.721
1584,Nagpur,2026,10,89.334
1586,Naharlagun,2025,11,58.453
1586,Naharlagun,2025,12,74.825
1586,Naharlagun,2026,1,77.685
1586,Naharlagun,2026,2,75.781
1586,Naharlagun,2026,3,70.951
1586,Naharlagun,2026,4,66.569
1586,Naharlagun,2026,5,62.763
1586,Naharlagun,2026,6,58.911
1586,Naharlagun,2026,7,53.111
1586,Naharlagun,2026,8,52.965
1586,Naharlagun,2026,9,55.386
1586,Naharlagun,2026,10,82.938
1587,Nairobi,2026,1,67.238
1587,Nairobi,2026,2,63.518
1587,Nairobi,2026,3,57.565
1587,Nairobi,2026,4,52.826
1587,Nairobi,2026,5,48.611
1587,Nairobi,2026,6,50.604
1587,Nairobi,2026,7,52.234
1587,Nairobi,2026,8,55.238
1587,Nairobi,2026,9,52.602
1587,Nairobi,2026,10,47.543
1587,Nairobi,2026,11,56.186
1587,Nairobi,2026,12,63.049
1588,Nalagarh,2016,1,148.075
1588,Nalagarh,2016,2,139.022
1588,Nalagarh,2016,3,133.383
1588,Nalagarh,2016,4,126.158
1588,Nalagarh,2016,5,122.341
1588,Nalagarh,2016,6,116.268
1588,Nalagarh,2016,7,109.654
1588,Nalagarh,2016,8,110.241
1588,Nalagarh,2016,9,111.198
1588,Nalagarh,2016,10,127.291
1588,Nalagarh,2016,11,143.708
1588,Nalagarh,2016,12,153.126
1589,Nalbari,2025,11,98.972
1589,Nalbari,2025,12,106.078
1589,Nalbari,2026,1,108.061
1589,Nalbari,2026,2,105.493
1589,Nalbari,2026,3,99.303
1589,Nalbari,2026,4,92.686
1589,Nalbari,2026,5,85.872
1589,Nalbari,2026,6,80.076
1589,Nalbari,2026,7,73.709
1589,Nalbari,2026,8,71.275
1589,Nalbari,2026,9,72.037
1589,Nalbari,2026,10,93.269
1590,Nalgonda,2016,1,98.771
1590,Nalgonda,2016,2,98.907
1590,Nalgonda,2016,3,92.864
1590,Nalgonda,2016,4,85.718
1590,Nalgonda,2016,5,82.287
1590,Nalgonda,2016,6,82.642
1590,Nalgonda,2016,7,81.504
1590,Nalgonda,2016,8,81.137
1590,Nalgonda,2016,9,82.051
1590,Nalgonda,2016,10,91.619
1590,Nalgonda,2016,11,106.446
1590,Nalgonda,2016,12,115.898
1593,Nampa,2026,1,29.299
1593,Nampa,2026,2,27.784
1593,Nampa,2026,3,23.583
1593,Nampa,2026,4,20.195
1593,Nampa,2026,5,17.257
1593,Nampa,2026,6,19.301
1593,Nampa,2026,7,20.865
1593,Nampa,2026,8,22.509
1593,Nampa,2026,9,20.218
1593,Nampa,2026,10,18.161
1593,Nampa,2026,11,23.699
1593,Nampa,2026,12,26.885
1594,Nanjing,2026,1,115.111
1594,Nanjing,2026,2,102.113
1594,Nanjing,2026,3,87.805
1594,Nanjing,2026,4,76.56
1594,Nanjing,2026,5,69.728
1594,Nanjing,2026,6,70.009
1594,Nanjing,2026,7,72.072
1594,Nanjing,2026,8,75.742
1594,Nanjing,2026,9,73.135
1594,Nanjing,2026,10,73.488
1594,Nanjing,2026,11,90.605
1594,Nanjing,2026,12,105.592
1595,Nanticoke,2015,1,34.509
1595,Nanticoke,2015,2,33.98
1595,Nanticoke,2015,3,31.29
1595,Nanticoke,2015,4,27.037
1595,Nanticoke,2015,5,22.968
1595,Nanticoke,2015,6,25.791
1595,Nanticoke,2015,7,27.348
1595,Nanticoke,2015,8,29.858
1595,Nanticoke,2015,9,27.626
1595,Nanticoke,2015,10,25.49
1595,Nanticoke,2015,11,33.436
1595,Nanticoke,2015,12,38.387
1596,Napa,2020,1,32.265
1596,Napa,2020,2,30.761
1596,Napa,2020,3,26.216
1596,Napa,2020,4,21.698
1596,Napa,2020,5,18.444
1596,Napa,2020,6,20.485
1596,Napa,2020,7,22.367
1596,Napa,2020,8,24.246
1596,Napa,2020,9,21.453
1596,Napa,2020,10,19.853
1596,Napa,2020,11,24.928
1596,Napa,2020,12,28.239
1597,Naperville,2026,1,48.473
1597,Naperville,2026,2,44.042
1597,Naperville,2026,3,37.18
1597,Naperville,2026,4,30.564
1597,Naperville,2026,5,25.839
1597,Naperville,2026,6,27.645
1597,Naperville,2026,7,29.945
1597,Naperville,2026,8,32.019
1597,Naperville,2026,9,29.933
1597,Naperville,2026,10,26.455
1597,Naperville,2026,11,34.847
1597,Naperville,2026,12,37.88
1598,Naples,2026,1,62.982
1598,Naples,2026,2,59.0
1598,Naples,2026,3,52.911
1598,Naples,2026,4,46.068
1598,Naples,2026,5,40.611
1598,Naples,2026,6,43.701
1598,Naples,2026,7,45.698
1598,Naples,2026,8,47.421
1598,Naples,2026,9,45.539
1598,Naples,2026,10,43.156
1598,Naples,2026,11,52.066
1598,Naples,2026,12,57.751
1599,Naples,2026,1,40.925
1599,Naples,2026,2,36.492
1599,Naples,2026,3,30.665
1599,Naples,2026,4,24.45
1599,Naples,2026,5,20.866
1599,Naples,2026,6,22.757
1599,Naples,2026,7,24.552
1599,Naples,2026,8,26.024
1599,Naples,2026,9,24.428
1599,Naples,2026,10,21.833
1599,Naples,2026,11,29.136
1599,Naples,2026,12,33.828
1600,Narnaul,2025,11,202.813
1600,Narnaul,2025,12,177.965
1600,Narnaul,2026,1,162.598
1600,Narnaul,2026,2,149.071
1600,Narnaul,2026,3,136.55
1600,Narnaul,2026,4,129.038
1600,Narnaul,2026,5,118.218
1600,Narnaul,2026,6,98.554
1600,Narnaul,2026,7,72.158
1600,Narnaul,2026,8,69.73
1600,Narnaul,2026,9,70.478
1600,Narnaul,2026,10,109.761
1601,Nashik,2025,11,107.281
1601,Nashik,2025,12,115.652
1601,Nashik,2026,1,122.28
1601,Nashik,2026,2,112.093
1601,Nashik,2026,3,104.808
1601,Nashik,2026,4,100.2
1601,Nashik,2026,5,96.383
1601,Nashik,2026,6,87.483
1601,Nashik,2026,7,76.05
1601,Nashik,2026,8,75.653
1601,Nashik,2026,9,74.14
1601,Nashik,2026,10,93.437
1602,Nashua,2026,1,31.798
1602,Nashua,2026,2,29.209
1602,Nashua,2026,3,25.098
1602,Nashua,2026,4,20.977
1602,Nashua,2026,5,17.715
1602,Nashua,2026,6,19.543
1602,Nashua,2026,7,20.943
1602,Nashua,2026,8,22.621
1602,Nashua,2026,9,20.547
1602,Nashua,2026,10,18.349
1602,Nashua,2026,11,23.908
1602,Nashua,2026,12,26.878
1603,Nashville,2026,1,40.958
1603,Nashville,2026,2,36.93
1603,Nashville,2026,3,30.651
1603,Nashville,2026,4,24.742
1603,Nashville,2026,5,20.951
1603,Nashville,2026,6,23.066
1603,Nashville,2026,7,25.311
1603,Nashville,2026,8,27.396
1603,Nashville,2026,9,24.836
1603,Nashville,2026,10,22.345
1603,Nashville,2026,11,28.903
1603,Nashville,2026,12,32.942
1604,Nashville-Davidson (Remainder),2026,1,44.161
1604,Nashville-Davidson (Remainder),2026,2,41.169
1604,Nashville-Davidson (Remainder),2026,3,35.147
1604,Nashville-Davidson (Remainder),2026,4,29.701
1604,Nashville-Davidson (Remainder),2026,5,25.672
1604,Nashville-Davidson (Remainder),2026,6,27.85
1604,Nashville-Davidson (Remainder),2026,7,30.054
1604,Nashville-Davidson (Remainder),2026,8,32.693
1604,Nashville-Davidson (Remainder),2026,9,29.923
1604,Nashville-Davidson (Remainder),2026,10,26.543
1604,Nashville-Davidson (Remainder),2026,11,34.725
1604,Nashville-Davidson (Remainder),2026,12,37.88
1605,"Nashville-Davidson--Murfreesboro--Franklin, TN",2026,1,34.065
1605,"Nashville-Davidson--Murfreesboro--Franklin, TN",2026,2,33.654
1605,"Nashville-Davidson--Murfreesboro--Franklin, TN",2026,3,31.201
1605,"Nashville-Davidson--Murfreesboro--Franklin, TN",2026,4,27.01
1605,"Nashville-Davidson--Murfreesboro--Franklin, TN",2026,5,22.889
1605,"Nashville-Davidson--Murfreesboro--Franklin, TN",2026,6,25.862
1605,"Nashville-Davidson--Murfreesboro--Franklin, TN",2026,7,27.407
1605,"Nashville-Davidson--Murfreesboro--Franklin, TN",2026,8,29.789
1605,"Nashville-Davidson--Murfreesboro--Franklin, TN",2026,9,27.698
1605,"Nashville-Davidson--Murfreesboro--Franklin, TN",2026,10,25.434
1605,"Nashville-Davidson--Murfreesboro--Franklin, TN",2026,11,33.337
1605,"Nashville-Davidson--Murfreesboro--Franklin, TN",2026,12,38.312
1606,Natchez,2012,1,49.413
1606,Natchez,2012,2,46.15
1606,Natchez,2012,3,40.736
1606,Natchez,2012,4,33.703
1606,Natchez,2012,5,29.699
1606,Natchez,2012,6,32.224
1606,Natchez,2012,7,34.722
1606,Natchez,2012,8,35.275
1606,Natchez,2012,9,33.414
1606,Natchez,2012,10,32.148
1606,Natchez,2012,11,38.42
1606,Natchez,2012,12,43.607
1609,Navi Mumbai,2025,11,112.478
1609,Navi Mumbai,2025,12,123.53
1609,Navi Mumbai,2026,1,126.316
1609,Navi Mumbai,2026,2,117.628
1609,Navi Mumbai,2026,3,106.143
1609,Navi Mumbai,2026,4,99.664
1609,Navi Mumbai,2026,5,92.94
1609,Navi Mumbai,2026,6,84.752
1609,Navi Mumbai,2026,7,76.331
1609,Navi Mumbai,2026,8,77.25
1609,Navi Mumbai,2026,9,76.04
1609,Navi Mumbai,2026,10,93.998
1611,Nazareth,2016,1,30.337
1611,Nazareth,2016,2,27.519
1611,Nazareth,2016,3,22.848
1611,Nazareth,2016,4,19.066
1611,Nazareth,2016,5,16.245
1611,Nazareth,2016,6,18.319
1611,Nazareth,2016,7,19.592
1611,Nazareth,2016,8,21.235
1611,Nazareth,2016,9,19.385
1611,Nazareth,2016,10,17.529
1611,Nazareth,2016,11,22.786
1611,Nazareth,2016,12,25.278
1612,Nazlini (Trading Post),2026,1,11.309
1612,Nazlini (Trading Post),2026,2,10.008
1612,Nazlini (Trading Post),2026,3,8.657
1612,Nazlini (Trading Post),2026,4,7.192
1612,Nazlini (Trading Post),2026,5,6.429
1612,Nazlini (Trading Post),2026,6,6.683
1612,Nazlini (Trading Post),2026,7,6.315
1612,Nazlini (Trading Post),2026,8,6.506
1612,Nazlini (Trading Post),2026,9,4.304
1612,Nazlini (Trading Post),2026,10,4.074
1612,Nazlini (Trading Post),2026,11,7.318
1612,Nazlini (Trading Post),2026,12,8.415
1613,Neah Bay,2026,1,19.022
1613,Neah Bay,2026,2,16.002
1613,Neah Bay,2026,3,13.988
1613,Neah Bay,2026,4,10.982
1613,Neah Bay,2026,5,9.137
1613,Neah Bay,2026,6,10.549
1613,Neah Bay,2026,7,11.509
1613,Neah Bay,2026,8,12.325
1613,Neah Bay,2026,9,10.524
1613,Neah Bay,2026,10,9.377
1613,Neah Bay,2026,11,12.423
1613,Neah Bay,2026,12,14.013
1614,Nederland,2026,1,34.248
1614,Nederland,2026,2,33.61
1614,Nederland,2026,3,31.444
1614,Nederland,2026,4,26.952
1614,Nederland,2026,5,22.532
1614,Nederland,2026,6,25.534
1614,Nederland,2026,7,27.407
1614,Nederland,2026,8,29.831
1614,Nederland,2026,9,27.698
1614,Nederland,2026,10,25.152
1614,Nederland,2026,11,33.378
1614,Nederland,2026,12,38.312
1616,Neosho,2026,1,38.807
1616,Neosho,2026,2,34.874
1616,Neosho,2026,3,30.504
1616,Neosho,2026,4,26.273
1616,Neosho,2026,5,22.39
1616,Neosho,2026,6,25.824
1616,Neosho,2026,7,27.407
1616,Neosho,2026,8,29.831
1616,Neosho,2026,9,27.698
1616,Neosho,2026,10,25.434
1616,Neosho,2026,11,33.305
1616,Neosho,2026,12,38.312
1617,New Albany,2026,1,39.486
1617,New Albany,2026,2,34.874
1617,New Albany,2026,3,30.005
1617,New Albany,2026,4,26.273
1617,New Albany,2026,5,22.186
1617,New Albany,2026,6,24.829
1617,New Albany,2026,7,26.098
1617,New Albany,2026,8,29.023
1617,New Albany,2026,9,27.027
1617,New Albany,2026,10,24.708
1617,New Albany,2026,11,32.879
1617,New Albany,2026,12,37.275
1618,New Castle,2020,1,47.345
1618,New Castle,2020,2,44.271
1618,New Castle,2020,3,37.351
1618,New Castle,2020,4,30.644
1618,New Castle,2020,5,26.33
1618,New Castle,2020,6,28.724
1618,New Castle,2020,7,31.347
1618,New Castle,2020,8,33.505
1618,New Castle,2020,9,31.072
1618,New Castle,2020,10,28.489
1618,New Castle,2020,11,37.266
1618,New Castle,2020,12,43.072
1619,New Haven,2026,1,34.13
1619,New Haven,2026,2,31.842
1619,New Haven,2026,3,28.16
1619,New Haven,2026,4,23.377
1619,New Haven,2026,5,20.528
1619,New Haven,2026,6,22.557
1619,New Haven,2026,7,24.448
1619,New Haven,2026,8,26.118
1619,New Haven,2026,9,24.5
1619,New Haven,2026,10,21.951
1619,New Haven,2026,11,28.806
1619,New Haven,2026,12,32.834
1620,New Madrid,2026,1,34.06
1620,New Madrid,2026,2,33.709
1620,New Madrid,2026,3,31.302
1620,New Madrid,2026,4,27.223
1620,New Madrid,2026,5,23.48
1620,New Madrid,2026,6,25.942
1620,New Madrid,2026,7,27.467
1620,New Madrid,2026,8,29.831
1620,New Madrid,2026,9,27.515
1620,New Madrid,2026,10,24.837
1620,New Madrid,2026,11,32.757
1620,New Madrid,2026,12,37.275
1621,New Market,2026,1,34.065
1621,New Market,2026,2,33.84
1621,New Market,2026,3,31.181
1621,New Market,2026,4,27.157
1621,New Market,2026,5,22.777
1621,New Market,2026,6,26.005
1621,New Market,2026,7,28.187
1621,New Market,2026,8,30.999
1621,New Market,2026,9,28.705
1621,New Market,2026,10,26.41
1621,New Market,2026,11,34.522
1621,New Market,2026,12,37.88
1623,New Orleans,2026,1,38.39
1623,New Orleans,2026,2,34.347
1623,New Orleans,2026,3,30.221
1623,New Orleans,2026,4,26.273
1623,New Orleans,2026,5,22.528
1623,New Orleans,2026,6,24.829
1623,New Orleans,2026,7,26.312
1623,New Orleans,2026,8,29.023
1623,New Orleans,2026,9,27.027
1623,New Orleans,2026,10,24.708
1623,New Orleans,2026,11,32.879
1623,New Orleans,2026,12,37.275
1624,"New Orleans-Metairie, LA",2026,1,39.65
1624,"New Orleans-Metairie, LA",2026,2,35.828
1624,"New Orleans-Metairie, LA",2026,3,30.613
1624,"New Orleans-Metairie, LA",2026,4,24.596
1624,"New Orleans-Metairie, LA",2026,5,20.833
1624,"New Orleans-Metairie, LA",2026,6,23.528
1624,"New Orleans-Metairie, LA",2026,7,25.39
1624,"New Orleans-Metairie, LA",2026,8,27.284
1624,"New Orleans-Metairie, LA",2026,9,25.067
1624,"New Orleans-Metairie, LA",2026,10,23.798
1624,"New Orleans-Metairie, LA",2026,11,29.896
1624,"New Orleans-Metairie, LA",2026,12,34.526
1625,New Paris,2026,1,41.494
1625,New Paris,2026,2,37.736
1625,New Paris,2026,3,31.339
1625,New Paris,2026,4,25.57
1625,New Paris,2026,5,21.656
1625,New Paris,2026,6,24.368
1625,New Paris,2026,7,26.312
1625,New Paris,2026,8,28.943
1625,New Paris,2026,9,26.386
1625,New Paris,2026,10,24.719
1625,New Paris,2026,11,32.114
1625,New Paris,2026,12,37.275
1626,New Roads,2026,1,34.202
1626,New Roads,2026,2,33.466
1626,New Roads,2026,3,31.461
1626,New Roads,2026,4,26.952
1626,New Roads,2026,5,22.302
1626,New Roads,2026,6,24.821
1626,New Roads,2026,7,26.098
1626,New Roads,2026,8,29.023
1626,New Roads,2026,9,27.027
1626,New Roads,2026,10,24.699
1626,New Roads,2026,11,32.879
1626,New Roads,2026,12,37.275
1627,New York,2026,1,40.645
1627,New York,2026,2,36.015
1627,New York,2026,3,30.592
1627,New York,2026,4,24.45
1627,New York,2026,5,20.549
1627,New York,2026,6,22.85
1627,New York,2026,7,24.448
1627,New York,2026,8,26.118
1627,New York,2026,9,24.428
1627,New York,2026,10,21.951
1627,New York,2026,11,28.806
1627,New York,2026,12,32.834
1628,"New York-Newark-Jersey City, NY-NJ-PA",2026,1,30.23
1628,"New York-Newark-Jersey City, NY-NJ-PA",2026,2,28.068
1628,"New York-Newark-Jersey City, NY-NJ-PA",2026,3,24.127
1628,"New York-Newark-Jersey City, NY-NJ-PA",2026,4,20.088
1628,"New York-Newark-Jersey City, NY-NJ-PA",2026,5,17.731
1628,"New York-Newark-Jersey City, NY-NJ-PA",2026,6,19.74
1628,"New York-Newark-Jersey City, NY-NJ-PA",2026,7,21.047
1628,"New York-Newark-Jersey City, NY-NJ-PA",2026,8,23.243
1628,"New York-Newark-Jersey City, NY-NJ-PA",2026,9,21.141
1628,"New York-Newark-Jersey City, NY-NJ-PA",2026,10,19.265
1628,"New York-Newark-Jersey City, NY-NJ-PA",2026,11,25.466
1628,"New York-Newark-Jersey City, NY-NJ-PA",2026,12,29.165
1629,Newark,2026,1,41.676
1629,Newark,2026,2,37.487
1629,Newark,2026,3,31.367
1629,Newark,2026,4,25.482
1629,Newark,2026,5,21.688
1629,Newark,2026,6,23.964
1629,Newark,2026,7,25.498
1629,Newark,2026,8,27.284
1629,Newark,2026,9,25.067
1629,Newark,2026,10,23.224
1629,Newark,2026,11,29.97
1629,Newark,2026,12,34.526
1630,Newburgh,2026,1,33.147
1630,Newburgh,2026,2,31.927
1630,Newburgh,2026,3,27.939
1630,Newburgh,2026,4,22.38
1630,Newburgh,2026,5,19.905
1630,Newburgh,2026,6,21.381
1630,Newburgh,2026,7,23.332
1630,Newburgh,2026,8,25.304
1630,Newburgh,2026,9,22.844
1630,Newburgh,2026,10,20.49
1630,Newburgh,2026,11,26.157
1630,Newburgh,2026,12,31.055
1631,Newburgh Heights,2026,1,53.416
1631,Newburgh Heights,2026,2,50.831
1631,Newburgh Heights,2026,3,43.334
1631,Newburgh Heights,2026,4,36.283
1631,Newburgh Heights,2026,5,30.957
1631,Newburgh Heights,2026,6,33.404
1631,Newburgh Heights,2026,7,35.389
1631,Newburgh Heights,2026,8,37.366
1631,Newburgh Heights,2026,9,35.841
1631,Newburgh Heights,2026,10,33.38
1631,Newburgh Heights,2026,11,40.325
1631,Newburgh Heights,2026,12,45.23
1632,Newbury,2010,1,34.539
1632,Newbury,2010,2,33.957
1632,Newbury,2010,3,31.529
1632,Newbury,2010,4,27.338
1632,Newbury,2010,5,23.67
1632,Newbury,2010,6,25.896
1632,Newbury,2010,7,27.723
1632,Newbury,2010,8,30.018
1632,Newbury,2010,9,28.584
1632,Newbury,2010,10,25.695
1632,Newbury,2010,11,33.69
1632,Newbury,2010,12,38.407
1633,Newburyport,2018,1,34.84
1633,Newburyport,2018,2,33.63
1633,Newburyport,2018,3,31.498
1633,Newburyport,2018,4,26.999
1633,Newburyport,2018,5,22.985
1633,Newburyport,2018,6,24.964
1633,Newburyport,2018,7,26.435
1633,Newburyport,2018,8,29.13
1633,Newburyport,2018,9,27.083
1633,Newburyport,2018,10,24.764
1633,Newburyport,2018,11,32.856
1633,Newburyport,2018,12,37.375
1634,Newcastle,2026,1,17.55
1634,Newcastle,2026,2,14.974
1634,Newcastle,2026,3,12.504
1634,Newcastle,2026,4,10.016
1634,Newcastle,2026,5,9.184
1634,Newcastle,2026,6,10.568
1634,Newcastle,2026,7,11.509
1634,Newcastle,2026,8,12.325
1634,Newcastle,2026,9,10.524
1634,Newcastle,2026,10,9.34
1634,Newcastle,2026,11,12.357
1634,Newcastle,2026,12,14.013
1635,Newport,2026,1,43.452
1635,Newport,2026,2,39.198
1635,Newport,2026,3,33.345
1635,Newport,2026,4,28.299
1635,Newport,2026,5,24.166
1635,Newport,2026,6,26.676
1635,Newport,2026,7,29.217
1635,Newport,2026,8,31.635
1635,Newport,2026,9,29.446
1635,Newport,2026,10,26.691
1635,Newport,2026,11,34.847
1635,Newport,2026,12,37.88
1636,Niagara Falls,2014,1,42.747
1636,Niagara Falls,2014,2,38.695
1636,Niagara Falls,2014,3,32.191
1636,Niagara Falls,2014,4,26.747
1636,Niagara Falls,2014,5,22.683
1636,Niagara Falls,2014,6,24.769
1636,Niagara Falls,2014,7,26.342
1636,Niagara Falls,2014,8,29.087
1636,Niagara Falls,2014,9,27.083
1636,Niagara Falls,2014,10,24.764
1636,Niagara Falls,2014,11,32.856
1636,Niagara Falls,2014,12,37.339
1637,Nicholasville,2025,9,26.772
1637,Nicholasville,2025,10,24.073
1637,Nicholasville,2025,11,32.091
1637,Nicholasville,2025,12,37.275
1637,Nicholasville,2026,1,36.1
1637,Nicholasville,2026,2,32.969
1637,Nicholasville,2026,3,27.645
1637,Nicholasville,2026,4,22.36
1637,Nicholasville,2026,5,19.905
1637,Nicholasville,2026,6,21.381
1637,Nicholasville,2026,7,23.332
1637,Nicholasville,2026,8,25.304
1638,Nilwood,2026,1,35.467
1638,Nilwood,2026,2,32.27
1638,Nilwood,2026,3,27.545
1638,Nilwood,2026,4,22.365
1638,Nilwood,2026,5,19.677
1638,Nilwood,2026,6,21.23
1638,Nilwood,2026,7,23.348
1638,Nilwood,2026,8,25.285
1638,Nilwood,2026,9,22.683
1638,Nilwood,2026,10,20.803
1638,Nilwood,2026,11,25.94
1638,Nilwood,2026,12,29.76
1639,Nipomo,2026,1,42.425
1639,Nipomo,2026,2,38.51
1639,Nipomo,2026,3,32.133
1639,Nipomo,2026,4,26.699
1639,Nipomo,2026,5,22.302
1639,Nipomo,2026,6,24.829
1639,Nipomo,2026,7,26.098
1639,Nipomo,2026,8,29.023
1639,Nipomo,2026,9,27.027
1639,Nipomo,2026,10,24.708
1639,Nipomo,2026,11,32.879
1639,Nipomo,2026,12,37.275
1641,Noble,2026,1,27.691
1641,Noble,2026,2,25.041
1641,Noble,2026,3,21.642
1641,Noble,2026,4,17.631
1641,Noble,2026,5,15.088
1641,Noble,2026,6,17.026
1641,Noble,2026,7,18.61
1641,Noble,2026,8,20.109
1641,Noble,2026,9,18.789
1641,Noble,2026,10,16.908
1641,Noble,2026,11,21.514
1641,Noble,2026,12,23.552
1642,Noblesville,2026,1,34.065
1642,Noblesville,2026,2,33.697
1642,Noblesville,2026,3,31.201
1642,Noblesville,2026,4,27.01
1642,Noblesville,2026,5,22.845
1642,Noblesville,2026,6,25.862
1642,Noblesville,2026,7,27.225
1642,Noblesville,2026,8,29.751
1642,Noblesville,2026,9,27.61
1642,Noblesville,2026,10,25.434
1642,Noblesville,2026,11,33.337
1642,Noblesville,2026,12,38.312
1643,Nogales,2026,1,52.718
1643,Nogales,2026,2,48.962
1643,Nogales,2026,3,40.559
1643,Nogales,2026,4,33.024
1643,Nogales,2026,5,29.194
1643,Nogales,2026,6,32.117
1643,Nogales,2026,7,34.613
1643,Nogales,2026,8,35.232
1643,Nogales,2026,9,33.35
1643,Nogales,2026,10,31.619
1643,Nogales,2026,11,38.894
1643,Nogales,2026,12,43.578
1644,Noida,2025,5,146.721
1644,Noida,2025,6,131.083
1644,Noida,2025,7,114.668
1644,Noida,2025,8,110.828
1644,Noida,2025,9,108.204
1644,Noida,2025,10,123.228
1644,Noida,2025,11,141.621
1644,Noida,2025,12,139.187
1644,Noida,2026,1,141.251
1644,Noida,2026,2,126.132
1644,Noida,2026,3,118.106
1644,Noida,2026,4,109.226
1646,Norco,2026,1,56.934
1646,Norco,2026,2,53.353
1646,Norco,2026,3,47.628
1646,Norco,2026,4,39.221
1646,Norco,2026,5,35.36
1646,Norco,2026,6,36.732
1646,Norco,2026,7,38.509
1646,Norco,2026,8,41.381
1646,Norco,2026,9,37.832
1646,Norco,2026,10,34.255
1646,Norco,2026,11,40.83
1646,Norco,2026,12,42.987
1647,Norfolk,2026,1,35.077
1647,Norfolk,2026,2,31.864
1647,Norfolk,2026,3,26.542
1647,Norfolk,2026,4,21.664
1647,Norfolk,2026,5,18.835
1647,Norfolk,2026,6,20.525
1647,Norfolk,2026,7,22.444
1647,Norfolk,2026,8,24.359
1647,Norfolk,2026,9,21.781
1647,Norfolk,2026,10,19.361
1647,Norfolk,2026,11,25.136
1647,Norfolk,2026,12,29.165
1648,Normal,2026,1,43.447
1648,Normal,2026,2,40.656
1648,Normal,2026,3,34.365
1648,Normal,2026,4,29.693
1648,Normal,2026,5,26.341
1648,Normal,2026,6,29.695
1648,Normal,2026,7,31.878
1648,Normal,2026,8,33.432
1648,Normal,2026,9,31.254
1648,Normal,2026,10,29.394
1648,Normal,2026,11,37.568
1648,Normal,2026,12,43.072
1649,Norristown,2026,1,38.807
1649,Norristown,2026,2,34.552
1649,Norristown,2026,3,30.472
1649,Norristown,2026,4,26.273
1649,Norristown,2026,5,22.381
1649,Norristown,2026,6,25.241
1649,Norristown,2026,7,27.407
1649,Norristown,2026,8,29.831
1649,Norristown,2026,9,27.698
1649,Norristown,2026,10,24.86
1649,Norristown,2026,11,32.831
1649,Norristown,2026,12,37.275
1650,North Adams,2026,1,38.032
1650,North Adams,2026,2,34.158
1650,North Adams,2026,3,30.149
1650,North Adams,2026,4,26.293
1650,North Adams,2026,5,23.053
1650,North Adams,2026,6,25.771
1650,North Adams,2026,7,27.467
1650,North Adams,2026,8,29.831
1650,North Adams,2026,9,27.383
1650,North Adams,2026,10,24.749
1650,North Adams,2026,11,32.757
1650,North Adams,2026,12,37.275
1651,North Amherst,2015,1,34.503
1651,North Amherst,2015,2,33.92
1651,North Amherst,2015,3,31.411
1651,North Amherst,2015,4,27.217
1651,North Amherst,2015,5,23.604
1651,North Amherst,2015,6,25.883
1651,North Amherst,2015,7,27.601
1651,North Amherst,2015,8,29.895
1651,North Amherst,2015,9,27.529
1651,North Amherst,2015,10,24.764
1651,North Amherst,2015,11,32.856
1651,North Amherst,2015,12,37.317
1652,North Bend (Northbend),2026,1,22.683
1652,North Bend (Northbend),2026,2,19.545
1652,North Bend (Northbend),2026,3,16.139
1652,North Bend (Northbend),2026,4,13.308
1652,North Bend (Northbend),2026,5,11.893
1652,North Bend (Northbend),2026,6,12.79
1652,North Bend (Northbend),2026,7,13.181
1652,North Bend (Northbend),2026,8,14.21
1652,North Bend (Northbend),2026,9,13.025
1652,North Bend (Northbend),2026,10,12.215
1652,North Bend (Northbend),2026,11,15.613
1652,North Bend (Northbend),2026,12,18.01
1653,North Braddock,2026,1,48.358
1653,North Braddock,2026,2,44.042
1653,North Braddock,2026,3,37.18
1653,North Braddock,2026,4,30.564
1653,North Braddock,2026,5,26.179
1653,North Braddock,2026,6,28.607
1653,North Braddock,2026,7,31.347
1653,North Braddock,2026,8,33.505
1653,North Braddock,2026,9,31.127
1653,North Braddock,2026,10,28.401
1653,North Braddock,2026,11,37.266
1653,North Braddock,2026,12,43.072
1654,North Brunswick Township,2016,1,41.282
1654,North Brunswick Township,2016,2,38.165
1654,North Brunswick Township,2016,3,32.319
1654,North Brunswick Township,2016,4,26.747
1654,North Brunswick Township,2016,5,22.985
1654,North Brunswick Township,2016,6,24.964
1654,North Brunswick Township,2016,7,26.342
1654,North Brunswick Township,2016,8,29.087
1654,North Brunswick Township,2016,9,27.189
1654,North Brunswick Township,2016,10,24.764
1654,North Brunswick Township,2016,11,32.856
1654,North Brunswick Township,2016,12,37.375
1655,North Charleston,2026,1,41.05
1655,North Charleston,2026,2,38.18
1655,North Charleston,2026,3,33.197
1655,North Charleston,2026,4,28.616
1655,North Charleston,2026,5,24.602
1655,North Charleston,2026,6,27.306
1655,North Charleston,2026,7,29.671
1655,North Charleston,2026,8,31.806
1655,North Charleston,2026,9,29.396
1655,North Charleston,2026,10,27.544
1655,North Charleston,2026,11,35.299
1655,North Charleston,2026,12,40.539
1657,North Las Vegas,2026,1,32.251
1657,North Las Vegas,2026,2,30.531
1657,North Las Vegas,2026,3,26.479
1657,North Las Vegas,2026,4,21.64
1657,North Las Vegas,2026,5,18.579
1657,North Las Vegas,2026,6,20.788
1657,North Las Vegas,2026,7,22.549
1657,North Las Vegas,2026,8,24.265
1657,North Las Vegas,2026,9,21.541
1657,North Las Vegas,2026,10,19.913
1657,North Las Vegas,2026,11,25.371
1657,North Las Vegas,2026,12,29.165
1658,North Laurel,2026,1,36.158
1658,North Laurel,2026,2,33.268
1658,North Laurel,2026,3,29.267
1658,North Laurel,2026,4,25.083
1658,North Laurel,2026,5,21.965
1658,North Laurel,2026,6,23.851
1658,North Laurel,2026,7,25.41
1658,North Laurel,2026,8,27.313
1658,North Laurel,2026,9,24.978
1658,North Laurel,2026,10,22.974
1658,North Laurel,2026,11,28.955
1658,North Laurel,2026,12,32.841
1659,North Little Rock,2026,1,48.144
1659,North Little Rock,2026,2,44.592
1659,North Little Rock,2026,3,37.491
1659,North Little Rock,2026,4,31.092
1659,North Little Rock,2026,5,27.105
1659,North Little Rock,2026,6,30.854
1659,North Little Rock,2026,7,32.91
1659,North Little Rock,2026,8,34.218
1659,North Little Rock,2026,9,32.225
1659,North Little Rock,2026,10,30.377
1659,North Little Rock,2026,11,38.45
1659,North Little Rock,2026,12,43.846
1660,North Pole,2017,1,58.97
1660,North Pole,2017,2,55.594
1660,North Pole,2017,3,50.572
1660,North Pole,2017,4,42.071
1660,North Pole,2017,5,36.565
1660,North Pole,2017,6,39.054
1660,North Pole,2017,7,42.692
1660,North Pole,2017,8,45.574
1660,North Pole,2017,9,42.475
1660,North Pole,2017,10,40.003
1660,North Pole,2017,11,48.728
1660,North Pole,2017,12,52.541
1661,"North Port-Sarasota-Bradenton, FL",2026,1,34.065
1661,"North Port-Sarasota-Bradenton, FL",2026,2,33.697
1661,"North Port-Sarasota-Bradenton, FL",2026,3,31.201
1661,"North Port-Sarasota-Bradenton, FL",2026,4,27.01
1661,"North Port-Sarasota-Bradenton, FL",2026,5,22.93
1661,"North Port-Sarasota-Bradenton, FL",2026,6,25.862
1661,"North Port-Sarasota-Bradenton, FL",2026,7,27.407
1661,"North Port-Sarasota-Bradenton, FL",2026,8,29.793
1661,"North Port-Sarasota-Bradenton, FL",2026,9,27.698
1661,"North Port-Sarasota-Bradenton, FL",2026,10,25.434
1661,"North Port-Sarasota-Bradenton, FL",2026,11,33.337
1661,"North Port-Sarasota-Bradenton, FL",2026,12,38.312
1663,North Valley,2026,1,33.845
1663,North Valley,2026,2,32.398
1663,North Valley,2026,3,29.355
1663,North Valley,2026,4,25.141
1663,North Valley,2026,5,21.951
1663,North Valley,2026,6,24.127
1663,North Valley,2026,7,26.13
1663,North Valley,2026,8,28.943
1663,North Valley,2026,9,26.298
1663,North Valley,2026,10,25.071
1663,North Valley,2026,11,32.482
1663,North Valley,2026,12,37.507
1664,Northbrook,2026,1,40.503
1664,Northbrook,2026,2,36.015
1664,Northbrook,2026,3,30.592
1664,Northbrook,2026,4,24.45
1664,Northbrook,2026,5,20.549
1664,Northbrook,2026,6,22.85
1664,Northbrook,2026,7,24.448
1664,Northbrook,2026,8,26.118
1664,Northbrook,2026,9,24.428
1664,Northbrook,2026,10,21.951
1664,Northbrook,2026,11,28.806
1664,Northbrook,2026,12,32.834
1665,Norwalk,2013,1,45.095
1665,Norwalk,2013,2,43.536
1665,Norwalk,2013,3,36.54
1665,Norwalk,2013,4,29.835
1665,Norwalk,2013,5,25.157
1665,Norwalk,2013,6,28.661
1665,Norwalk,2013,7,30.958
1665,Norwalk,2013,8,32.782
1665,Norwalk,2013,9,30.095
1665,Norwalk,2013,10,28.731
1665,Norwalk,2013,11,36.117
1665,Norwalk,2013,12,41.89
1666,Norwich,2014,12,72.045
1666,Norwich,2015,1,69.029
1666,Norwich,2015,2,64.572
1666,Norwich,2015,3,58.934
1666,Norwich,2015,4,53.505
1666,Norwich,2015,5,48.98
1666,Norwich,2015,6,49.116
1666,Norwich,2015,7,51.158
1666,Norwich,2015,8,52.454
1666,Norwich,2015,9,49.525
1666,Norwich,2015,10,45.263
1666,Norwich,2015,11,53.149
1667,Norwood,2025,1,57.81
1667,Norwood,2025,2,54.48
1667,Norwood,2025,3,49.055
1667,Norwood,2025,4,41.225
1667,Norwood,2025,5,36.256
1667,Norwood,2025,6,37.597
1667,Norwood,2025,7,39.641
1667,Norwood,2025,8,42.131
1667,Norwood,2025,9,39.004
1667,Norwood,2025,10,35.567
1667,Norwood,2025,11,45.245
1667,Norwood,2025,12,49.765
1668,Not in a city,2025,1,23.417
1668,Not in a city,2025,2,20.98
1668,Not in a city,2025,3,16.945
1668,Not in a city,2025,4,13.69
1668,Not in a city,2025,5,12.241
1668,Not in a city,2025,6,13.457
1668,Not in a city,2025,7,14.299
1668,Not in a city,2025,8,15.734
1668,Not in a city,2025,9,13.92
1668,Not in a city,2025,10,12.18
1668,Not in a city,2025,11,15.65
1668,Not in a city,2025,12,18.01
1669,Oak Park,2026,1,39.694
1669,Oak Park,2026,2,35.706
1669,Oak Park,2026,3,30.553
1669,Oak Park,2026,4,24.64
1669,Oak Park,2026,5,20.789
1669,Oak Park,2026,6,23.483
1669,Oak Park,2026,7,25.208
1669,Oak Park,2026,8,27.246
1669,Oak Park,2026,9,24.978
1669,Oak Park,2026,10,22.991
1669,Oak Park,2026,11,28.955
1669,Oak Park,2026,12,32.834
1670,Oak Ridge,2026,1,34.202
1670,Oak Ridge,2026,2,33.466
1670,Oak Ridge,2026,3,31.389
1670,Oak Ridge,2026,4,26.952
1670,Oak Ridge,2026,5,22.559
1670,Oak Ridge,2026,6,24.829
1670,Oak Ridge,2026,7,26.207
1670,Oak Ridge,2026,8,29.023
1670,Oak Ridge,2026,9,27.027
1670,Oak Ridge,2026,10,24.708
1670,Oak Ridge,2026,11,32.757
1670,Oak Ridge,2026,12,37.275
1671,Oakland,2025,1,36.295
1671,Oakland,2025,2,33.091
1671,Oakland,2025,3,29.126
1671,Oakland,2025,4,24.609
1671,Oakland,2025,5,20.833
1671,Oakland,2025,6,23.528
1671,Oakland,2025,7,25.296
1671,Oakland,2025,8,27.284
1671,Oakland,2025,9,25.067
1671,Oakland,2025,10,23.798
1671,Oakland,2025,11,29.885
1671,Oakland,2025,12,34.526
1672,Oakridge,2026,1,32.076
1672,Oakridge,2026,2,30.837
1672,Oakridge,2026,3,26.406
1672,Oakridge,2026,4,21.759
1672,Oakridge,2026,5,18.424
1672,Oakridge,2026,6,20.246
1672,Oakridge,2026,7,22.367
1672,Oakridge,2026,8,24.246
1672,Oakridge,2026,9,21.453
1672,Oakridge,2026,10,19.784
1672,Oakridge,2026,11,24.928
1672,Oakridge,2026,12,28.239
1673,Oakville,2016,1,36.22
1673,Oakville,2016,2,33.373
1673,Oakville,2016,3,29.268
1673,Oakville,2016,4,24.622
1673,Oakville,2016,5,20.957
1673,Oakville,2016,6,23.804
1673,Oakville,2016,7,25.42
1673,Oakville,2016,8,27.391
1673,Oakville,2016,9,25.123
1673,Oakville,2016,10,23.854
1673,Oakville,2016,11,29.996
1673,Oakville,2016,12,34.625
1674,Ocala,2026,1,44.638
1674,Ocala,2026,2,40.517
1674,Ocala,2026,3,34.528
1674,Ocala,2026,4,29.603
1674,Ocala,2026,5,26.486
1674,Ocala,2026,6,28.732
1674,Ocala,2026,7,31.452
1674,Ocala,2026,8,33.505
1674,Ocala,2026,9,31.343
1674,Ocala,2026,10,28.517
1674,Ocala,2026,11,37.388
1674,Ocala,2026,12,43.072
1675,Odessa,2026,1,47.56
1675,Odessa,2026,2,44.147
1675,Odessa,2026,3,37.305
1675,Odessa,2026,4,30.644
1675,Odessa,2026,5,26.33
1675,Odessa,2026,6,28.724
1675,Odessa,2026,7,31.347
1675,Odessa,2026,8,33.505
1675,Odessa,2026,9,31.072
1675,Odessa,2026,10,28.489
1675,Odessa,2026,11,37.266
1675,Odessa,2026,12,43.072
1676,Ogden,2020,1,31.301
1676,Ogden,2020,2,29.787
1676,Ogden,2020,3,25.482
1676,Ogden,2020,4,21.015
1676,Ogden,2020,5,18.268
1676,Ogden,2020,6,20.485
1676,Ogden,2020,7,22.455
1676,Ogden,2020,8,24.265
1676,Ogden,2020,9,21.541
1676,Ogden,2020,10,19.853
1676,Ogden,2020,11,25.36
1676,Ogden,2020,12,29.165
1677,Ogden Dunes (Wickliffe),2026,1,45.332
1677,Ogden Dunes (Wickliffe),2026,2,40.723
1677,Ogden Dunes (Wickliffe),2026,3,34.092
1677,Ogden Dunes (Wickliffe),2026,4,29.603
1677,Ogden Dunes (Wickliffe),2026,5,26.403
1677,Ogden Dunes (Wickliffe),2026,6,28.593
1677,Ogden Dunes (Wickliffe),2026,7,31.239
1677,Ogden Dunes (Wickliffe),2026,8,33.505
1677,Ogden Dunes (Wickliffe),2026,9,31.127
1677,Ogden Dunes (Wickliffe),2026,10,28.392
1677,Ogden Dunes (Wickliffe),2026,11,37.388
1677,Ogden Dunes (Wickliffe),2026,12,43.072
1678,"Ogden-Clearfield, UT",2026,1,30.369
1678,"Ogden-Clearfield, UT",2026,2,27.355
1678,"Ogden-Clearfield, UT",2026,3,22.807
1678,"Ogden-Clearfield, UT",2026,4,19.039
1678,"Ogden-Clearfield, UT",2026,5,16.148
1678,"Ogden-Clearfield, UT",2026,6,18.266
1678,"Ogden-Clearfield, UT",2026,7,19.376
1678,"Ogden-Clearfield, UT",2026,8,21.233
1678,"Ogden-Clearfield, UT",2026,9,19.523
1678,"Ogden-Clearfield, UT",2026,10,17.483
1678,"Ogden-Clearfield, UT",2026,11,22.712
1678,"Ogden-Clearfield, UT",2026,12,25.179
1679,"Ogdensburg-Massena, NY",2026,1,34.065
1679,"Ogdensburg-Massena, NY",2026,2,33.654
1679,"Ogdensburg-Massena, NY",2026,3,31.419
1679,"Ogdensburg-Massena, NY",2026,4,26.952
1679,"Ogdensburg-Massena, NY",2026,5,22.588
1679,"Ogdensburg-Massena, NY",2026,6,25.751
1679,"Ogdensburg-Massena, NY",2026,7,27.407
1679,"Ogdensburg-Massena, NY",2026,8,29.831
1679,"Ogdensburg-Massena, NY",2026,9,27.741
1679,"Ogdensburg-Massena, NY",2026,10,25.434
1679,"Ogdensburg-Massena, NY",2026,11,33.294
1679,"Ogdensburg-Massena, NY",2026,12,38.312
1680,Oglesby,2026,1,52.016
1680,Oglesby,2026,2,49.207
1680,Oglesby,2026,3,42.02
1680,Oglesby,2026,4,35.071
1680,Oglesby,2026,5,30.633
1680,Oglesby,2026,6,33.404
1680,Oglesby,2026,7,35.389
1680,Oglesby,2026,8,37.366
1680,Oglesby,2026,9,35.841
1680,Oglesby,2026,10,33.601
1680,Oglesby,2026,11,40.325
1680,Oglesby,2026,12,45.23
1681,Ohio,2010,1,53.468
1681,Ohio,2010,2,50.661
1681,Ohio,2010,3,43.543
1681,Ohio,2010,4,36.459
1681,Ohio,2010,5,31.186
1681,Ohio,2010,6,34.383
1681,Ohio,2010,7,36.249
1681,Ohio,2010,8,38.241
1681,Ohio,2010,9,36.18
1681,Ohio,2010,10,34.222
1681,Ohio,2010,11,40.943
1681,Ohio,2010,12,43.085
1682,Oildale,2026,1,60.595
1682,Oildale,2026,2,57.138
1682,Oildale,2026,3,52.608
1682,Oildale,2026,4,45.61
1682,Oildale,2026,5,40.758
1682,Oildale,2026,6,42.314
1682,Oildale,2026,7,44.601
1682,Oildale,2026,8,47.291
1682,Oildale,2026,9,44.543
1682,Oildale,2026,10,40.756
1682,Oildale,2026,11,49.29
1682,Oildale,2026,12,52.951
1683,Ojai,2026,1,29.739
1683,Ojai,2026,2,26.733
1683,Ojai,2026,3,22.029
1683,Ojai,2026,4,18.798
1683,Ojai,2026,5,15.898
1683,Ojai,2026,6,17.352
1683,Ojai,2026,7,18.61
1683,Ojai,2026,8,20.109
1683,Ojai,2026,9,18.789
1683,Ojai,2026,10,16.908
1683,Ojai,2026,11,21.514
1683,Ojai,2026,12,23.552
1684,Okanogan,2026,1,30.244
1684,Okanogan,2026,2,28.602
1684,Okanogan,2026,3,23.955
1684,Okanogan,2026,4,19.686
1684,Okanogan,2026,5,16.537
1684,Okanogan,2026,6,18.396
1684,Okanogan,2026,7,19.408
1684,Okanogan,2026,8,21.12
1684,Okanogan,2026,9,19.24
1684,Okanogan,2026,10,17.324
1684,Okanogan,2026,11,22.857
1684,Okanogan,2026,12,25.179
1685,Oklahoma City,2026,1,41.513
1685,Oklahoma City,2026,2,37.879
1685,Oklahoma City,2026,3,31.509
1685,Oklahoma City,2026,4,25.717
1685,Oklahoma City,2026,5,21.544
1685,Oklahoma City,2026,6,24.089
1685,Oklahoma City,2026,7,26.13
1685,Oklahoma City,2026,8,28.943
1685,Oklahoma City,2026,9,26.298
1685,Oklahoma City,2026,10,25.072
1685,Oklahoma City,2026,11,32.482
1685,Oklahoma City,2026,12,37.507
1687,Olancha,2026,1,38.102
1687,Olancha,2026,2,35.245
1687,Olancha,2026,3,30.323
1687,Olancha,2026,4,24.874
1687,Olancha,2026,5,20.951
1687,Olancha,2026,6,22.972
1687,Olancha,2026,7,24.448
1687,Olancha,2026,8,26.137
1687,Olancha,2026,9,24.539
1687,Olancha,2026,10,22.031
1687,Olancha,2026,11,28.903
1687,Olancha,2026,12,32.834
1690,Omaha,2026,1,36.998
1690,Omaha,2026,2,32.835
1690,Omaha,2026,3,27.542
1690,Omaha,2026,4,22.327
1690,Omaha,2026,5,19.704
1690,Omaha,2026,6,21.27
1690,Omaha,2026,7,23.332
1690,Omaha,2026,8,25.304
1690,Omaha,2026,9,22.771
1690,Omaha,2026,10,20.41
1690,Omaha,2026,11,26.149
1690,Omaha,2026,12,31.055
1691,"Omaha-Council Bluffs, NE-IA",2026,1,34.248
1691,"Omaha-Council Bluffs, NE-IA",2026,2,33.655
1691,"Omaha-Council Bluffs, NE-IA",2026,3,31.461
1691,"Omaha-Council Bluffs, NE-IA",2026,4,26.952
1691,"Omaha-Council Bluffs, NE-IA",2026,5,22.302
1691,"Omaha-Council Bluffs, NE-IA",2026,6,24.821
1691,"Omaha-Council Bluffs, NE-IA",2026,7,26.098
1691,"Omaha-Council Bluffs, NE-IA",2026,8,29.023
1691,"Omaha-Council Bluffs, NE-IA",2026,9,27.027
1691,"Omaha-Council Bluffs, NE-IA",2026,10,24.688
1691,"Omaha-Council Bluffs, NE-IA",2026,11,32.879
1691,"Omaha-Council Bluffs, NE-IA",2026,12,37.275
1692,Onamia,2026,1,35.467
1692,Onamia,2026,2,32.248
1692,Onamia,2026,3,27.816
1692,Onamia,2026,4,22.306
1692,Onamia,2026,5,19.789
1692,Onamia,2026,6,21.571
1692,Onamia,2026,7,23.437
1692,Onamia,2026,8,25.304
1692,Onamia,2026,9,22.771
1692,Onamia,2026,10,20.803
1692,Onamia,2026,11,26.384
1692,Onamia,2026,12,31.055
1693,Oneida,2012,1,34.544
1693,Oneida,2012,2,33.929
1693,Oneida,2012,3,31.545
1693,Oneida,2012,4,26.983
1693,Oneida,2012,5,22.472
1693,Oneida,2012,6,25.369
1693,Oneida,2012,7,27.241
1693,Oneida,2012,8,29.894
1693,Oneida,2012,9,27.713
1693,Oneida,2012,10,25.265
1693,Oneida,2012,11,33.403
1693,Oneida,2012,12,38.407
1695,Ontario,2026,1,56.48
1695,Ontario,2026,2,53.343
1695,Ontario,2026,3,47.655
1695,Ontario,2026,4,39.243
1695,Ontario,2026,5,34.346
1695,Ontario,2026,6,35.219
1695,Ontario,2026,7,36.981
1695,Ontario,2026,8,39.094
1695,Ontario,2026,9,36.769
1695,Ontario,2026,10,34.062
1695,Ontario,2026,11,40.848
1695,Ontario,2026,12,42.987
1697,Orange,2026,1,34.06
1697,Orange,2026,2,33.709
1697,Orange,2026,3,31.302
1697,Orange,2026,4,27.223
1697,Orange,2026,5,23.48
1697,Orange,2026,6,25.942
1697,Orange,2026,7,27.467
1697,Orange,2026,8,29.831
1697,Orange,2026,9,27.515
1697,Orange,2026,10,24.837
1697,Orange,2026,11,32.757
1697,Orange,2026,12,37.275
1698,Organ Pipe Cactus National Monument,2026,1,22.196
1698,Organ Pipe Cactus National Monument,2026,2,19.539
1698,Organ Pipe Cactus National Monument,2026,3,16.231
1698,Organ Pipe Cactus National Monument,2026,4,13.288
1698,Organ Pipe Cactus National Monument,2026,5,11.783
1698,Organ Pipe Cactus National Monument,2026,6,12.761
1698,Organ Pipe Cactus National Monument,2026,7,13.072
1698,Organ Pipe Cactus National Monument,2026,8,14.21
1698,Organ Pipe Cactus National Monument,2026,9,13.025
1698,Organ Pipe Cactus National Monument,2026,10,12.196
1698,Organ Pipe Cactus National Monument,2026,11,15.735
1698,Organ Pipe Cactus National Monument,2026,12,18.01
1699,Orlando,2026,1,35.28
1699,Orlando,2026,2,32.604
1699,Orlando,2026,3,27.924
1699,Orlando,2026,4,22.615
1699,Orlando,2026,5,20.047
1699,Orlando,2026,6,22.151
1699,Orlando,2026,7,24.371
1699,Orlando,2026,8,25.986
1699,Orlando,2026,9,23.224
1699,Orlando,2026,10,21.043
1699,Orlando,2026,11,26.854
1699,Orlando,2026,12,31.415
1700,"Orlando-Kissimmee-Sanford, FL",2012,1,51.152
1700,"Orlando-Kissimmee-Sanford, FL",2012,2,48.195
1700,"Orlando-Kissimmee-Sanford, FL",2012,3,41.096
1700,"Orlando-Kissimmee-Sanford, FL",2012,4,33.916
1700,"Orlando-Kissimmee-Sanford, FL",2012,5,29.217
1700,"Orlando-Kissimmee-Sanford, FL",2012,6,32.224
1700,"Orlando-Kissimmee-Sanford, FL",2012,7,34.757
1700,"Orlando-Kissimmee-Sanford, FL",2012,8,35.275
1700,"Orlando-Kissimmee-Sanford, FL",2012,9,33.414
1700,"Orlando-Kissimmee-Sanford, FL",2012,10,32.148
1700,"Orlando-Kissimmee-Sanford, FL",2012,11,38.5
1700,"Orlando-Kissimmee-Sanford, FL",2012,12,43.607
1701,Osaka,2026,1,52.093
1701,Osaka,2026,2,49.241
1701,Osaka,2026,3,43.805
1701,Osaka,2026,4,37.859
1701,Osaka,2026,5,33.643
1701,Osaka,2026,6,35.492
1701,Osaka,2026,7,37.968
1701,Osaka,2026,8,41.663
1701,Osaka,2026,9,37.695
1701,Osaka,2026,10,34.185
1701,Osaka,2026,11,41.108
1701,Osaka,2026,12,44.997
1702,Oslo,2026,1,33.525
1702,Oslo,2026,2,32.92
1702,Oslo,2026,3,29.377
1702,Oslo,2026,4,25.666
1702,Oslo,2026,5,22.206
1702,Oslo,2026,6,25.263
1702,Oslo,2026,7,26.959
1702,Oslo,2026,8,28.544
1702,Oslo,2026,9,25.172
1702,Oslo,2026,10,22.886
1702,Oslo,2026,11,29.722
1702,Oslo,2026,12,34.808
1703,Otay Mesa,2025,1,58.74
1703,Otay Mesa,2025,2,55.727
1703,Otay Mesa,2025,3,50.487
1703,Otay Mesa,2025,4,42.233
1703,Otay Mesa,2025,5,37.981
1703,Otay Mesa,2025,6,39.111
1703,Otay Mesa,2025,7,41.68
1703,Otay Mesa,2025,8,44.097
1703,Otay Mesa,2025,9,40.854
1703,Otay Mesa,2025,10,36.436
1703,Otay Mesa,2025,11,46.732
1703,Otay Mesa,2025,12,51.192
1704,Otisville,2026,1,34.06
1704,Otisville,2026,2,33.709
1704,Otisville,2026,3,31.299
1704,Otisville,2026,4,27.223
1704,Otisville,2026,5,23.446
1704,Otisville,2026,6,25.848
1704,Otisville,2026,7,27.467
1704,Otisville,2026,8,29.831
1704,Otisville,2026,9,27.473
1704,Otisville,2026,10,24.796
1704,Otisville,2026,11,32.757
1704,Otisville,2026,12,37.275
1705,Ottawa,2026,1,35.999
1705,Ottawa,2026,2,31.369
1705,Ottawa,2026,3,27.382
1705,Ottawa,2026,4,22.786
1705,Ottawa,2026,5,19.665
1705,Ottawa,2026,6,21.035
1705,Ottawa,2026,7,23.423
1705,Ottawa,2026,8,25.119
1705,Ottawa,2026,9,22.536
1705,Ottawa,2026,10,20.762
1705,Ottawa,2026,11,26.271
1705,Ottawa,2026,12,31.301
1706,Overland Park,2020,1,38.62
1706,Overland Park,2020,2,35.095
1706,Overland Park,2020,3,30.356
1706,Overland Park,2020,4,24.853
1706,Overland Park,2020,5,21.09
1706,Overland Park,2020,6,23.582
1706,Overland Park,2020,7,25.393
1706,Overland Park,2020,8,27.378
1706,Overland Park,2020,9,25.139
1706,Overland Park,2020,10,23.16
1706,Overland Park,2020,11,29.687
1706,Overland Park,2020,12,34.526
1707,"Owensboro, KY",2026,1,40.925
1707,"Owensboro, KY",2026,2,36.881
1707,"Owensboro, KY",2026,3,31.078
1707,"Owensboro, KY",2026,4,25.563
1707,"Owensboro, KY",2026,5,21.688
1707,"Owensboro, KY",2026,6,24.402
1707,"Owensboro, KY",2026,7,26.312
1707,"Owensboro, KY",2026,8,28.981
1707,"Owensboro, KY",2026,9,26.386
1707,"Owensboro, KY",2026,10,24.495
1707,"Owensboro, KY",2026,11,32.082
1707,"Owensboro, KY",2026,12,37.275
1708,Oxford,2026,1,34.065
1708,Oxford,2026,2,33.697
1708,Oxford,2026,3,31.201
1708,Oxford,2026,4,27.01
1708,Oxford,2026,5,22.889
1708,Oxford,2026,6,25.862
1708,Oxford,2026,7,27.313
1708,Oxford,2026,8,29.751
1708,Oxford,2026,9,27.698
1708,Oxford,2026,10,25.434
1708,Oxford,2026,11,33.337
1708,Oxford,2026,12,38.312
1709,"Oxnard-Thousand Oaks-Ventura, CA",2026,1,37.173
1709,"Oxnard-Thousand Oaks-Ventura, CA",2026,2,33.66
1709,"Oxnard-Thousand Oaks-Ventura, CA",2026,3,28.828
1709,"Oxnard-Thousand Oaks-Ventura, CA",2026,4,23.01
1709,"Oxnard-Thousand Oaks-Ventura, CA",2026,5,20.337
1709,"Oxnard-Thousand Oaks-Ventura, CA",2026,6,22.517
1709,"Oxnard-Thousand Oaks-Ventura, CA",2026,7,24.552
1709,"Oxnard-Thousand Oaks-Ventura, CA",2026,8,26.024
1709,"Oxnard-Thousand Oaks-Ventura, CA",2026,9,24.233
1709,"Oxnard-Thousand Oaks-Ventura, CA",2026,10,22.498
1709,"Oxnard-Thousand Oaks-Ventura, CA",2026,11,29.134
1709,"Oxnard-Thousand Oaks-Ventura, CA",2026,12,33.828
1710,Paducah,2026,1,35.557
1710,Paducah,2026,2,31.811
1710,Paducah,2026,3,26.316
1710,Paducah,2026,4,21.644
1710,Paducah,2026,5,18.731
1710,Paducah,2026,6,20.714
1710,Paducah,2026,7,22.549
1710,Paducah,2026,8,24.359
1710,Paducah,2026,9,21.736
1710,Paducah,2026,10,19.257
1710,Paducah,2026,11,25.466
1710,Paducah,2026,12,29.165
1711,"Paducah, KY-IL",2026,1,34.06
1711,"Paducah, KY-IL",2026,2,33.709
1711,"Paducah, KY-IL",2026,3,31.346
1711,"Paducah, KY-IL",2026,4,26.972
1711,"Paducah, KY-IL",2026,5,22.862
1711,"Paducah, KY-IL",2026,6,24.84
1711,"Paducah, KY-IL",2026,7,26.207
1711,"Paducah, KY-IL",2026,8,29.023
1711,"Paducah, KY-IL",2026,9,27.133
1711,"Paducah, KY-IL",2026,10,24.708
1711,"Paducah, KY-IL",2026,11,32.757
1711,"Paducah, KY-IL",2026,12,37.275
1712,Page,2016,1,42.731
1712,Page,2016,2,40.391
1712,Page,2016,3,34.729
1712,Page,2016,4,29.72
1712,Page,2016,5,26.413
1712,Page,2016,6,29.662
1712,Page,2016,7,32.002
1712,Page,2016,8,34.325
1712,Page,2016,9,32.257
1712,Page,2016,10,30.543
1712,Page,2016,11,38.549
1712,Page,2016,12,43.918
1713,Pagosa Springs,2026,1,24.044
1713,Pagosa Springs,2026,2,22.773
1713,Pagosa Springs,2026,3,19.185
1713,Pagosa Springs,2026,4,15.97
1713,Pagosa Springs,2026,5,13.289
1713,Pagosa Springs,2026,6,14.911
1713,Pagosa Springs,2026,7,15.839
1713,Pagosa Springs,2026,8,16.564
1713,Pagosa Springs,2026,9,14.455
1713,Pagosa Springs,2026,10,12.807
1713,Pagosa Springs,2026,11,16.523
1713,Pagosa Springs,2026,12,18.694
1714,Pahala,2026,1,16.587
1714,Pahala,2026,2,14.096
1714,Pahala,2026,3,12.048
1714,Pahala,2026,4,10.03
1714,Pahala,2026,5,9.161
1714,Pahala,2026,6,10.479
1714,Pahala,2026,7,11.509
1714,Pahala,2026,8,12.325
1714,Pahala,2026,9,10.524
1714,Pahala,2026,10,9.198
1714,Pahala,2026,11,12.369
1714,Pahala,2026,12,14.013
1715,Pahrump,2026,1,54.567
1715,Pahrump,2026,2,51.29
1715,Pahrump,2026,3,44.593
1715,Pahrump,2026,4,36.621
1715,Pahrump,2026,5,32.731
1715,Pahrump,2026,6,33.956
1715,Pahrump,2026,7,34.63
1715,Pahrump,2026,8,35.564
1715,Pahrump,2026,9,33.337
1715,Pahrump,2026,10,31.453
1715,Pahrump,2026,11,38.892
1715,Pahrump,2026,12,43.578
1717,Painesville,2026,1,37.772
1717,Painesville,2026,2,33.538
1717,Painesville,2026,3,28.998
1717,Painesville,2026,4,23.44
1717,Painesville,2026,5,20.225
1717,Painesville,2026,6,22.316
1717,Painesville,2026,7,24.371
1717,Painesville,2026,8,25.986
1717,Painesville,2026,9,23.224
1717,Painesville,2026,10,21.349
1717,Painesville,2026,11,26.854
1717,Painesville,2026,12,31.415
1718,Pala,2026,1,38.62
1718,Pala,2026,2,34.072
1718,Pala,2026,3,30.149
1718,Pala,2026,4,26.293
1718,Pala,2026,5,22.556
1718,Pala,2026,6,24.934
1718,Pala,2026,7,26.207
1718,Pala,2026,8,29.023
1718,Pala,2026,9,27.027
1718,Pala,2026,10,24.708
1718,Pala,2026,11,32.757
1718,Pala,2026,12,37.275
1719,Palakkad,2016,1,87.284
1719,Palakkad,2016,2,87.64
1719,Palakkad,2016,3,82.956
1719,Palakkad,2016,4,76.086
1719,Palakkad,2016,5,72.961
1719,Palakkad,2016,6,75.063
1719,Palakkad,2016,7,74.764
1719,Palakkad,2016,8,75.19
1719,Palakkad,2016,9,73.751
1719,Palakkad,2016,10,79.949
1719,Palakkad,2016,11,86.397
1719,Palakkad,2016,12,97.676
1720,"Palatka, FL",2026,1,55.899
1720,"Palatka, FL",2026,2,52.439
1720,"Palatka, FL",2026,3,45.968
1720,"Palatka, FL",2026,4,37.27
1720,"Palatka, FL",2026,5,33.388
1720,"Palatka, FL",2026,6,34.266
1720,"Palatka, FL",2026,7,35.188
1720,"Palatka, FL",2026,8,36.85
1720,"Palatka, FL",2026,9,34.739
1720,"Palatka, FL",2026,10,32.312
1720,"Palatka, FL",2026,11,36.452
1720,"Palatka, FL",2026,12,41.358
1721,Pali,2025,11,195.4
1721,Pali,2025,12,176.31
1721,Pali,2026,1,162.244
1721,Pali,2026,2,149.071
1721,Pali,2026,3,136.55
1721,Pali,2026,4,129.038
1721,Pali,2026,5,118.218
1721,Pali,2026,6,98.554
1721,Pali,2026,7,72.158
1721,Pali,2026,8,68.293
1721,Pali,2026,9,69.719
1721,Pali,2026,10,109.954
1722,Palisade,2026,1,34.065
1722,Palisade,2026,2,33.697
1722,Palisade,2026,3,31.201
1722,Palisade,2026,4,26.966
1722,Palisade,2026,5,22.308
1722,Palisade,2026,6,25.658
1722,Palisade,2026,7,27.407
1722,Palisade,2026,8,29.793
1722,Palisade,2026,9,27.698
1722,Palisade,2026,10,25.434
1722,Palisade,2026,11,33.337
1722,Palisade,2026,12,38.312
1724,"Palm Bay-Melbourne-Titusville, FL",2013,1,43.386
1724,"Palm Bay-Melbourne-Titusville, FL",2013,2,41.06
1724,"Palm Bay-Melbourne-Titusville, FL",2013,3,35.825
1724,"Palm Bay-Melbourne-Titusville, FL",2013,4,30.071
1724,"Palm Bay-Melbourne-Titusville, FL",2013,5,26.338
1724,"Palm Bay-Melbourne-Titusville, FL",2013,6,29.358
1724,"Palm Bay-Melbourne-Titusville, FL",2013,7,31.529
1724,"Palm Bay-Melbourne-Titusville, FL",2013,8,33.338
1724,"Palm Bay-Melbourne-Titusville, FL",2013,9,31.306
1724,"Palm Bay-Melbourne-Titusville, FL",2013,10,29.538
1724,"Palm Bay-Melbourne-Titusville, FL",2013,11,37.31
1724,"Palm Bay-Melbourne-Titusville, FL",2013,12,43.18
1726,Palm Springs,2026,1,31.735
1726,Palm Springs,2026,2,28.895
1726,Palm Springs,2026,3,24.016
1726,Palm Springs,2026,4,20.088
1726,Palm Springs,2026,5,17.731
1726,Palm Springs,2026,6,19.731
1726,Palm Springs,2026,7,21.047
1726,Palm Springs,2026,8,23.243
1726,Palm Springs,2026,9,21.141
1726,Palm Springs,2026,10,19.256
1726,Palm Springs,2026,11,25.466
1726,Palm Springs,2026,12,29.165
1727,Palm Springs North,2026,1,38.032
1727,Palm Springs North,2026,2,35.181
1727,Palm Springs North,2026,3,30.323
1727,Palm Springs North,2026,4,24.853
1727,Palm Springs North,2026,5,21.056
1727,Palm Springs North,2026,6,23.582
1727,Palm Springs North,2026,7,25.393
1727,Palm Springs North,2026,8,27.378
1727,Palm Springs North,2026,9,25.139
1727,Palm Springs North,2026,10,23.16
1727,Palm Springs North,2026,11,29.687
1727,Palm Springs North,2026,12,34.526
1728,Palmer,2020,1,25.463
1728,Palmer,2020,2,23.067
1728,Palmer,2020,3,19.775
1728,Palmer,2020,4,15.935
1728,Palmer,2020,5,13.544
1728,Palmer,2020,6,14.996
1728,Palmer,2020,7,15.823
1728,Palmer,2020,8,16.677
1728,Palmer,2020,9,14.543
1728,Palmer,2020,10,12.834
1728,Palmer,2020,11,16.201
1728,Palmer,2020,12,18.706
1729,Palmetto,2026,1,33.887
1729,Palmetto,2026,2,32.398
1729,Palmetto,2026,3,29.355
1729,Palmetto,2026,4,25.141
1729,Palmetto,2026,5,21.951
1729,Palmetto,2026,6,24.127
1729,Palmetto,2026,7,26.13
1729,Palmetto,2026,8,28.943
1729,Palmetto,2026,9,26.298
1729,Palmetto,2026,10,25.071
1729,Palmetto,2026,11,32.482
1729,Palmetto,2026,12,37.507
1731,Panaji,2016,1,108.697
1731,Panaji,2016,2,108.228
1731,Panaji,2016,3,105.864
1731,Panaji,2016,4,101.077
1731,Panaji,2016,5,98.738
1731,Panaji,2016,6,95.532
1731,Panaji,2016,7,91.323
1731,Panaji,2016,8,91.005
1731,Panaji,2016,9,90.371
1731,Panaji,2016,10,100.273
1731,Panaji,2016,11,118.501
1731,Panaji,2016,12,131.01
1732,Panama City,2026,1,58.069
1732,Panama City,2026,2,56.506
1732,Panama City,2026,3,52.491
1732,Panama City,2026,4,47.013
1732,Panama City,2026,5,43.618
1732,Panama City,2026,6,47.63
1732,Panama City,2026,7,50.371
1732,Panama City,2026,8,53.213
1732,Panama City,2026,9,51.906
1732,Panama City,2026,10,48.887
1732,Panama City,2026,11,56.369
1732,Panama City,2026,12,62.203
1733,Panama City,2010,1,46.091
1733,Panama City,2010,2,43.686
1733,Panama City,2010,3,36.807
1733,Panama City,2010,4,29.858
1733,Panama City,2010,5,25.253
1733,Panama City,2010,6,28.573
1733,Panama City,2010,7,31.17
1733,Panama City,2010,8,33.682
1733,Panama City,2010,9,31.402
1733,Panama City,2010,10,29.213
1733,Panama City,2010,11,37.667
1733,Panama City,2010,12,43.18
1734,Panchkula,2025,11,176.946
1734,Panchkula,2025,12,149.859
1734,Panchkula,2026,1,148.421
1734,Panchkula,2026,2,130.235
1734,Panchkula,2026,3,124.007
1734,Panchkula,2026,4,110.588
1734,Panchkula,2026,5,102.567
1734,Panchkula,2026,6,86.666
1734,Panchkula,2026,7,68.169
1734,Panchkula,2026,8,67.013
1734,Panchkula,2026,9,67.031
1734,Panchkula,2026,10,93.105
1735,Panipat,2025,11,174.142
1735,Panipat,2025,12,149.125
1735,Panipat,2026,1,146.784
1735,Panipat,2026,2,132.583
1735,Panipat,2026,3,124.317
1735,Panipat,2026,4,113.066
1735,Panipat,2026,5,105.71
1735,Panipat,2026,6,90.503
1735,Panipat,2026,7,73.851
1735,Panipat,2026,8,71.632
1735,Panipat,2026,9,72.55
1735,Panipat,2026,10,120.7
1736,Paonta Sahib,2016,1,152.126
1736,Paonta Sahib,2016,2,147.044
1736,Paonta Sahib,2016,3,138.213
1736,Paonta Sahib,2016,4,131.523
1736,Paonta Sahib,2016,5,125.981
1736,Paonta Sahib,2016,6,120.991
1736,Paonta Sahib,2016,7,114.41
1736,Paonta Sahib,2016,8,109.211
1736,Paonta Sahib,2016,9,112.294
1736,Paonta Sahib,2016,10,120.981
1736,Paonta Sahib,2016,11,141.928
1736,Paonta Sahib,2016,12,148.048
1737,Parachute,2019,1,35.463
1737,Parachute,2019,2,31.51
1737,Parachute,2019,3,26.427
1737,Parachute,2019,4,21.664
1737,Parachute,2019,5,18.6
1737,Parachute,2019,6,20.525
1737,Parachute,2019,7,22.444
1737,Parachute,2019,8,24.265
1737,Parachute,2019,9,21.541
1737,Parachute,2019,10,19.361
1737,Parachute,2019,11,25.136
1737,Parachute,2019,12,29.165
1739,Paradise,2026,1,25.61
1739,Paradise,2026,2,23.596
1739,Paradise,2026,3,19.84
1739,Paradise,2026,4,15.968
1739,Paradise,2026,5,13.649
1739,Paradise,2026,6,15.107
1739,Paradise,2026,7,16.423
1739,Paradise,2026,8,17.633
1739,Paradise,2026,9,15.338
1739,Paradise,2026,10,14.164
1739,Paradise,2026,11,18.677
1739,Paradise,2026,12,21.687
1741,Paris,2026,1,47.757
1741,Paris,2026,2,45.403
1741,Paris,2026,3,38.768
1741,Paris,2026,4,34.749
1741,Paris,2026,5,32.309
1741,Paris,2026,6,35.06
1741,Paris,2026,7,38.267
1741,Paris,2026,8,41.613
1741,Paris,2026,9,38.661
1741,Paris,2026,10,35.951
1741,Paris,2026,11,45.428
1741,Paris,2026,12,51.341
1742,Park,2026,1,9.275
1742,Park,2026,2,8.125
1742,Park,2026,3,7.442
1742,Park,2026,4,6.325
1742,Park,2026,5,5.25
1742,Park,2026,6,6.091
1742,Park,2026,7,6.386
1742,Park,2026,8,6.487
1742,Park,2026,9,4.231
1742,Park,2026,10,3.963
1742,Park,2026,11,7.31
1742,Park,2026,12,8.415
1743,Park Hill,2018,1,47.543
1743,Park Hill,2018,2,44.817
1743,Park Hill,2018,3,37.33
1743,Park Hill,2018,4,30.634
1743,Park Hill,2018,5,25.954
1743,Park Hill,2018,6,28.714
1743,Park Hill,2018,7,30.959
1743,Park Hill,2018,8,32.762
1743,Park Hill,2018,9,30.116
1743,Park Hill,2018,10,28.568
1743,Park Hill,2018,11,36.118
1743,Park Hill,2018,12,41.854
1745,Parks (Maine),2026,1,28.056
1745,Parks (Maine),2026,2,26.534
1745,Parks (Maine),2026,3,22.885
1745,Parks (Maine),2026,4,19.213
1745,Parks (Maine),2026,5,16.489
1745,Parks (Maine),2026,6,18.345
1745,Parks (Maine),2026,7,19.501
1745,Parks (Maine),2026,8,21.213
1745,Parks (Maine),2026,9,19.435
1745,Parks (Maine),2026,10,17.018
1745,Parks (Maine),2026,11,22.378
1745,Parks (Maine),2026,12,25.185
1746,Parlier,2026,1,33.887
1746,Parlier,2026,2,32.443
1746,Parlier,2026,3,29.636
1746,Parlier,2026,4,25.141
1746,Parlier,2026,5,22.206
1746,Parlier,2026,6,24.625
1746,Parlier,2026,7,26.13
1746,Parlier,2026,8,28.916
1746,Parlier,2026,9,26.298
1746,Parlier,2026,10,25.286
1746,Parlier,2026,11,32.482
1746,Parlier,2026,12,37.507
1747,Parwanoo,2016,1,94.275
1747,Parwanoo,2016,2,94.682
1747,Parwanoo,2016,3,91.067
1747,Parwanoo,2016,4,86.916
1747,Parwanoo,2016,5,82.143
1747,Parwanoo,2016,6,82.815
1747,Parwanoo,2016,7,81.189
1747,Parwanoo,2016,8,82.8
1747,Parwanoo,2016,9,82.156
1747,Parwanoo,2016,10,90.379
1747,Parwanoo,2016,11,104.81
1747,Parwanoo,2016,12,116.603
1748,Pasadena,2026,1,56.432
1748,Pasadena,2026,2,53.319
1748,Pasadena,2026,3,47.651
1748,Pasadena,2026,4,39.201
1748,Pasadena,2026,5,34.744
1748,Pasadena,2026,6,35.18
1748,Pasadena,2026,7,36.981
1748,Pasadena,2026,8,39.094
1748,Pasadena,2026,9,36.769
1748,Pasadena,2026,10,33.869
1748,Pasadena,2026,11,41.498
1748,Pasadena,2026,12,46.702
1749,Pascagoula,2026,1,41.55
1749,Pascagoula,2026,2,37.736
1749,Pascagoula,2026,3,31.319
1749,Pascagoula,2026,4,25.57
1749,Pascagoula,2026,5,21.544
1749,Pascagoula,2026,6,24.368
1749,Pascagoula,2026,7,26.13
1749,Pascagoula,2026,8,28.943
1749,Pascagoula,2026,9,26.298
1749,Pascagoula,2026,10,24.719
1749,Pascagoula,2026,11,31.935
1749,Pascagoula,2026,12,37.01
1750,Paterson,2026,1,34.017
1750,Paterson,2026,2,32.316
1750,Paterson,2026,3,29.183
1750,Paterson,2026,4,25.141
1750,Paterson,2026,5,21.519
1750,Paterson,2026,6,24.127
1750,Paterson,2026,7,26.13
1750,Paterson,2026,8,28.943
1750,Paterson,2026,9,26.298
1750,Paterson,2026,10,25.071
1750,Paterson,2026,11,32.482
1750,Paterson,2026,12,37.507
1751,Pathanamthitta,2016,1,55.783
1751,Pathanamthitta,2016,2,59.87
1751,Pathanamthitta,2016,3,58.541
1751,Pathanamthitta,2016,4,58.401
1751,Pathanamthitta,2016,5,58.658
1751,Pathanamthitta,2016,6,59.999
1751,Pathanamthitta,2016,7,60.861
1751,Pathanamthitta,2016,8,63.694
1751,Pathanamthitta,2016,9,63.52
1751,Pathanamthitta,2016,10,71.905
1751,Pathanamthitta,2016,11,78.454
1751,Pathanamthitta,2016,12,86.356
1753,Patiala,2025,11,125.089
1753,Patiala,2025,12,126.009
1753,Patiala,2026,1,128.562
1753,Patiala,2026,2,118.521
1753,Patiala,2026,3,107.837
1753,Patiala,2026,4,103.988
1753,Patiala,2026,5,100.175
1753,Patiala,2026,6,89.013
1753,Patiala,2026,7,75.187
1753,Patiala,2026,8,71.744
1753,Patiala,2026,9,72.984
1753,Patiala,2026,10,108.556
1755,Patna,2025,11,136.838
1755,Patna,2025,12,137.54
1755,Patna,2026,1,139.673
1755,Patna,2026,2,128.634
1755,Patna,2026,3,119.521
1755,Patna,2026,4,109.33
1755,Patna,2026,5,103.748
1755,Patna,2026,6,95.216
1755,Patna,2026,7,79.909
1755,Patna,2026,8,76.709
1755,Patna,2026,9,78.366
1755,Patna,2026,10,99.263
1756,Paul Spur,2026,1,47.637
1756,Paul Spur,2026,2,43.042
1756,Paul Spur,2026,3,36.494
1756,Paul Spur,2026,4,29.689
1756,Paul Spur,2026,5,25.073
1756,Paul Spur,2026,6,27.639
1756,Paul Spur,2026,7,29.945
1756,Paul Spur,2026,8,32.019
1756,Paul Spur,2026,9,29.933
1756,Paul Spur,2026,10,26.455
1756,Paul Spur,2026,11,34.847
1756,Paul Spur,2026,12,37.88
1757,Pawtucket,2026,1,35.077
1757,Pawtucket,2026,2,31.832
1757,Pawtucket,2026,3,26.56
1757,Pawtucket,2026,4,21.697
1757,Pawtucket,2026,5,18.696
1757,Pawtucket,2026,6,20.636
1757,Pawtucket,2026,7,22.444
1757,Pawtucket,2026,8,24.377
1757,Pawtucket,2026,9,21.808
1757,Pawtucket,2026,10,19.472
1757,Pawtucket,2026,11,25.145
1757,Pawtucket,2026,12,29.165
1758,Payson,2026,1,42.909
1758,Payson,2026,2,39.021
1758,Payson,2026,3,33.085
1758,Payson,2026,4,28.319
1758,Payson,2026,5,24.511
1758,Payson,2026,6,26.574
1758,Payson,2026,7,29.112
1758,Payson,2026,8,31.635
1758,Payson,2026,9,29.088
1758,Payson,2026,10,26.517
1758,Payson,2026,11,34.725
1758,Payson,2026,12,37.88
1759,"Payson, AZ",2026,1,34.065
1759,"Payson, AZ",2026,2,33.697
1759,"Payson, AZ",2026,3,31.201
1759,"Payson, AZ",2026,4,27.01
1759,"Payson, AZ",2026,5,22.93
1759,"Payson, AZ",2026,6,25.956
1759,"Payson, AZ",2026,7,27.407
1759,"Payson, AZ",2026,8,29.793
1759,"Payson, AZ",2026,9,27.698
1759,"Payson, AZ",2026,10,25.434
1759,"Payson, AZ",2026,11,33.337
1759,"Payson, AZ",2026,12,38.312
1760,Peach Springs,2026,1,37.192
1760,Peach Springs,2026,2,33.872
1760,Peach Springs,2026,3,29.187
1760,Peach Springs,2026,4,25.083
1760,Peach Springs,2026,5,21.925
1760,Peach Springs,2026,6,23.656
1760,Peach Springs,2026,7,25.316
1760,Peach Springs,2026,8,27.219
1760,Peach Springs,2026,9,24.978
1760,Peach Springs,2026,10,22.974
1760,Peach Springs,2026,11,28.955
1760,Peach Springs,2026,12,32.841
1761,Pearl City,2020,1,18.433
1761,Pearl City,2020,2,16.156
1761,Pearl City,2020,3,14.295
1761,Pearl City,2020,4,11.559
1761,Pearl City,2020,5,10.071
1761,Pearl City,2020,6,11.574
1761,Pearl City,2020,7,12.34
1761,Pearl City,2020,8,13.145
1761,Pearl City,2020,9,11.463
1761,Pearl City,2020,10,10.555
1761,Pearl City,2020,11,13.406
1761,Pearl City,2020,12,15.736
1764,Pekin,2026,1,34.065
1764,Pekin,2026,2,33.697
1764,Pekin,2026,3,31.181
1764,Pekin,2026,4,27.01
1764,Pekin,2026,5,22.845
1764,Pekin,2026,6,25.862
1764,Pekin,2026,7,27.225
1764,Pekin,2026,8,29.751
1764,Pekin,2026,9,27.61
1764,Pekin,2026,10,25.434
1764,Pekin,2026,11,33.337
1764,Pekin,2026,12,38.312
1765,Pelham,2016,1,46.369
1765,Pelham,2016,2,43.595
1765,Pelham,2016,3,36.727
1765,Pelham,2016,4,29.759
1765,Pelham,2016,5,25.181
1765,Pelham,2016,6,28.519
1765,Pelham,2016,7,31.047
1765,Pelham,2016,8,33.539
1765,Pelham,2016,9,31.374
1765,Pelham,2016,10,29.097
1765,Pelham,2016,11,37.668
1765,Pelham,2016,12,43.145
1767,Penang,2026,1,63.611
1767,Penang,2026,2,65.033
1767,Penang,2026,3,61.752
1767,Penang,2026,4,58.906
1767,Penang,2026,5,56.073
1767,Penang,2026,6,56.185
1767,Penang,2026,7,52.707
1767,Penang,2026,8,52.046
1767,Penang,2026,9,51.091
1767,Penang,2026,10,69.747
1767,Penang,2026,11,88.527
1767,Penang,2026,12,88.583
1768,Pendleton,2026,1,26.235
1768,Pendleton,2026,2,24.712
1768,Pendleton,2026,3,21.094
1768,Pendleton,2026,4,17.564
1768,Pendleton,2026,5,15.234
1768,Pendleton,2026,6,16.881
1768,Pendleton,2026,7,17.827
1768,Pendleton,2026,8,18.427
1768,Pendleton,2026,9,16.799
1768,Pendleton,2026,10,15.013
1768,Pendleton,2026,11,19.731
1768,Pendleton,2026,12,22.7
1769,Pennsauken (Township of),2026,1,34.218
1769,Pennsauken (Township of),2026,2,33.466
1769,Pennsauken (Township of),2026,3,31.461
1769,Pennsauken (Township of),2026,4,26.952
1769,Pennsauken (Township of),2026,5,22.672
1769,Pennsauken (Township of),2026,6,24.829
1769,Pennsauken (Township of),2026,7,26.098
1769,Pennsauken (Township of),2026,8,29.023
1769,Pennsauken (Township of),2026,9,27.027
1769,Pennsauken (Township of),2026,10,24.708
1769,Pennsauken (Township of),2026,11,32.757
1769,Pennsauken (Township of),2026,12,37.275
1770,Pensacola,2020,1,57.805
1770,Pensacola,2020,2,54.387
1770,Pensacola,2020,3,49.058
1770,Pensacola,2020,4,41.247
1770,Pensacola,2020,5,35.342
1770,Pensacola,2020,6,37.138
1770,Pensacola,2020,7,40.214
1770,Pensacola,2020,8,43.049
1770,Pensacola,2020,9,40.4
1770,Pensacola,2020,10,37.024
1770,Pensacola,2020,11,47.358
1770,Pensacola,2020,12,52.554
1771,Peoria,2026,1,48.215
1771,Peoria,2026,2,45.059
1771,Peoria,2026,3,38.248
1771,Peoria,2026,4,31.711
1771,Peoria,2026,5,27.272
1771,Peoria,2026,6,29.521
1771,Peoria,2026,7,31.93
1771,Peoria,2026,8,33.505
1771,Peoria,2026,9,31.072
1771,Peoria,2026,10,28.489
1771,Peoria,2026,11,37.266
1771,Peoria,2026,12,43.072
1772,Peoria Heights,2026,1,34.065
1772,Peoria Heights,2026,2,33.697
1772,Peoria Heights,2026,3,31.181
1772,Peoria Heights,2026,4,27.01
1772,Peoria Heights,2026,5,22.777
1772,Peoria Heights,2026,6,25.862
1772,Peoria Heights,2026,7,27.225
1772,Peoria Heights,2026,8,29.751
1772,Peoria Heights,2026,9,27.61
1772,Peoria Heights,2026,10,25.434
1772,Peoria Heights,2026,11,33.337
1772,Peoria Heights,2026,12,38.312
1774,Perris,2020,1,54.567
1774,Perris,2020,2,51.566
1774,Perris,2020,3,44.859
1774,Perris,2020,4,36.542
1774,Perris,2020,5,31.384
1774,Perris,2020,6,34.391
1774,Perris,2020,7,35.897
1774,Perris,2020,8,36.85
1774,Perris,2020,9,35.156
1774,Perris,2020,10,33.563
1774,Perris,2020,11,40.325
1774,Perris,2020,12,45.23
1775,Perry,2026,1,34.06
1775,Perry,2026,2,33.709
1775,Perry,2026,3,31.302
1775,Perry,2026,4,27.19
1775,Perry,2026,5,23.48
1775,Perry,2026,6,25.76
1775,Perry,2026,7,27.467
1775,Perry,2026,8,29.831
1775,Perry,2026,9,27.473
1775,Perry,2026,10,24.708
1775,Perry,2026,11,32.757
1775,Perry,2026,12,37.275
1776,Perth,2026,1,36.483
1776,Perth,2026,2,32.109
1776,Perth,2026,3,29.422
1776,Perth,2026,4,27.846
1776,Perth,2026,5,25.46
1776,Perth,2026,6,29.437
1776,Perth,2026,7,31.613
1776,Perth,2026,8,31.588
1776,Perth,2026,9,27.782
1776,Perth,2026,10,23.803
1776,Perth,2026,11,31.687
1776,Perth,2026,12,36.122
1777,Perth Amboy,2012,1,34.539
1777,Perth Amboy,2012,2,33.656
1777,Perth Amboy,2012,3,31.524
1777,Perth Amboy,2012,4,26.983
1777,Perth Amboy,2012,5,22.687
1777,Perth Amboy,2012,6,24.763
1777,Perth Amboy,2012,7,26.341
1777,Perth Amboy,2012,8,28.892
1777,Perth Amboy,2012,9,26.4
1777,Perth Amboy,2012,10,24.054
1777,Perth Amboy,2012,11,32.185
1777,Perth Amboy,2012,12,37.337
1779,Peshawar,2026,1,160.083
1779,Peshawar,2026,2,148.772
1779,Peshawar,2026,3,135.882
1779,Peshawar,2026,4,126.314
1779,Peshawar,2026,5,119.179
1779,Peshawar,2026,6,101.151
1779,Peshawar,2026,7,83.348
1779,Peshawar,2026,8,82.443
1779,Peshawar,2026,9,82.954
1779,Peshawar,2026,10,93.509
1779,Peshawar,2026,11,117.857
1779,Peshawar,2026,12,122.231
1780,Peterborough (Peterboro),2026,1,27.526
1780,Peterborough (Peterboro),2026,2,25.651
1780,Peterborough (Peterboro),2026,3,21.642
1780,Peterborough (Peterboro),2026,4,17.631
1780,Peterborough (Peterboro),2026,5,15.327
1780,Peterborough (Peterboro),2026,6,17.026
1780,Peterborough (Peterboro),2026,7,18.61
1780,Peterborough (Peterboro),2026,8,20.109
1780,Peterborough (Peterboro),2026,9,18.789
1780,Peterborough (Peterboro),2026,10,16.908
1780,Peterborough (Peterboro),2026,11,21.514
1780,Peterborough (Peterboro),2026,12,23.552
1781,Phenix City,2026,1,44.59
1781,Phenix City,2026,2,42.052
1781,Phenix City,2026,3,36.282
1781,Phenix City,2026,4,30.154
1781,Phenix City,2026,5,25.84
1781,Phenix City,2026,6,28.454
1781,Phenix City,2026,7,30.836
1781,Phenix City,2026,8,32.655
1781,Phenix City,2026,9,30.06
1781,Phenix City,2026,10,28.864
1781,Phenix City,2026,11,36.019
1781,Phenix City,2026,12,41.782
1782,Philadelphia,2026,1,42.975
1782,Philadelphia,2026,2,39.01
1782,Philadelphia,2026,3,33.144
1782,Philadelphia,2026,4,28.537
1782,Philadelphia,2026,5,24.433
1782,Philadelphia,2026,6,26.574
1782,Philadelphia,2026,7,29.112
1782,Philadelphia,2026,8,31.635
1782,Philadelphia,2026,9,29.22
1782,Philadelphia,2026,10,26.517
1782,Philadelphia,2026,11,34.725
1782,Philadelphia,2026,12,37.88
1783,"Philadelphia-Camden-Wilmington, PA-NJ-DE-MD",2026,1,36.295
1783,"Philadelphia-Camden-Wilmington, PA-NJ-DE-MD",2026,2,32.969
1783,"Philadelphia-Camden-Wilmington, PA-NJ-DE-MD",2026,3,27.463
1783,"Philadelphia-Camden-Wilmington, PA-NJ-DE-MD",2026,4,22.365
1783,"Philadelphia-Camden-Wilmington, PA-NJ-DE-MD",2026,5,19.748
1783,"Philadelphia-Camden-Wilmington, PA-NJ-DE-MD",2026,6,21.23
1783,"Philadelphia-Camden-Wilmington, PA-NJ-DE-MD",2026,7,23.437
1783,"Philadelphia-Camden-Wilmington, PA-NJ-DE-MD",2026,8,25.191
1783,"Philadelphia-Camden-Wilmington, PA-NJ-DE-MD",2026,9,22.577
1783,"Philadelphia-Camden-Wilmington, PA-NJ-DE-MD",2026,10,20.803
1783,"Philadelphia-Camden-Wilmington, PA-NJ-DE-MD",2026,11,26.415
1783,"Philadelphia-Camden-Wilmington, PA-NJ-DE-MD",2026,12,31.055
1784,Phillips,2026,1,25.61
1784,Phillips,2026,2,23.605
1784,Phillips,2026,3,19.775
1784,Phillips,2026,4,15.935
1784,Phillips,2026,5,13.544
1784,Phillips,2026,6,14.996
1784,Phillips,2026,7,15.823
1784,Phillips,2026,8,16.677
1784,Phillips,2026,9,14.589
1784,Phillips,2026,10,12.834
1784,Phillips,2026,11,16.201
1784,Phillips,2026,12,18.706
1785,Phillipsburg,2015,1,45.081
1785,Phillipsburg,2015,2,42.719
1785,Phillipsburg,2015,3,35.66
1785,Phillipsburg,2015,4,29.428
1785,Phillipsburg,2015,5,25.308
1785,Phillipsburg,2015,6,28.329
1785,Phillipsburg,2015,7,31.047
1785,Phillipsburg,2015,8,33.611
1785,Phillipsburg,2015,9,31.374
1785,Phillipsburg,2015,10,29.056
1785,Phillipsburg,2015,11,37.636
1785,Phillipsburg,2015,12,43.145
1786,Phnom Penh,2026,1,91.298
1786,Phnom Penh,2026,2,85.805
1786,Phnom Penh,2026,3,76.183
1786,Phnom Penh,2026,4,68.793
1786,Phnom Penh,2026,5,63.211
1786,Phnom Penh,2026,6,66.842
1786,Phnom Penh,2026,7,69.293
1786,Phnom Penh,2026,8,72.11
1786,Phnom Penh,2026,9,70.763
1786,Phnom Penh,2026,10,69.605
1786,Phnom Penh,2026,11,79.584
1786,Phnom Penh,2026,12,89.162
1787,Phoenix,2026,1,44.823
1787,Phoenix,2026,2,40.176
1787,Phoenix,2026,3,34.456
1787,Phoenix,2026,4,29.623
1787,Phoenix,2026,5,26.801
1787,Phoenix,2026,6,28.631
1787,Phoenix,2026,7,31.347
1787,Phoenix,2026,8,33.505
1787,Phoenix,2026,9,30.985
1787,Phoenix,2026,10,27.749
1787,Phoenix,2026,11,35.941
1787,Phoenix,2026,12,40.539
1788,"Phoenix-Mesa-Scottsdale, AZ",2026,1,70.032
1788,"Phoenix-Mesa-Scottsdale, AZ",2026,2,64.777
1788,"Phoenix-Mesa-Scottsdale, AZ",2026,3,58.717
1788,"Phoenix-Mesa-Scottsdale, AZ",2026,4,53.515
1788,"Phoenix-Mesa-Scottsdale, AZ",2026,5,49.747
1788,"Phoenix-Mesa-Scottsdale, AZ",2026,6,49.777
1788,"Phoenix-Mesa-Scottsdale, AZ",2026,7,50.434
1788,"Phoenix-Mesa-Scottsdale, AZ",2026,8,51.066
1788,"Phoenix-Mesa-Scottsdale, AZ",2026,9,49.082
1788,"Phoenix-Mesa-Scottsdale, AZ",2026,10,45.55
1788,"Phoenix-Mesa-Scottsdale, AZ",2026,11,53.212
1788,"Phoenix-Mesa-Scottsdale, AZ",2026,12,56.545
1789,Picher,2026,1,45.958
1789,Picher,2026,2,42.283
1789,Picher,2026,3,35.981
1789,Picher,2026,4,29.491
1789,Picher,2026,5,25.207
1789,Picher,2026,6,28.186
1789,Picher,2026,7,30.836
1789,Picher,2026,8,32.655
1789,Picher,2026,9,30.06
1789,Picher,2026,10,28.864
1789,Picher,2026,11,36.019
1789,Picher,2026,12,41.782
1790,Pico Rivera,2026,1,55.54
1790,Pico Rivera,2026,2,52.373
1790,Pico Rivera,2026,3,46.181
1790,Pico Rivera,2026,4,37.887
1790,Pico Rivera,2026,5,31.996
1790,Pico Rivera,2026,6,34.102
1790,Pico Rivera,2026,7,35.809
1790,Pico Rivera,2026,8,36.85
1790,Pico Rivera,2026,9,35.068
1790,Pico Rivera,2026,10,33.38
1790,Pico Rivera,2026,11,40.325
1790,Pico Rivera,2026,12,45.23
1791,Pierre,2026,1,19.169
1791,Pierre,2026,2,16.963
1791,Pierre,2026,3,13.988
1791,Pierre,2026,4,10.982
1791,Pierre,2026,5,9.302
1791,Pierre,2026,6,10.568
1791,Pierre,2026,7,11.509
1791,Pierre,2026,8,12.325
1791,Pierre,2026,9,10.524
1791,Pierre,2026,10,9.34
1791,Pierre,2026,11,12.338
1791,Pierre,2026,12,14.013
1793,Pikeville,2026,1,30.677
1793,Pikeville,2026,2,27.725
1793,Pikeville,2026,3,22.852
1793,Pikeville,2026,4,19.059
1793,Pikeville,2026,5,16.425
1793,Pikeville,2026,6,18.266
1793,Pikeville,2026,7,19.485
1793,Pikeville,2026,8,21.233
1793,Pikeville,2026,9,19.523
1793,Pikeville,2026,10,17.483
1793,Pikeville,2026,11,22.591
1793,Pikeville,2026,12,25.179
1794,Pilot Point,2026,1,34.065
1794,Pilot Point,2026,2,33.697
1794,Pilot Point,2026,3,31.201
1794,Pilot Point,2026,4,27.01
1794,Pilot Point,2026,5,22.889
1794,Pilot Point,2026,6,25.862
1794,Pilot Point,2026,7,27.407
1794,Pilot Point,2026,8,29.751
1794,Pilot Point,2026,9,27.698
1794,Pilot Point,2026,10,25.434
1794,Pilot Point,2026,11,33.337
1794,Pilot Point,2026,12,38.312
1796,Pinedale,2013,1,29.021
1796,Pinedale,2013,2,27.822
1796,Pinedale,2013,3,23.074
1796,Pinedale,2013,4,19.849
1796,Pinedale,2013,5,16.593
1796,Pinedale,2013,6,18.285
1796,Pinedale,2013,7,19.503
1796,Pinedale,2013,8,21.02
1796,Pinedale,2013,9,19.255
1796,Pinedale,2013,10,17.369
1796,Pinedale,2013,11,22.93
1796,Pinedale,2013,12,25.22
1797,Pinehurst (Pine Creek),2026,1,40.743
1797,Pinehurst (Pine Creek),2026,2,37.195
1797,Pinehurst (Pine Creek),2026,3,31.708
1797,Pinehurst (Pine Creek),2026,4,25.57
1797,Pinehurst (Pine Creek),2026,5,21.656
1797,Pinehurst (Pine Creek),2026,6,24.368
1797,Pinehurst (Pine Creek),2026,7,26.312
1797,Pinehurst (Pine Creek),2026,8,28.981
1797,Pinehurst (Pine Creek),2026,9,26.386
1797,Pinehurst (Pine Creek),2026,10,24.719
1797,Pinehurst (Pine Creek),2026,11,32.114
1797,Pinehurst (Pine Creek),2026,12,37.275
1798,Pinellas Park,2016,1,33.107
1798,Pinellas Park,2016,2,33.071
1798,Pinellas Park,2016,3,31.301
1798,Pinellas Park,2016,4,27.301
1798,Pinellas Park,2016,5,22.901
1798,Pinellas Park,2016,6,25.934
1798,Pinellas Park,2016,7,27.348
1798,Pinellas Park,2016,8,29.858
1798,Pinellas Park,2016,9,27.626
1798,Pinellas Park,2016,10,25.843
1798,Pinellas Park,2016,11,33.436
1798,Pinellas Park,2016,12,38.387
1799,Pinson,2013,1,48.965
1799,Pinson,2013,2,44.138
1799,Pinson,2013,3,37.314
1799,Pinson,2013,4,30.595
1799,Pinson,2013,5,25.856
1799,Pinson,2013,6,27.57
1799,Pinson,2013,7,30.238
1799,Pinson,2013,8,32.82
1799,Pinson,2013,9,29.968
1799,Pinson,2013,10,26.507
1799,Pinson,2013,11,34.951
1799,Pinson,2013,12,37.976
1800,Piru,2026,1,32.279
1800,Piru,2026,2,30.008
1800,Piru,2026,3,26.458
1800,Piru,2026,4,21.693
1800,Piru,2026,5,18.696
1800,Piru,2026,6,20.636
1800,Piru,2026,7,22.444
1800,Piru,2026,8,24.377
1800,Piru,2026,9,21.808
1800,Piru,2026,10,19.472
1800,Piru,2026,11,25.145
1800,Piru,2026,12,29.165
1801,Pithampur,2025,11,205.834
1801,Pithampur,2025,12,180.846
1801,Pithampur,2026,1,162.118
1801,Pithampur,2026,2,151.331
1801,Pithampur,2026,3,137.12
1801,Pithampur,2026,4,129.078
1801,Pithampur,2026,5,117.396
1801,Pithampur,2026,6,98.989
1801,Pithampur,2026,7,71.555
1801,Pithampur,2026,8,71.326
1801,Pithampur,2026,9,71.0
1801,Pithampur,2026,10,111.0
1802,Pittsboro,2016,1,41.026
1802,Pittsboro,2016,2,37.247
1802,Pittsboro,2016,3,31.063
1802,Pittsboro,2016,4,25.509
1802,Pittsboro,2016,5,21.688
1802,Pittsboro,2016,6,23.491
1802,Pittsboro,2016,7,25.528
1802,Pittsboro,2016,8,27.391
1802,Pittsboro,2016,9,25.123
1802,Pittsboro,2016,10,23.108
1802,Pittsboro,2016,11,29.909
1802,Pittsboro,2016,12,34.625
1804,Pittsburgh,2026,1,39.448
1804,Pittsburgh,2026,2,35.865
1804,Pittsburgh,2026,3,30.18
1804,Pittsburgh,2026,4,24.853
1804,Pittsburgh,2026,5,20.951
1804,Pittsburgh,2026,6,22.972
1804,Pittsburgh,2026,7,24.448
1804,Pittsburgh,2026,8,26.137
1804,Pittsburgh,2026,9,24.539
1804,Pittsburgh,2026,10,22.031
1804,Pittsburgh,2026,11,28.903
1804,Pittsburgh,2026,12,32.834
1805,"Pittsburgh, PA",2026,1,35.077
1805,"Pittsburgh, PA",2026,2,31.875
1805,"Pittsburgh, PA",2026,3,26.586
1805,"Pittsburgh, PA",2026,4,21.664
1805,"Pittsburgh, PA",2026,5,18.879
1805,"Pittsburgh, PA",2026,6,20.525
1805,"Pittsburgh, PA",2026,7,22.444
1805,"Pittsburgh, PA",2026,8,24.359
1805,"Pittsburgh, PA",2026,9,21.781
1805,"Pittsburgh, PA",2026,10,19.361
1805,"Pittsburgh, PA",2026,11,25.136
1805,"Pittsburgh, PA",2026,12,29.165
1806,Pittsfield,2026,1,35.557
1806,Pittsfield,2026,2,31.811
1806,Pittsfield,2026,3,26.451
1806,Pittsfield,2026,4,21.644
1806,Pittsfield,2026,5,18.537
1806,Pittsfield,2026,6,20.515
1806,Pittsfield,2026,7,22.549
1806,Pittsfield,2026,8,24.359
1806,Pittsfield,2026,9,21.736
1806,Pittsfield,2026,10,19.361
1806,Pittsfield,2026,11,25.258
1806,Pittsfield,2026,12,29.165
1807,Placerville,2026,1,23.417
1807,Placerville,2026,2,20.749
1807,Placerville,2026,3,16.813
1807,Placerville,2026,4,13.69
1807,Placerville,2026,5,11.893
1807,Placerville,2026,6,12.629
1807,Placerville,2026,7,13.181
1807,Placerville,2026,8,14.21
1807,Placerville,2026,9,13.025
1807,Placerville,2026,10,12.054
1807,Placerville,2026,11,15.65
1807,Placerville,2026,12,18.01
1809,Platte,2025,12,71.79
1809,Platte,2026,1,66.598
1809,Platte,2026,2,61.734
1809,Platte,2026,3,56.526
1809,Platte,2026,4,50.984
1809,Platte,2026,5,44.685
1809,Platte,2026,6,45.652
1809,Platte,2026,7,47.181
1809,Platte,2026,8,49.069
1809,Platte,2026,9,47.033
1809,Platte,2026,10,43.827
1809,Platte,2026,11,51.932
1810,Platteville,2026,1,41.562
1810,Platteville,2026,2,37.879
1810,Platteville,2026,3,31.299
1810,Platteville,2026,4,25.717
1810,Platteville,2026,5,21.544
1810,Platteville,2026,6,24.368
1810,Platteville,2026,7,26.13
1810,Platteville,2026,8,28.943
1810,Platteville,2026,9,26.298
1810,Platteville,2026,10,24.862
1810,Platteville,2026,11,31.935
1810,Platteville,2026,12,37.01
1811,Pleasant Prairie,2026,1,34.124
1811,Pleasant Prairie,2026,2,31.842
1811,Pleasant Prairie,2026,3,28.16
1811,Pleasant Prairie,2026,4,23.377
1811,Pleasant Prairie,2026,5,20.528
1811,Pleasant Prairie,2026,6,22.557
1811,Pleasant Prairie,2026,7,24.448
1811,Pleasant Prairie,2026,8,26.118
1811,Pleasant Prairie,2026,9,24.5
1811,Pleasant Prairie,2026,10,21.951
1811,Pleasant Prairie,2026,11,28.806
1811,Pleasant Prairie,2026,12,32.834
1814,Pocatello,2026,1,25.61
1814,Pocatello,2026,2,23.605
1814,Pocatello,2026,3,19.697
1814,Pocatello,2026,4,15.935
1814,Pocatello,2026,5,13.466
1814,Pocatello,2026,6,15.084
1814,Pocatello,2026,7,16.423
1814,Pocatello,2026,8,17.633
1814,Pocatello,2026,9,15.338
1814,Pocatello,2026,10,14.141
1814,Pocatello,2026,11,18.669
1814,Pocatello,2026,12,21.687
1815,"Pocatello, ID",2026,1,50.142
1815,"Pocatello, ID",2026,2,46.769
1815,"Pocatello, ID",2026,3,38.764
1815,"Pocatello, ID",2026,4,31.654
1815,"Pocatello, ID",2026,5,27.272
1815,"Pocatello, ID",2026,6,29.521
1815,"Pocatello, ID",2026,7,31.93
1815,"Pocatello, ID",2026,8,33.505
1815,"Pocatello, ID",2026,9,31.072
1815,"Pocatello, ID",2026,10,28.489
1815,"Pocatello, ID",2026,11,37.266
1815,"Pocatello, ID",2026,12,43.072
1816,"Point Pleasant, WV-OH",2026,1,33.887
1816,"Point Pleasant, WV-OH",2026,2,32.398
1816,"Point Pleasant, WV-OH",2026,3,29.355
1816,"Point Pleasant, WV-OH",2026,4,25.141
1816,"Point Pleasant, WV-OH",2026,5,21.965
1816,"Point Pleasant, WV-OH",2026,6,24.127
1816,"Point Pleasant, WV-OH",2026,7,26.224
1816,"Point Pleasant, WV-OH",2026,8,28.958
1816,"Point Pleasant, WV-OH",2026,9,26.298
1816,"Point Pleasant, WV-OH",2026,10,25.071
1816,"Point Pleasant, WV-OH",2026,11,32.482
1816,"Point Pleasant, WV-OH",2026,12,37.507
1817,Point Reyes National Seashore,2026,1,20.099
1817,Point Reyes National Seashore,2026,2,18.061
1817,Point Reyes National Seashore,2026,3,15.729
1817,Point Reyes National Seashore,2026,4,12.779
1817,Point Reyes National Seashore,2026,5,10.823
1817,Point Reyes National Seashore,2026,6,11.753
1817,Point Reyes National Seashore,2026,7,12.446
1817,Point Reyes National Seashore,2026,8,13.145
1817,Point Reyes National Seashore,2026,9,11.57
1817,Point Reyes National Seashore,2026,10,10.589
1817,Point Reyes National Seashore,2026,11,13.521
1817,Point Reyes National Seashore,2026,12,15.748
1818,Point of Rocks,2026,1,34.375
1818,Point of Rocks,2026,2,31.789
1818,Point of Rocks,2026,3,28.143
1818,Point of Rocks,2026,4,23.242
1818,Point of Rocks,2026,5,20.415
1818,Point of Rocks,2026,6,22.848
1818,Point of Rocks,2026,7,24.552
1818,Point of Rocks,2026,8,26.118
1818,Point of Rocks,2026,9,24.428
1818,Point of Rocks,2026,10,22.145
1818,Point of Rocks,2026,11,29.223
1818,Point of Rocks,2026,12,33.828
1819,Polk,2026,1,34.06
1819,Polk,2026,2,33.709
1819,Polk,2026,3,31.299
1819,Polk,2026,4,27.19
1819,Polk,2026,5,23.446
1819,Polk,2026,6,25.848
1819,Polk,2026,7,27.467
1819,Polk,2026,8,29.831
1819,Polk,2026,9,27.473
1819,Polk,2026,10,24.796
1819,Polk,2026,11,32.757
1819,Polk,2026,12,37.275
1820,Polk City,2026,1,34.065
1820,Polk City,2026,2,33.84
1820,Polk City,2026,3,31.181
1820,Polk City,2026,4,27.157
1820,Polk City,2026,5,22.818
1820,Polk City,2026,6,26.099
1820,Polk City,2026,7,28.229
1820,Polk City,2026,8,31.041
1820,Polk City,2026,9,29.358
1820,Polk City,2026,10,27.49
1820,Polk City,2026,11,35.299
1820,Polk City,2026,12,40.539
1821,Polson,2012,1,28.806
1821,Polson,2012,2,26.309
1821,Polson,2012,3,22.227
1821,Polson,2012,4,18.829
1821,Polson,2012,5,16.238
1821,Polson,2012,6,18.393
1821,Polson,2012,7,19.591
1821,Polson,2012,8,21.234
1821,Polson,2012,9,19.456
1821,Polson,2012,10,17.621
1821,Polson,2012,11,22.669
1821,Polson,2012,12,25.22
1822,Pomeroy,2026,1,23.354
1822,Pomeroy,2026,2,20.443
1822,Pomeroy,2026,3,16.701
1822,Pomeroy,2026,4,13.67
1822,Pomeroy,2026,5,11.688
1822,Pomeroy,2026,6,12.761
1822,Pomeroy,2026,7,13.285
1822,Pomeroy,2026,8,14.21
1822,Pomeroy,2026,9,13.025
1822,Pomeroy,2026,10,12.196
1822,Pomeroy,2026,11,15.735
1822,Pomeroy,2026,12,18.01
1823,Pomona,2026,1,34.065
1823,Pomona,2026,2,33.697
1823,Pomona,2026,3,31.201
1823,Pomona,2026,4,27.01
1823,Pomona,2026,5,22.889
1823,Pomona,2026,6,25.862
1823,Pomona,2026,7,27.313
1823,Pomona,2026,8,29.751
1823,Pomona,2026,9,27.698
1823,Pomona,2026,10,25.434
1823,Pomona,2026,11,33.337
1823,Pomona,2026,12,38.312
1824,Pompano Beach,2010,1,37.938
1824,Pompano Beach,2010,2,33.285
1824,Pompano Beach,2010,3,29.026
1824,Pompano Beach,2010,4,24.721
1824,Pompano Beach,2010,5,20.818
1824,Pompano Beach,2010,6,22.551
1824,Pompano Beach,2010,7,24.51
1824,Pompano Beach,2010,8,26.059
1824,Pompano Beach,2010,9,24.255
1824,Pompano Beach,2010,10,21.795
1824,Pompano Beach,2010,11,29.032
1824,Pompano Beach,2010,12,33.869
1825,Pompano Beach Highlands,2026,1,38.908
1825,Pompano Beach Highlands,2026,2,34.261
1825,Pompano Beach Highlands,2026,3,30.221
1825,Pompano Beach Highlands,2026,4,26.273
1825,Pompano Beach Highlands,2026,5,22.528
1825,Pompano Beach Highlands,2026,6,25.253
1825,Pompano Beach Highlands,2026,7,27.407
1825,Pompano Beach Highlands,2026,8,29.831
1825,Pompano Beach Highlands,2026,9,27.698
1825,Pompano Beach Highlands,2026,10,24.882
1825,Pompano Beach Highlands,2026,11,32.879
1825,Pompano Beach Highlands,2026,12,37.275
1826,Ponca City,2026,1,42.577
1826,Ponca City,2026,2,39.965
1826,Ponca City,2026,3,33.543
1826,Ponca City,2026,4,28.356
1826,Ponca City,2026,5,24.048
1826,Ponca City,2026,6,27.496
1826,Ponca City,2026,7,29.801
1826,Ponca City,2026,8,31.939
1826,Ponca City,2026,9,29.446
1826,Ponca City,2026,10,27.347
1826,Ponca City,2026,11,35.299
1826,Ponca City,2026,12,40.539
1827,"Ponca City, OK",2020,1,45.484
1827,"Ponca City, OK",2020,2,42.202
1827,"Ponca City, OK",2020,3,35.693
1827,"Ponca City, OK",2020,4,29.419
1827,"Ponca City, OK",2020,5,24.987
1827,"Ponca City, OK",2020,6,27.301
1827,"Ponca City, OK",2020,7,29.671
1827,"Ponca City, OK",2020,8,31.939
1827,"Ponca City, OK",2020,9,29.358
1827,"Ponca City, OK",2020,10,27.557
1827,"Ponca City, OK",2020,11,35.299
1827,"Ponca City, OK",2020,12,40.539
1828,Ponce,2026,1,33.212
1828,Ponce,2026,2,32.335
1828,Ponce,2026,3,28.996
1828,Ponce,2026,4,23.242
1828,Ponce,2026,5,20.37
1828,Ponce,2026,6,22.999
1828,Ponce,2026,7,24.552
1828,Ponce,2026,8,26.024
1828,Ponce,2026,9,24.233
1828,Ponce,2026,10,22.453
1828,Ponce,2026,11,29.175
1828,Ponce,2026,12,33.828
1832,Port Angeles,2026,1,31.183
1832,Port Angeles,2026,2,29.754
1832,Port Angeles,2026,3,25.347
1832,Port Angeles,2026,4,21.015
1832,Port Angeles,2026,5,18.156
1832,Port Angeles,2026,6,20.485
1832,Port Angeles,2026,7,22.367
1832,Port Angeles,2026,8,24.246
1832,Port Angeles,2026,9,21.453
1832,Port Angeles,2026,10,19.853
1832,Port Angeles,2026,11,24.928
1832,Port Angeles,2026,12,28.232
1833,"Port Angeles, WA",2026,1,9.792
1833,"Port Angeles, WA",2026,2,8.193
1833,"Port Angeles, WA",2026,3,7.351
1833,"Port Angeles, WA",2026,4,6.339
1833,"Port Angeles, WA",2026,5,5.119
1833,"Port Angeles, WA",2026,6,6.385
1833,"Port Angeles, WA",2026,7,6.491
1833,"Port Angeles, WA",2026,8,6.487
1833,"Port Angeles, WA",2026,9,4.231
1833,"Port Angeles, WA",2026,10,4.091
1833,"Port Angeles, WA",2026,11,7.534
1833,"Port Angeles, WA",2026,12,8.415
1834,Port Arthur,2026,1,47.135
1834,Port Arthur,2026,2,43.114
1834,Port Arthur,2026,3,36.494
1834,Port Arthur,2026,4,29.689
1834,Port Arthur,2026,5,25.414
1834,Port Arthur,2026,6,27.639
1834,Port Arthur,2026,7,30.054
1834,Port Arthur,2026,8,32.693
1834,Port Arthur,2026,9,29.933
1834,Port Arthur,2026,10,26.455
1834,Port Arthur,2026,11,34.725
1834,Port Arthur,2026,12,37.88
1835,Port Huron,2026,1,38.625
1835,Port Huron,2026,2,34.752
1835,Port Huron,2026,3,30.424
1835,Port Huron,2026,4,26.331
1835,Port Huron,2026,5,22.152
1835,Port Huron,2026,6,25.658
1835,Port Huron,2026,7,27.225
1835,Port Huron,2026,8,29.751
1835,Port Huron,2026,9,27.61
1835,Port Huron,2026,10,25.434
1835,Port Huron,2026,11,33.337
1835,Port Huron,2026,12,38.312
1836,Port Orange,2019,1,33.517
1836,Port Orange,2019,2,32.153
1836,Port Orange,2019,3,29.132
1836,Port Orange,2019,4,25.001
1836,Port Orange,2019,5,21.924
1836,Port Orange,2019,6,23.669
1836,Port Orange,2019,7,25.393
1836,Port Orange,2019,8,27.284
1836,Port Orange,2019,9,25.139
1836,Port Orange,2019,10,23.16
1836,Port Orange,2019,11,29.687
1836,Port Orange,2019,12,34.526
1837,Port Townsend,2026,1,22.608
1837,Port Townsend,2026,2,19.842
1837,Port Townsend,2026,3,16.707
1837,Port Townsend,2026,4,13.779
1837,Port Townsend,2026,5,11.415
1837,Port Townsend,2026,6,13.017
1837,Port Townsend,2026,7,14.098
1837,Port Townsend,2026,8,15.715
1837,Port Townsend,2026,9,13.786
1837,Port Townsend,2026,10,12.098
1837,Port Townsend,2026,11,16.115
1837,Port Townsend,2026,12,18.694
1838,Portage,2026,1,52.194
1838,Portage,2026,2,49.207
1838,Portage,2026,3,41.851
1838,Portage,2026,4,34.093
1838,Portage,2026,5,30.141
1838,Portage,2026,6,32.477
1838,Portage,2026,7,34.701
1838,Portage,2026,8,35.232
1838,Portage,2026,9,33.438
1838,Portage,2026,10,31.77
1838,Portage,2026,11,38.894
1838,Portage,2026,12,43.578
1839,Porterville,2026,1,50.521
1839,Porterville,2026,2,46.578
1839,Porterville,2026,3,39.052
1839,Porterville,2026,4,32.779
1839,Porterville,2026,5,28.247
1839,Porterville,2026,6,31.421
1839,Porterville,2026,7,33.767
1839,Porterville,2026,8,34.938
1839,Porterville,2026,9,32.486
1839,Porterville,2026,10,30.633
1839,Porterville,2026,11,38.45
1839,Porterville,2026,12,43.846
1840,Portland,2026,1,37.141
1840,Portland,2026,2,32.953
1840,Portland,2026,3,27.486
1840,Portland,2026,4,22.306
1840,Portland,2026,5,19.632
1840,Portland,2026,6,21.259
1840,Portland,2026,7,23.223
1840,Portland,2026,8,25.304
1840,Portland,2026,9,22.771
1840,Portland,2026,10,20.41
1840,Portland,2026,11,26.271
1840,Portland,2026,12,31.055
1841,"Portland-South Portland, ME",2026,1,18.067
1841,"Portland-South Portland, ME",2026,2,15.91
1841,"Portland-South Portland, ME",2026,3,13.377
1841,"Portland-South Portland, ME",2026,4,11.04
1841,"Portland-South Portland, ME",2026,5,9.74
1841,"Portland-South Portland, ME",2026,6,10.578
1841,"Portland-South Portland, ME",2026,7,11.509
1841,"Portland-South Portland, ME",2026,8,12.306
1841,"Portland-South Portland, ME",2026,9,10.524
1841,"Portland-South Portland, ME",2026,10,9.198
1841,"Portland-South Portland, ME",2026,11,12.369
1841,"Portland-South Portland, ME",2026,12,14.013
1842,"Portland-Vancouver-Hillsboro, OR-WA",2026,1,20.099
1842,"Portland-Vancouver-Hillsboro, OR-WA",2026,2,18.061
1842,"Portland-Vancouver-Hillsboro, OR-WA",2026,3,15.729
1842,"Portland-Vancouver-Hillsboro, OR-WA",2026,4,12.735
1842,"Portland-Vancouver-Hillsboro, OR-WA",2026,5,10.823
1842,"Portland-Vancouver-Hillsboro, OR-WA",2026,6,11.753
1842,"Portland-Vancouver-Hillsboro, OR-WA",2026,7,12.446
1842,"Portland-Vancouver-Hillsboro, OR-WA",2026,8,13.145
1842,"Portland-Vancouver-Hillsboro, OR-WA",2026,9,11.57
1842,"Portland-Vancouver-Hillsboro, OR-WA",2026,10,10.589
1842,"Portland-Vancouver-Hillsboro, OR-WA",2026,11,13.521
1842,"Portland-Vancouver-Hillsboro, OR-WA",2026,12,15.748
1843,Portola,2026,1,52.862
1843,Portola,2026,2,48.836
1843,Portola,2026,3,40.231
1843,Portola,2026,4,32.981
1843,Portola,2026,5,28.094
1843,Portola,2026,6,30.596
1843,Portola,2026,7,32.998
1843,Portola,2026,8,34.29
1843,Portola,2026,9,32.313
1843,Portola,2026,10,30.193
1843,Portola,2026,11,38.57
1843,Portola,2026,12,43.846
1844,Portsmouth,2026,1,32.422
1844,Portsmouth,2026,2,29.763
1844,Portsmouth,2026,3,25.109
1844,Portsmouth,2026,4,20.957
1844,Portsmouth,2026,5,17.457
1844,Portsmouth,2026,6,19.532
1844,Portsmouth,2026,7,20.834
1844,Portsmouth,2026,8,22.621
1844,Portsmouth,2026,9,20.501
1844,Portsmouth,2026,10,18.349
1844,Portsmouth,2026,11,24.03
1844,Portsmouth,2026,12,27.917
1846,Potosi,2026,1,45.117
1846,Potosi,2026,2,42.389
1846,Potosi,2026,3,35.523
1846,Potosi,2026,4,29.419
1846,Potosi,2026,5,25.067
1846,Potosi,2026,6,28.59
1846,Potosi,2026,7,30.966
1846,Potosi,2026,8,32.655
1846,Potosi,2026,9,30.148
1846,Potosi,2026,10,28.512
1846,Potosi,2026,11,36.019
1846,Potosi,2026,12,41.782
1848,Powder River,2020,1,29.592
1848,Powder River,2020,2,27.344
1848,Powder River,2020,3,22.937
1848,Powder River,2020,4,19.059
1848,Powder River,2020,5,16.664
1848,Powder River,2020,6,18.37
1848,Powder River,2020,7,19.485
1848,Powder River,2020,8,21.233
1848,Powder River,2020,9,19.569
1848,Powder River,2020,10,17.483
1848,Powder River,2020,11,22.591
1848,Powder River,2020,12,25.179
1849,Powder Springs,2013,1,49.963
1849,Powder Springs,2013,2,45.368
1849,Powder Springs,2013,3,38.642
1849,Powder Springs,2013,4,31.716
1849,Powder Springs,2013,5,26.985
1849,Powder Springs,2013,6,28.781
1849,Powder Springs,2013,7,31.532
1849,Powder Springs,2013,8,33.631
1849,Powder Springs,2013,9,31.179
1849,Powder Springs,2013,10,28.482
1849,Powder Springs,2013,11,37.369
1849,Powder Springs,2013,12,43.18
1851,Powell,2026,1,11.38
1851,Powell,2026,2,10.036
1851,Powell,2026,3,8.691
1851,Powell,2026,4,7.172
1851,Powell,2026,5,6.567
1851,Powell,2026,6,6.66
1851,Powell,2026,7,6.386
1851,Powell,2026,8,6.487
1851,Powell,2026,9,4.276
1851,Powell,2026,10,4.051
1851,Powell,2026,11,7.31
1851,Powell,2026,12,8.415
1852,Prague,2026,1,70.52
1852,Prague,2026,2,64.91
1852,Prague,2026,3,57.653
1852,Prague,2026,4,51.378
1852,Prague,2026,5,46.259
1852,Prague,2026,6,46.963
1852,Prague,2026,7,48.589
1852,Prague,2026,8,50.477
1852,Prague,2026,9,45.523
1852,Prague,2026,10,41.205
1852,Prague,2026,11,51.656
1852,Prague,2026,12,56.452
1855,Prayagraj,2025,11,112.431
1855,Prayagraj,2025,12,120.992
1855,Prayagraj,2026,1,122.502
1855,Prayagraj,2026,2,108.521
1855,Prayagraj,2026,3,100.397
1855,Prayagraj,2026,4,95.911
1855,Prayagraj,2026,5,88.503
1855,Prayagraj,2026,6,81.039
1855,Prayagraj,2026,7,72.731
1855,Prayagraj,2026,8,73.55
1855,Prayagraj,2026,9,73.166
1855,Prayagraj,2026,10,89.4
1856,Prescott,2026,1,29.938
1856,Prescott,2026,2,27.61
1856,Prescott,2026,3,22.981
1856,Prescott,2026,4,19.097
1856,Prescott,2026,5,16.413
1856,Prescott,2026,6,18.396
1856,Prescott,2026,7,19.59
1856,Prescott,2026,8,21.213
1856,Prescott,2026,9,19.523
1856,Prescott,2026,10,17.324
1856,Prescott,2026,11,22.857
1856,Prescott,2026,12,25.179
1857,Prescott Valley,2014,1,22.7
1857,Prescott Valley,2014,2,20.173
1857,Prescott Valley,2014,3,17.078
1857,Prescott Valley,2014,4,14.346
1857,Prescott Valley,2014,5,12.552
1857,Prescott Valley,2014,6,14.466
1857,Prescott Valley,2014,7,15.254
1857,Prescott Valley,2014,8,16.655
1857,Prescott Valley,2014,9,14.523
1857,Prescott Valley,2014,10,13.168
1857,Prescott Valley,2014,11,18.128
1857,Prescott Valley,2014,12,21.31
1858,"Prescott, AZ",2026,1,17.007
1858,"Prescott, AZ",2026,2,14.723
1858,"Prescott, AZ",2026,3,12.481
1858,"Prescott, AZ",2026,4,10.03
1858,"Prescott, AZ",2026,5,9.161
1858,"Prescott, AZ",2026,6,10.639
1858,"Prescott, AZ",2026,7,11.509
1858,"Prescott, AZ",2026,8,12.325
1858,"Prescott, AZ",2026,9,10.524
1858,"Prescott, AZ",2026,10,9.312
1858,"Prescott, AZ",2026,11,12.338
1858,"Prescott, AZ",2026,12,14.013
1859,Presque Isle,2026,1,26.75
1859,Presque Isle,2026,2,25.033
1859,Presque Isle,2026,3,21.722
1859,Presque Isle,2026,4,17.631
1859,Presque Isle,2026,5,15.327
1859,Presque Isle,2026,6,17.026
1859,Presque Isle,2026,7,18.61
1859,Presque Isle,2026,8,20.109
1859,Presque Isle,2026,9,18.835
1859,Presque Isle,2026,10,16.908
1859,Presque Isle,2026,11,21.514
1859,Presque Isle,2026,12,23.552
1860,Preston,2026,1,24.071
1860,Preston,2026,2,22.773
1860,Preston,2026,3,19.185
1860,Preston,2026,4,15.808
1860,Preston,2026,5,13.33
1860,Preston,2026,6,14.911
1860,Preston,2026,7,15.839
1860,Preston,2026,8,16.658
1860,Preston,2026,9,14.455
1860,Preston,2026,10,12.807
1860,Preston,2026,11,16.523
1860,Preston,2026,12,18.694
1861,Price,2025,11,19.263
1861,Price,2025,12,22.7
1861,Price,2026,1,23.656
1861,Price,2026,2,20.98
1861,Price,2026,3,16.813
1861,Price,2026,4,13.69
1861,Price,2026,5,11.893
1861,Price,2026,6,12.629
1861,Price,2026,7,13.181
1861,Price,2026,8,14.21
1861,Price,2026,9,13.025
1861,Price,2026,10,12.054
1862,Prince Edward,2026,1,34.202
1862,Prince Edward,2026,2,33.466
1862,Prince Edward,2026,3,31.461
1862,Prince Edward,2026,4,26.952
1862,Prince Edward,2026,5,22.302
1862,Prince Edward,2026,6,24.821
1862,Prince Edward,2026,7,26.098
1862,Prince Edward,2026,8,29.023
1862,Prince Edward,2026,9,27.027
1862,Prince Edward,2026,10,24.699
1862,Prince Edward,2026,11,32.879
1862,Prince Edward,2026,12,37.275
1863,Prince Frederick,2026,1,34.06
1863,Prince Frederick,2026,2,33.466
1863,Prince Frederick,2026,3,31.389
1863,Prince Frederick,2026,4,26.972
1863,Prince Frederick,2026,5,22.862
1863,Prince Frederick,2026,6,24.84
1863,Prince Frederick,2026,7,26.207
1863,Prince Frederick,2026,8,29.023
1863,Prince Frederick,2026,9,27.027
1863,Prince Frederick,2026,10,24.708
1863,Prince Frederick,2026,11,32.757
1863,Prince Frederick,2026,12,37.275
1864,Prineville,2026,1,31.183
1864,Prineville,2026,2,29.754
1864,Prineville,2026,3,25.537
1864,Prineville,2026,4,21.015
1864,Prineville,2026,5,18.196
1864,Prineville,2026,6,20.485
1864,Prineville,2026,7,22.461
1864,Prineville,2026,8,24.339
1864,Prineville,2026,9,21.648
1864,Prineville,2026,10,20.063
1864,Prineville,2026,11,25.395
1864,Prineville,2026,12,29.76
1866,Providence,2026,1,34.13
1866,Providence,2026,2,31.842
1866,Providence,2026,3,28.126
1866,Providence,2026,4,23.41
1866,Providence,2026,5,20.494
1866,Providence,2026,6,22.645
1866,Providence,2026,7,24.448
1866,Providence,2026,8,26.118
1866,Providence,2026,9,24.5
1866,Providence,2026,10,22.039
1866,Providence,2026,11,28.893
1866,Providence,2026,12,32.834
1867,"Providence-Warwick, RI-MA",2026,1,26.927
1867,"Providence-Warwick, RI-MA",2026,2,25.25
1867,"Providence-Warwick, RI-MA",2026,3,22.218
1867,"Providence-Warwick, RI-MA",2026,4,18.73
1867,"Providence-Warwick, RI-MA",2026,5,15.733
1867,"Providence-Warwick, RI-MA",2026,6,17.071
1867,"Providence-Warwick, RI-MA",2026,7,18.533
1867,"Providence-Warwick, RI-MA",2026,8,19.996
1867,"Providence-Warwick, RI-MA",2026,9,17.641
1867,"Providence-Warwick, RI-MA",2026,10,15.776
1867,"Providence-Warwick, RI-MA",2026,11,20.292
1867,"Providence-Warwick, RI-MA",2026,12,23.174
1868,Provo,2018,1,34.923
1868,Provo,2018,2,32.065
1868,Provo,2018,3,29.494
1868,Provo,2018,4,24.88
1868,Provo,2018,5,21.257
1868,Provo,2018,6,23.617
1868,Provo,2018,7,25.528
1868,Provo,2018,8,27.391
1868,Provo,2018,9,25.168
1868,Provo,2018,10,23.128
1868,Provo,2018,11,29.787
1868,Provo,2018,12,34.625
1869,Pryor (corporate name Pryor Creek),2020,1,34.859
1869,Pryor (corporate name Pryor Creek),2020,2,31.532
1869,Pryor (corporate name Pryor Creek),2020,3,28.44
1869,Pryor (corporate name Pryor Creek),2020,4,23.431
1869,Pryor (corporate name Pryor Creek),2020,5,20.494
1869,Pryor (corporate name Pryor Creek),2020,6,22.668
1869,Pryor (corporate name Pryor Creek),2020,7,24.448
1869,Pryor (corporate name Pryor Creek),2020,8,26.024
1869,Pryor (corporate name Pryor Creek),2020,9,24.344
1869,Pryor (corporate name Pryor Creek),2020,10,22.031
1869,Pryor (corporate name Pryor Creek),2020,11,28.903
1869,Pryor (corporate name Pryor Creek),2020,12,32.834
1870,Puducherry,2025,8,45.422
1870,Puducherry,2025,9,44.683
1870,Puducherry,2025,10,59.573
1870,Puducherry,2025,11,73.763
1870,Puducherry,2025,12,78.528
1870,Puducherry,2026,1,82.692
1870,Puducherry,2026,2,82.438
1870,Puducherry,2026,3,76.05
1870,Puducherry,2026,4,72.968
1870,Puducherry,2026,5,68.562
1870,Puducherry,2026,6,68.525
1870,Puducherry,2026,7,64.03
1872,Pueblo,2026,1,29.159
1872,Pueblo,2026,2,27.61
1872,Pueblo,2026,3,22.981
1872,Pueblo,2026,4,19.097
1872,Pueblo,2026,5,16.372
1872,Pueblo,2026,6,18.396
1872,Pueblo,2026,7,19.496
1872,Pueblo,2026,8,21.12
1872,Pueblo,2026,9,19.329
1872,Pueblo,2026,10,17.324
1872,Pueblo,2026,11,22.857
1872,Pueblo,2026,12,25.179
1874,Pullman,2026,1,21.911
1874,Pullman,2026,2,19.089
1874,Pullman,2026,3,16.707
1874,Pullman,2026,4,13.779
1874,Pullman,2026,5,11.436
1874,Pullman,2026,6,13.017
1874,Pullman,2026,7,14.098
1874,Pullman,2026,8,15.715
1874,Pullman,2026,9,13.786
1874,Pullman,2026,10,12.098
1874,Pullman,2026,11,16.115
1874,Pullman,2026,12,18.694
1876,Pune,2025,11,104.829
1876,Pune,2025,12,115.183
1876,Pune,2026,1,123.014
1876,Pune,2026,2,114.164
1876,Pune,2026,3,103.962
1876,Pune,2026,4,99.138
1876,Pune,2026,5,92.089
1876,Pune,2026,6,84.481
1876,Pune,2026,7,75.236
1876,Pune,2026,8,72.895
1876,Pune,2026,9,71.806
1876,Pune,2026,10,90.136
1881,Qingdao,2026,1,133.367
1881,Qingdao,2026,2,127.117
1881,Qingdao,2026,3,110.211
1881,Qingdao,2026,4,93.369
1881,Qingdao,2026,5,84.03
1881,Qingdao,2026,6,88.707
1881,Qingdao,2026,7,93.837
1881,Qingdao,2026,8,98.689
1881,Qingdao,2026,9,93.247
1881,Qingdao,2026,10,89.748
1881,Qingdao,2026,11,114.81
1881,Qingdao,2026,12,130.85
1882,Queen Creek,2026,1,63.934
1882,Queen Creek,2026,2,59.742
1882,Queen Creek,2026,3,54.447
1882,Queen Creek,2026,4,48.477
1882,Queen Creek,2026,5,42.03
1882,Queen Creek,2026,6,44.384
1882,Queen Creek,2026,7,47.272
1882,Queen Creek,2026,8,48.861
1882,Queen Creek,2026,9,46.616
1882,Queen Creek,2026,10,43.506
1882,Queen Creek,2026,11,51.184
1882,Queen Creek,2026,12,54.143
1883,Queen Valley,2026,1,22.203
1883,Queen Valley,2026,2,19.969
1883,Queen Valley,2026,3,16.329
1883,Queen Valley,2026,4,13.346
1883,Queen Valley,2026,5,11.548
1883,Queen Valley,2026,6,13.222
1883,Queen Valley,2026,7,14.186
1883,Queen Valley,2026,8,15.715
1883,Queen Valley,2026,9,13.874
1883,Queen Valley,2026,10,12.314
1883,Queen Valley,2026,11,16.179
1883,Queen Valley,2026,12,18.706
1884,Quincy,2026,1,41.628
1884,Quincy,2026,2,37.544
1884,Quincy,2026,3,31.367
1884,Quincy,2026,4,25.482
1884,Quincy,2026,5,21.688
1884,Quincy,2026,6,24.402
1884,Quincy,2026,7,26.312
1884,Quincy,2026,8,28.981
1884,Quincy,2026,9,26.386
1884,Quincy,2026,10,24.495
1884,Quincy,2026,11,32.082
1884,Quincy,2026,12,37.275
1885,Quito,2026,1,70.279
1885,Quito,2026,2,65.857
1885,Quito,2026,3,59.703
1885,Quito,2026,4,54.301
1885,Quito,2026,5,51.617
1885,Quito,2026,6,52.687
1885,Quito,2026,7,55.488
1885,Quito,2026,8,58.019
1885,Quito,2026,9,55.673
1885,Quito,2026,10,53.333
1885,Quito,2026,11,60.528
1885,Quito,2026,12,65.986
1886,Racine,2014,1,34.53
1886,Racine,2014,2,34.001
1886,Racine,2014,3,33.395
1886,Racine,2014,4,31.004
1886,Racine,2014,5,28.039
1886,Racine,2014,6,31.352
1886,Racine,2014,7,34.0
1886,Racine,2014,8,35.218
1886,Racine,2014,9,33.169
1886,Racine,2014,10,31.823
1886,Racine,2014,11,39.014
1886,Racine,2014,12,45.027
1887,"Racine, WI",2026,1,34.202
1887,"Racine, WI",2026,2,33.466
1887,"Racine, WI",2026,3,31.461
1887,"Racine, WI",2026,4,26.952
1887,"Racine, WI",2026,5,22.727
1887,"Racine, WI",2026,6,25.355
1887,"Racine, WI",2026,7,27.407
1887,"Racine, WI",2026,8,29.831
1887,"Racine, WI",2026,9,27.741
1887,"Racine, WI",2026,10,24.902
1887,"Racine, WI",2026,11,32.879
1887,"Racine, WI",2026,12,37.275
1889,Rahway,2026,1,38.576
1889,Rahway,2026,2,35.063
1889,Rahway,2026,3,30.323
1889,Rahway,2026,4,24.853
1889,Rahway,2026,5,20.951
1889,Rahway,2026,6,22.972
1889,Rahway,2026,7,24.448
1889,Rahway,2026,8,26.137
1889,Rahway,2026,9,24.539
1889,Rahway,2026,10,22.031
1889,Rahway,2026,11,28.903
1889,Rahway,2026,12,32.834
1890,Raichur,2025,4,110.446
1890,Raichur,2025,5,100.247
1890,Raichur,2025,6,88.676
1890,Raichur,2025,7,75.329
1890,Raichur,2025,8,74.057
1890,Raichur,2025,9,73.797
1890,Raichur,2025,10,115.59
1890,Raichur,2025,11,145.394
1890,Raichur,2025,12,140.588
1890,Raichur,2026,1,141.1
1890,Raichur,2026,2,127.201
1890,Raichur,2026,3,115.549
1893,Raipur,2025,4,95.254
1893,Raipur,2025,5,88.995
1893,Raipur,2025,6,81.376
1893,Raipur,2025,7,72.092
1893,Raipur,2025,8,73.078
1893,Raipur,2025,9,71.182
1893,Raipur,2025,10,85.427
1893,Raipur,2025,11,99.638
1893,Raipur,2025,12,101.729
1893,Raipur,2026,1,106.163
1893,Raipur,2026,2,100.019
1893,Raipur,2026,3,94.779
1895,Rajahmundry,2025,11,69.634
1895,Rajahmundry,2025,12,84.298
1895,Rajahmundry,2026,1,87.128
1895,Rajahmundry,2026,2,87.647
1895,Rajahmundry,2026,3,84.571
1895,Rajahmundry,2026,4,80.315
1895,Rajahmundry,2026,5,74.883
1895,Rajahmundry,2026,6,72.667
1895,Rajahmundry,2026,7,67.592
1895,Rajahmundry,2026,8,67.574
1895,Rajahmundry,2026,9,67.678
1895,Rajahmundry,2026,10,91.76
1898,Rajkot,2015,4,87.013
1898,Rajkot,2015,5,83.276
1898,Rajkot,2015,6,84.117
1898,Rajkot,2015,7,83.737
1898,Rajkot,2015,8,84.921
1898,Rajkot,2015,9,85.043
1898,Rajkot,2015,10,95.086
1898,Rajkot,2015,11,103.943
1898,Rajkot,2015,12,113.061
1898,Rajkot,2016,1,118.423
1898,Rajkot,2016,2,115.262
1898,Rajkot,2016,3,108.65
1901,Raleigh,2026,1,39.343
1901,Raleigh,2026,2,35.954
1901,Raleigh,2026,3,30.18
1901,Raleigh,2026,4,24.82
1901,Raleigh,2026,5,21.056
1901,Raleigh,2026,6,23.582
1901,Raleigh,2026,7,25.393
1901,Raleigh,2026,8,27.378
1901,Raleigh,2026,9,25.139
1901,Raleigh,2026,10,23.16
1901,Raleigh,2026,11,29.687
1901,Raleigh,2026,12,34.526
1902,"Raleigh, NC",2026,1,38.39
1902,"Raleigh, NC",2026,2,34.56
1902,"Raleigh, NC",2026,3,30.472
1902,"Raleigh, NC",2026,4,26.273
1902,"Raleigh, NC",2026,5,22.381
1902,"Raleigh, NC",2026,6,25.468
1902,"Raleigh, NC",2026,7,27.407
1902,"Raleigh, NC",2026,8,29.789
1902,"Raleigh, NC",2026,9,27.698
1902,"Raleigh, NC",2026,10,25.21
1902,"Raleigh, NC",2026,11,33.305
1902,"Raleigh, NC",2026,12,38.312
1903,Ramagundam,2016,1,143.52
1903,Ramagundam,2016,2,139.121
1903,Ramagundam,2016,3,133.304
1903,Ramagundam,2016,4,126.008
1903,Ramagundam,2016,5,122.257
1903,Ramagundam,2016,6,114.633
1903,Ramagundam,2016,7,106.341
1903,Ramagundam,2016,8,103.024
1903,Ramagundam,2016,9,105.738
1903,Ramagundam,2016,10,114.34
1903,Ramagundam,2016,11,131.733
1903,Ramagundam,2016,12,140.577
1904,Ramanagara,2025,11,63.217
1904,Ramanagara,2025,12,68.743
1904,Ramanagara,2026,1,70.844
1904,Ramanagara,2026,2,73.146
1904,Ramanagara,2026,3,69.51
1904,Ramanagara,2026,4,66.625
1904,Ramanagara,2026,5,61.826
1904,Ramanagara,2026,6,58.158
1904,Ramanagara,2026,7,53.015
1904,Ramanagara,2026,8,52.854
1904,Ramanagara,2026,9,54.947
1904,Ramanagara,2026,10,83.846
1909,Ranchi,2016,1,179.099
1909,Ranchi,2016,2,177.054
1909,Ranchi,2016,3,176.922
1909,Ranchi,2016,4,176.208
1909,Ranchi,2016,5,175.91
1909,Ranchi,2016,6,168.924
1909,Ranchi,2016,7,163.692
1909,Ranchi,2016,8,161.341
1909,Ranchi,2016,9,159.901
1909,Ranchi,2016,10,160.144
1909,Ranchi,2016,11,164.024
1909,Ranchi,2016,12,167.031
1910,Randolph,2026,1,43.118
1910,Randolph,2026,2,39.058
1910,Randolph,2026,3,33.273
1910,Randolph,2026,4,28.299
1910,Randolph,2026,5,24.253
1910,Randolph,2026,6,26.545
1910,Randolph,2026,7,29.112
1910,Randolph,2026,8,31.635
1910,Randolph,2026,9,29.231
1910,Randolph,2026,10,26.517
1910,Randolph,2026,11,34.725
1910,Randolph,2026,12,37.88
1912,Rangely,2025,1,29.759
1912,Rangely,2025,2,27.695
1912,Rangely,2025,3,22.981
1912,Rangely,2025,4,19.053
1912,Rangely,2025,5,16.413
1912,Rangely,2025,6,18.738
1912,Rangely,2025,7,19.59
1912,Rangely,2025,8,21.233
1912,Rangely,2025,9,19.523
1912,Rangely,2025,10,17.62
1912,Rangely,2025,11,22.825
1912,Rangely,2025,12,25.179
1914,Raniganj,2016,1,160.918
1914,Raniganj,2016,2,158.515
1914,Raniganj,2016,3,156.239
1914,Raniganj,2016,4,150.716
1914,Raniganj,2016,5,140.562
1914,Raniganj,2016,6,131.974
1914,Raniganj,2016,7,123.329
1914,Raniganj,2016,8,116.298
1914,Raniganj,2016,9,116.624
1914,Raniganj,2016,10,126.512
1914,Raniganj,2016,11,143.047
1914,Raniganj,2016,12,151.091
1916,Rapid City,2026,1,30.784
1916,Rapid City,2026,2,28.665
1916,Rapid City,2026,3,24.557
1916,Rapid City,2026,4,20.559
1916,Rapid City,2026,5,17.632
1916,Rapid City,2026,6,19.301
1916,Rapid City,2026,7,20.865
1916,Rapid City,2026,8,22.509
1916,Rapid City,2026,9,20.218
1916,Rapid City,2026,10,18.161
1916,Rapid City,2026,11,23.699
1916,Rapid City,2026,12,26.885
1917,"Rapid City, SD",2025,12,36.32
1917,"Rapid City, SD",2026,1,35.2
1917,"Rapid City, SD",2026,2,31.864
1917,"Rapid City, SD",2026,3,26.56
1917,"Rapid City, SD",2026,4,21.697
1917,"Rapid City, SD",2026,5,18.801
1917,"Rapid City, SD",2026,6,20.613
1917,"Rapid City, SD",2026,7,22.444
1917,"Rapid City, SD",2026,8,24.359
1917,"Rapid City, SD",2026,9,21.808
1917,"Rapid City, SD",2026,10,19.449
1917,"Rapid City, SD",2026,11,25.136
1919,Ratlam,2025,11,164.922
1919,Ratlam,2025,12,137.824
1919,Ratlam,2026,1,141.896
1919,Ratlam,2026,2,124.367
1919,Ratlam,2026,3,109.867
1919,Ratlam,2026,4,101.351
1919,Ratlam,2026,5,97.641
1919,Ratlam,2026,6,81.326
1919,Ratlam,2026,7,65.477
1919,Ratlam,2026,8,66.882
1919,Ratlam,2026,9,66.088
1919,Ratlam,2026,10,102.922
1920,Ravalli,2026,1,8.534
1920,Ravalli,2026,2,7.42
1920,Ravalli,2026,3,6.505
1920,Ravalli,2026,4,4.978
1920,Ravalli,2026,5,4.653
1920,Ravalli,2026,6,6.431
1920,Ravalli,2026,7,6.491
1920,Ravalli,2026,8,6.487
1920,Ravalli,2026,9,4.231
1920,Ravalli,2026,10,4.091
1920,Ravalli,2026,11,7.491
1920,Ravalli,2026,12,8.415
1922,Ravenna,2020,1,39.492
1922,Ravenna,2020,2,36.013
1922,Ravenna,2020,3,30.679
1922,Ravenna,2020,4,24.47
1922,Ravenna,2020,5,21.134
1922,Ravenna,2020,6,23.494
1922,Ravenna,2020,7,25.393
1922,Ravenna,2020,8,27.284
1922,Ravenna,2020,9,25.067
1922,Ravenna,2020,10,23.072
1922,Ravenna,2020,11,29.687
1922,Ravenna,2020,12,34.526
1923,Rayagada,2016,1,81.089
1923,Rayagada,2016,2,82.86
1923,Rayagada,2016,3,77.962
1923,Rayagada,2016,4,72.164
1923,Rayagada,2016,5,68.701
1923,Rayagada,2016,6,70.899
1923,Rayagada,2016,7,70.75
1923,Rayagada,2016,8,72.403
1923,Rayagada,2016,9,71.664
1923,Rayagada,2016,10,75.279
1923,Rayagada,2016,11,80.695
1923,Rayagada,2016,12,85.367
1924,Rc Puram,2016,1,128.164
1924,Rc Puram,2016,2,124.445
1924,Rc Puram,2016,3,115.468
1924,Rc Puram,2016,4,107.432
1924,Rc Puram,2016,5,106.006
1924,Rc Puram,2016,6,104.162
1924,Rc Puram,2016,7,101.714
1924,Rc Puram,2016,8,101.845
1924,Rc Puram,2016,9,100.084
1924,Rc Puram,2016,10,111.684
1924,Rc Puram,2016,11,132.002
1924,Rc Puram,2016,12,141.332
1926,"Reading, PA",2026,1,41.151
1926,"Reading, PA",2026,2,37.101
1926,"Reading, PA",2026,3,30.881
1926,"Reading, PA",2026,4,24.369
1926,"Reading, PA",2026,5,20.549
1926,"Reading, PA",2026,6,22.85
1926,"Reading, PA",2026,7,24.448
1926,"Reading, PA",2026,8,26.118
1926,"Reading, PA",2026,9,24.428
1926,"Reading, PA",2026,10,21.951
1926,"Reading, PA",2026,11,28.928
1926,"Reading, PA",2026,12,32.834
1927,Red Bluff,2026,1,25.61
1927,Red Bluff,2026,2,23.605
1927,Red Bluff,2026,3,19.775
1927,Red Bluff,2026,4,15.935
1927,Red Bluff,2026,5,13.544
1927,Red Bluff,2026,6,14.996
1927,Red Bluff,2026,7,15.823
1927,Red Bluff,2026,8,16.677
1927,Red Bluff,2026,9,14.589
1927,Red Bluff,2026,10,12.834
1927,Red Bluff,2026,11,16.201
1927,Red Bluff,2026,12,18.706
1928,"Red Bluff, CA",2026,1,50.142
1928,"Red Bluff, CA",2026,2,46.737
1928,"Red Bluff, CA",2026,3,38.81
1928,"Red Bluff, CA",2026,4,31.654
1928,"Red Bluff, CA",2026,5,27.168
1928,"Red Bluff, CA",2026,6,29.513
1928,"Red Bluff, CA",2026,7,31.667
1928,"Red Bluff, CA",2026,8,33.523
1928,"Red Bluff, CA",2026,9,30.848
1928,"Red Bluff, CA",2026,10,27.829
1928,"Red Bluff, CA",2026,11,35.951
1928,"Red Bluff, CA",2026,12,40.539
1929,Red Lake,2026,1,24.684
1929,Red Lake,2026,2,21.515
1929,Red Lake,2026,3,17.953
1929,Red Lake,2026,4,14.482
1929,Red Lake,2026,5,12.675
1929,Red Lake,2026,6,13.843
1929,Red Lake,2026,7,14.299
1929,Red Lake,2026,8,15.734
1929,Red Lake,2026,9,13.874
1929,Red Lake,2026,10,12.092
1929,Red Lake,2026,11,15.65
1929,Red Lake,2026,12,18.01
1930,Red Rock,2025,11,78.65
1930,Red Rock,2025,12,86.662
1930,Red Rock,2026,1,80.75
1930,Red Rock,2026,2,74.409
1930,Red Rock,2026,3,68.049
1930,Red Rock,2026,4,62.053
1930,Red Rock,2026,5,58.394
1930,Red Rock,2026,6,59.418
1930,Red Rock,2026,7,60.089
1930,Red Rock,2026,8,61.52
1930,Red Rock,2026,9,59.508
1930,Red Rock,2026,10,56.295
1931,"Red Wing, MN",2026,1,33.977
1931,"Red Wing, MN",2026,2,32.398
1931,"Red Wing, MN",2026,3,28.923
1931,"Red Wing, MN",2026,4,23.55
1931,"Red Wing, MN",2026,5,20.225
1931,"Red Wing, MN",2026,6,22.555
1931,"Red Wing, MN",2026,7,24.371
1931,"Red Wing, MN",2026,8,25.986
1931,"Red Wing, MN",2026,9,23.224
1931,"Red Wing, MN",2026,10,21.349
1931,"Red Wing, MN",2026,11,26.854
1931,"Red Wing, MN",2026,12,31.415
1932,Redding,2026,1,25.939
1932,Redding,2026,2,24.233
1932,Redding,2026,3,21.049
1932,Redding,2026,4,17.622
1932,Redding,2026,5,15.058
1932,Redding,2026,6,16.691
1932,Redding,2026,7,17.645
1932,Redding,2026,8,18.408
1932,Redding,2026,9,16.711
1932,Redding,2026,10,14.77
1932,Redding,2026,11,19.169
1932,Redding,2026,12,22.484
1933,"Redding, CA",2026,1,9.275
1933,"Redding, CA",2026,2,8.125
1933,"Redding, CA",2026,3,7.398
1933,"Redding, CA",2026,4,6.325
1933,"Redding, CA",2026,5,5.25
1933,"Redding, CA",2026,6,6.091
1933,"Redding, CA",2026,7,6.386
1933,"Redding, CA",2026,8,6.487
1933,"Redding, CA",2026,9,4.276
1933,"Redding, CA",2026,10,3.963
1933,"Redding, CA",2026,11,7.31
1933,"Redding, CA",2026,12,8.415
1934,Redlands,2026,1,59.311
1934,Redlands,2026,2,55.784
1934,Redlands,2026,3,50.757
1934,Redlands,2026,4,42.325
1934,Redlands,2026,5,35.881
1934,Redlands,2026,6,36.889
1934,Redlands,2026,7,39.136
1934,Redlands,2026,8,41.473
1934,Redlands,2026,9,38.212
1934,Redlands,2026,10,34.869
1934,Redlands,2026,11,42.926
1934,Redlands,2026,12,45.896
1935,Redwood City,2025,1,28.733
1935,Redwood City,2025,2,26.085
1935,Redwood City,2025,3,22.036
1935,Redwood City,2025,4,18.831
1935,Redwood City,2025,5,15.954
1935,Redwood City,2025,6,17.297
1935,Redwood City,2025,7,18.571
1935,Redwood City,2025,8,20.128
1935,Redwood City,2025,9,18.895
1935,Redwood City,2025,10,17.019
1935,Redwood City,2025,11,22.48
1935,Redwood City,2025,12,25.179
1936,Redwood National Park,2026,1,14.887
1936,Redwood National Park,2026,2,12.633
1936,Redwood National Park,2026,3,10.767
1936,Redwood National Park,2026,4,8.667
1936,Redwood National Park,2026,5,7.413
1936,Redwood National Park,2026,6,8.54
1936,Redwood National Park,2026,7,9.131
1936,Redwood National Park,2026,8,10.36
1936,Redwood National Park,2026,9,8.944
1936,Redwood National Park,2026,10,7.214
1936,Redwood National Park,2026,11,10.189
1936,Redwood National Park,2026,12,11.736
1937,Reno,2026,1,27.027
1937,Reno,2026,2,26.003
1937,Reno,2026,3,22.58
1937,Reno,2026,4,18.836
1937,Reno,2026,5,15.845
1937,Reno,2026,6,17.254
1937,Reno,2026,7,18.715
1937,Reno,2026,8,20.015
1937,Reno,2026,9,18.594
1937,Reno,2026,10,16.749
1937,Reno,2026,11,21.719
1937,Reno,2026,12,23.552
1939,Renusagar,2015,12,157.746
1939,Renusagar,2016,1,156.198
1939,Renusagar,2016,2,152.807
1939,Renusagar,2016,3,145.27
1939,Renusagar,2016,4,136.124
1939,Renusagar,2016,5,131.918
1939,Renusagar,2016,6,126.515
1939,Renusagar,2016,7,119.456
1939,Renusagar,2016,8,113.06
1939,Renusagar,2016,9,115.758
1939,Renusagar,2016,10,123.299
1939,Renusagar,2016,11,140.568
1940,Reseda,2026,1,47.196
1940,Reseda,2026,2,44.087
1940,Reseda,2026,3,37.221
1940,Reseda,2026,4,30.607
1940,Reseda,2026,5,25.788
1940,Reseda,2026,6,28.59
1940,Reseda,2026,7,30.966
1940,Reseda,2026,8,32.693
1940,Reseda,2026,9,30.148
1940,Reseda,2026,10,28.512
1940,Reseda,2026,11,36.019
1940,Reseda,2026,12,41.782
1941,Reserve,2012,1,45.724
1941,Reserve,2012,2,42.866
1941,Reserve,2012,3,35.617
1941,Reserve,2012,4,29.522
1941,Reserve,2012,5,25.157
1941,Reserve,2012,6,28.661
1941,Reserve,2012,7,30.958
1941,Reserve,2012,8,32.782
1941,Reserve,2012,9,30.095
1941,Reserve,2012,10,28.731
1941,Reserve,2012,11,36.117
1941,Reserve,2012,12,41.89
1944,Rhinelander,2026,1,33.887
1944,Rhinelander,2026,2,32.443
1944,Rhinelander,2026,3,29.355
1944,Rhinelander,2026,4,25.141
1944,Rhinelander,2026,5,21.925
1944,Rhinelander,2026,6,23.851
1944,Rhinelander,2026,7,25.316
1944,Rhinelander,2026,8,27.219
1944,Rhinelander,2026,9,24.978
1944,Rhinelander,2026,10,22.974
1944,Rhinelander,2026,11,28.955
1944,Rhinelander,2026,12,32.841
1945,Richfield,2010,1,50.435
1945,Richfield,2010,2,46.918
1945,Richfield,2010,3,39.143
1945,Richfield,2010,4,32.791
1945,Richfield,2010,5,28.557
1945,Richfield,2010,6,31.488
1945,Richfield,2010,7,34.122
1945,Richfield,2010,8,36.058
1945,Richfield,2010,9,34.191
1945,Richfield,2010,10,32.713
1945,Richfield,2010,11,36.487
1945,Richfield,2010,12,41.466
1946,Richland,2026,1,29.739
1946,Richland,2026,2,27.344
1946,Richland,2026,3,22.859
1946,Richland,2026,4,19.092
1946,Richland,2026,5,16.586
1946,Richland,2026,6,18.458
1946,Richland,2026,7,19.485
1946,Richland,2026,8,21.233
1946,Richland,2026,9,19.595
1946,Richland,2026,10,17.571
1946,Richland,2026,11,22.591
1946,Richland,2026,12,25.179
1947,Richmond,2025,9,27.473
1947,Richmond,2025,10,24.708
1947,Richmond,2025,11,32.757
1947,Richmond,2025,12,37.275
1947,Richmond,2026,1,36.1
1947,Richmond,2026,2,33.002
1947,Richmond,2026,3,28.963
1947,Richmond,2026,4,23.087
1947,Richmond,2026,5,20.572
1947,Richmond,2026,6,22.557
1947,Richmond,2026,7,24.448
1947,Richmond,2026,8,26.118
1948,"Richmond, VA",2026,1,34.196
1948,"Richmond, VA",2026,2,32.332
1948,"Richmond, VA",2026,3,29.231
1948,"Richmond, VA",2026,4,24.832
1948,"Richmond, VA",2026,5,20.833
1948,"Richmond, VA",2026,6,23.528
1948,"Richmond, VA",2026,7,25.39
1948,"Richmond, VA",2026,8,27.284
1948,"Richmond, VA",2026,9,25.067
1948,"Richmond, VA",2026,10,23.798
1948,"Richmond, VA",2026,11,29.885
1948,"Richmond, VA",2026,12,34.526
1949,Ridge Wood Heights,2026,1,34.488
1949,Ridge Wood Heights,2026,2,31.6
1949,Ridge Wood Heights,2026,3,28.073
1949,Ridge Wood Heights,2026,4,23.242
1949,Ridge Wood Heights,2026,5,20.221
1949,Ridge Wood Heights,2026,6,22.537
1949,Ridge Wood Heights,2026,7,24.339
1949,Ridge Wood Heights,2026,8,26.118
1949,Ridge Wood Heights,2026,9,24.428
1949,Ridge Wood Heights,2026,10,21.931
1949,Ridge Wood Heights,2026,11,28.928
1949,Ridge Wood Heights,2026,12,32.834
1950,Ridgecrest,2026,1,20.69
1950,Ridgecrest,2026,2,18.063
1950,Ridgecrest,2026,3,15.506
1950,Ridgecrest,2026,4,12.741
1950,Ridgecrest,2026,5,10.941
1950,Ridgecrest,2026,6,11.545
1950,Ridgecrest,2026,7,12.342
1950,Ridgecrest,2026,8,13.164
1950,Ridgecrest,2026,9,11.616
1950,Ridgecrest,2026,10,10.115
1950,Ridgecrest,2026,11,13.219
1950,Ridgecrest,2026,12,15.748
1951,Rifle,2026,1,44.791
1951,Rifle,2026,2,41.136
1951,Rifle,2026,3,35.155
1951,Rifle,2026,4,29.68
1951,Rifle,2026,5,25.672
1951,Rifle,2026,6,27.749
1951,Rifle,2026,7,30.054
1951,Rifle,2026,8,32.712
1951,Rifle,2026,9,29.699
1951,Rifle,2026,10,26.535
1951,Rifle,2026,11,34.735
1951,Rifle,2026,12,37.88
1952,Rillito,2026,1,84.592
1952,Rillito,2026,2,77.769
1952,Rillito,2026,3,69.967
1952,Rillito,2026,4,64.354
1952,Rillito,2026,5,58.888
1952,Rillito,2026,6,59.769
1952,Rillito,2026,7,60.079
1952,Rillito,2026,8,61.52
1952,Rillito,2026,9,59.136
1952,Rillito,2026,10,56.545
1952,Rillito,2026,11,60.215
1952,Rillito,2026,12,62.445
1953,Rio Blanco,2025,1,13.222
1953,Rio Blanco,2025,2,11.985
1953,Rio Blanco,2025,3,9.572
1953,Rio Blanco,2025,4,7.845
1953,Rio Blanco,2025,5,6.778
1953,Rio Blanco,2025,6,6.572
1953,Rio Blanco,2025,7,6.386
1953,Rio Blanco,2025,8,6.487
1953,Rio Blanco,2025,9,4.231
1953,Rio Blanco,2025,10,3.963
1953,Rio Blanco,2025,11,7.31
1953,Rio Blanco,2025,12,8.415
1955,Rio Rancho Estates,2010,1,21.083
1955,Rio Rancho Estates,2010,2,19.464
1955,Rio Rancho Estates,2010,3,16.242
1955,Rio Rancho Estates,2010,4,13.392
1955,Rio Rancho Estates,2010,5,12.413
1955,Rio Rancho Estates,2010,6,13.656
1955,Rio Rancho Estates,2010,7,14.598
1955,Rio Rancho Estates,2010,8,15.928
1955,Rio Rancho Estates,2010,9,13.907
1955,Rio Rancho Estates,2010,10,12.213
1955,Rio Rancho Estates,2010,11,15.727
1955,Rio Rancho Estates,2010,12,18.016
1956,Rio Verde,2018,1,34.698
1956,Rio Verde,2018,2,33.92
1956,Rio Verde,2018,3,31.411
1956,Rio Verde,2018,4,27.25
1956,Rio Verde,2018,5,23.604
1956,Rio Verde,2018,6,25.971
1956,Rio Verde,2018,7,27.695
1956,Rio Verde,2018,8,29.895
1956,Rio Verde,2018,9,27.529
1956,Rio Verde,2018,10,24.852
1956,Rio Verde,2018,11,32.856
1956,Rio Verde,2018,12,37.375
1957,Rio de Janeiro,2026,1,55.071
1957,Rio de Janeiro,2026,2,52.951
1957,Rio de Janeiro,2026,3,47.412
1957,Rio de Janeiro,2026,4,42.19
1957,Rio de Janeiro,2026,5,38.977
1957,Rio de Janeiro,2026,6,43.76
1957,Rio de Janeiro,2026,7,46.397
1957,Rio de Janeiro,2026,8,48.654
1957,Rio de Janeiro,2026,9,47.062
1957,Rio de Janeiro,2026,10,45.893
1957,Rio de Janeiro,2026,11,54.418
1957,Rio de Janeiro,2026,12,59.079
1958,Rishikesh,2025,11,74.006
1958,Rishikesh,2025,12,78.926
1958,Rishikesh,2026,1,82.692
1958,Rishikesh,2026,2,80.81
1958,Rishikesh,2026,3,73.672
1958,Rishikesh,2026,4,70.169
1958,Rishikesh,2026,5,65.633
1958,Rishikesh,2026,6,63.962
1958,Rishikesh,2026,7,57.718
1958,Rishikesh,2026,8,57.564
1958,Rishikesh,2026,9,58.755
1958,Rishikesh,2026,10,85.898
1960,Ritzville,2026,1,23.314
1960,Ritzville,2026,2,20.873
1960,Ritzville,2026,3,17.138
1960,Ritzville,2026,4,14.411
1960,Ritzville,2026,5,12.457
1960,Ritzville,2026,6,14.355
1960,Ritzville,2026,7,15.182
1960,Ritzville,2026,8,16.564
1960,Ritzville,2026,9,14.543
1960,Ritzville,2026,10,13.023
1960,Ritzville,2026,11,18.095
1960,Ritzville,2026,12,21.279
1961,River Rouge,2018,1,51.777
1961,River Rouge,2018,2,48.215
1961,River Rouge,2018,3,40.764
1961,River Rouge,2018,4,33.051
1961,River Rouge,2018,5,29.36
1961,River Rouge,2018,6,32.241
1961,River Rouge,2018,7,34.737
1961,River Rouge,2018,8,35.342
1961,River Rouge,2018,9,33.379
1961,River Rouge,2018,10,31.802
1961,River Rouge,2018,11,38.993
1961,River Rouge,2018,12,43.65
1962,Riverhead,2026,1,34.016
1962,Riverhead,2026,2,33.7
1962,Riverhead,2026,3,31.299
1962,Riverhead,2026,4,27.223
1962,Riverhead,2026,5,23.342
1962,Riverhead,2026,6,25.84
1962,Riverhead,2026,7,27.467
1962,Riverhead,2026,8,29.85
1962,Riverhead,2026,9,27.25
1962,Riverhead,2026,10,24.788
1962,Riverhead,2026,11,32.767
1962,Riverhead,2026,12,37.275
1963,Riverside,2015,1,57.518
1963,Riverside,2015,2,54.649
1963,Riverside,2015,3,49.107
1963,Riverside,2015,4,41.125
1963,Riverside,2015,5,35.421
1963,Riverside,2015,6,37.435
1963,Riverside,2015,7,40.511
1963,Riverside,2015,8,43.247
1963,Riverside,2015,9,40.429
1963,Riverside,2015,10,37.053
1963,Riverside,2015,11,47.43
1963,Riverside,2015,12,52.626
1964,"Riverside-San Bernardino-Ontario, CA",2026,1,23.713
1964,"Riverside-San Bernardino-Ontario, CA",2026,2,20.98
1964,"Riverside-San Bernardino-Ontario, CA",2026,3,16.769
1964,"Riverside-San Bernardino-Ontario, CA",2026,4,13.69
1964,"Riverside-San Bernardino-Ontario, CA",2026,5,11.849
1964,"Riverside-San Bernardino-Ontario, CA",2026,6,12.629
1964,"Riverside-San Bernardino-Ontario, CA",2026,7,13.181
1964,"Riverside-San Bernardino-Ontario, CA",2026,8,14.21
1964,"Riverside-San Bernardino-Ontario, CA",2026,9,13.07
1964,"Riverside-San Bernardino-Ontario, CA",2026,10,12.054
1964,"Riverside-San Bernardino-Ontario, CA",2026,11,15.65
1964,"Riverside-San Bernardino-Ontario, CA",2026,12,18.01
1966,"Riverton, WY",2026,1,11.637
1966,"Riverton, WY",2026,2,10.271
1966,"Riverton, WY",2026,3,8.89
1966,"Riverton, WY",2026,4,7.172
1966,"Riverton, WY",2026,5,6.481
1966,"Riverton, WY",2026,6,6.912
1966,"Riverton, WY",2026,7,6.491
1966,"Riverton, WY",2026,8,6.487
1966,"Riverton, WY",2026,9,4.231
1966,"Riverton, WY",2026,10,4.091
1966,"Riverton, WY",2026,11,7.491
1966,"Riverton, WY",2026,12,8.415
1967,Riviera Beach,2020,1,34.248
1967,Riviera Beach,2020,2,33.61
1967,Riviera Beach,2020,3,31.452
1967,Riviera Beach,2020,4,26.952
1967,Riviera Beach,2020,5,22.353
1967,Riviera Beach,2020,6,25.273
1967,Riviera Beach,2020,7,27.313
1967,Riviera Beach,2020,8,29.789
1967,Riviera Beach,2020,9,27.698
1967,Riviera Beach,2020,10,25.21
1967,Riviera Beach,2020,11,33.305
1967,Riviera Beach,2020,12,38.312
1968,Riyadh,2026,1,112.666
1968,Riyadh,2026,2,102.127
1968,Riyadh,2026,3,88.015
1968,Riyadh,2026,4,78.135
1968,Riyadh,2026,5,75.489
1968,Riyadh,2026,6,81.473
1968,Riyadh,2026,7,88.348
1968,Riyadh,2026,8,95.041
1968,Riyadh,2026,9,85.579
1968,Riyadh,2026,10,82.938
1968,Riyadh,2026,11,99.204
1968,Riyadh,2026,12,114.708
1969,Roanoke,2020,1,34.202
1969,Roanoke,2020,2,33.466
1969,Roanoke,2020,3,31.461
1969,Roanoke,2020,4,26.952
1969,Roanoke,2020,5,22.261
1969,Roanoke,2020,6,24.829
1969,Roanoke,2020,7,26.098
1969,Roanoke,2020,8,28.981
1969,Roanoke,2020,9,26.386
1969,Roanoke,2020,10,23.993
1969,Roanoke,2020,11,31.328
1969,Roanoke,2020,12,36.32
1970,Rochester,2026,1,34.207
1970,Rochester,2026,2,32.173
1970,Rochester,2026,3,28.973
1970,Rochester,2026,4,23.3
1970,Rochester,2026,5,20.225
1970,Rochester,2026,6,22.517
1970,Rochester,2026,7,24.371
1970,Rochester,2026,8,25.986
1970,Rochester,2026,9,23.224
1970,Rochester,2026,10,21.418
1970,Rochester,2026,11,26.854
1970,Rochester,2026,12,31.415
1971,"Rochester, NY",2026,1,34.076
1971,"Rochester, NY",2026,2,33.697
1971,"Rochester, NY",2026,3,31.161
1971,"Rochester, NY",2026,4,27.01
1971,"Rochester, NY",2026,5,22.777
1971,"Rochester, NY",2026,6,25.862
1971,"Rochester, NY",2026,7,27.225
1971,"Rochester, NY",2026,8,29.751
1971,"Rochester, NY",2026,9,27.61
1971,"Rochester, NY",2026,10,25.434
1971,"Rochester, NY",2026,11,33.337
1971,"Rochester, NY",2026,12,38.312
1972,Rock,2016,1,34.295
1972,Rock,2016,2,33.92
1972,Rock,2016,3,31.408
1972,Rock,2016,4,27.217
1972,Rock,2016,5,23.57
1972,Rock,2016,6,25.883
1972,Rock,2016,7,27.601
1972,Rock,2016,8,29.895
1972,Rock,2016,9,27.529
1972,Rock,2016,10,24.764
1972,Rock,2016,11,32.856
1972,Rock,2016,12,37.375
1973,Rock Hill,2026,1,40.591
1973,Rock Hill,2026,2,36.015
1973,Rock Hill,2026,3,30.665
1973,Rock Hill,2026,4,24.45
1973,Rock Hill,2026,5,20.783
1973,Rock Hill,2026,6,22.842
1973,Rock Hill,2026,7,24.552
1973,Rock Hill,2026,8,26.118
1973,Rock Hill,2026,9,24.428
1973,Rock Hill,2026,10,21.942
1973,Rock Hill,2026,11,28.928
1973,Rock Hill,2026,12,32.834
1974,Rock Island Arsenal (U.S. Army),2026,1,44.161
1974,Rock Island Arsenal (U.S. Army),2026,2,41.201
1974,Rock Island Arsenal (U.S. Army),2026,3,35.142
1974,Rock Island Arsenal (U.S. Army),2026,4,29.647
1974,Rock Island Arsenal (U.S. Army),2026,5,25.628
1974,Rock Island Arsenal (U.S. Army),2026,6,27.669
1974,Rock Island Arsenal (U.S. Army),2026,7,30.054
1974,Rock Island Arsenal (U.S. Army),2026,8,32.693
1974,Rock Island Arsenal (U.S. Army),2026,9,29.896
1974,Rock Island Arsenal (U.S. Army),2026,10,26.455
1974,Rock Island Arsenal (U.S. Army),2026,11,34.725
1974,Rock Island Arsenal (U.S. Army),2026,12,37.88
1975,Rock Springs,2026,1,22.988
1975,Rock Springs,2026,2,19.931
1975,Rock Springs,2026,3,16.308
1975,Rock Springs,2026,4,13.346
1975,Rock Springs,2026,5,11.503
1975,Rock Springs,2026,6,13.222
1975,Rock Springs,2026,7,14.098
1975,Rock Springs,2026,8,15.715
1975,Rock Springs,2026,9,13.786
1975,Rock Springs,2026,10,12.131
1975,Rock Springs,2026,11,16.179
1975,Rock Springs,2026,12,18.687
1976,"Rock Springs, WY",2026,1,30.235
1976,"Rock Springs, WY",2026,2,28.123
1976,"Rock Springs, WY",2026,3,24.095
1976,"Rock Springs, WY",2026,4,20.088
1976,"Rock Springs, WY",2026,5,17.62
1976,"Rock Springs, WY",2026,6,19.805
1976,"Rock Springs, WY",2026,7,21.047
1976,"Rock Springs, WY",2026,8,23.149
1976,"Rock Springs, WY",2026,9,20.946
1976,"Rock Springs, WY",2026,10,18.775
1976,"Rock Springs, WY",2026,11,24.143
1976,"Rock Springs, WY",2026,12,27.917
1977,Rockbridge,2026,1,23.584
1977,Rockbridge,2026,2,20.871
1977,Rockbridge,2026,3,17.978
1977,Rockbridge,2026,4,14.844
1977,Rockbridge,2026,5,12.54
1977,Rockbridge,2026,6,13.762
1977,Rockbridge,2026,7,14.296
1977,Rockbridge,2026,8,15.669
1977,Rockbridge,2026,9,13.767
1977,Rockbridge,2026,10,11.893
1977,Rockbridge,2026,11,15.238
1977,Rockbridge,2026,12,17.343
1979,Rockford,2026,1,45.909
1979,Rockford,2026,2,41.998
1979,Rockford,2026,3,34.719
1979,Rockford,2026,4,29.331
1979,Rockford,2026,5,26.723
1979,Rockford,2026,6,28.719
1979,Rockford,2026,7,31.347
1979,Rockford,2026,8,33.505
1979,Rockford,2026,9,31.072
1979,Rockford,2026,10,28.489
1979,Rockford,2026,11,37.266
1979,Rockford,2026,12,43.072
1980,"Rockland, ME",2026,1,30.369
1980,"Rockland, ME",2026,2,27.725
1980,"Rockland, ME",2026,3,22.852
1980,"Rockland, ME",2026,4,19.059
1980,"Rockland, ME",2026,5,16.425
1980,"Rockland, ME",2026,6,18.276
1980,"Rockland, ME",2026,7,19.485
1980,"Rockland, ME",2026,8,21.233
1980,"Rockland, ME",2026,9,19.523
1980,"Rockland, ME",2026,10,17.483
1980,"Rockland, ME",2026,11,22.591
1980,"Rockland, ME",2026,12,25.179
1981,Rockwall,2026,1,34.06
1981,Rockwall,2026,2,33.709
1981,Rockwall,2026,3,31.299
1981,Rockwall,2026,4,27.223
1981,Rockwall,2026,5,23.446
1981,Rockwall,2026,6,25.848
1981,Rockwall,2026,7,27.467
1981,Rockwall,2026,8,29.831
1981,Rockwall,2026,9,27.473
1981,Rockwall,2026,10,24.796
1981,Rockwall,2026,11,32.757
1981,Rockwall,2026,12,37.275
1982,Rockwell,2026,1,38.208
1982,Rockwell,2026,2,34.895
1982,Rockwell,2026,3,30.424
1982,Rockwell,2026,4,26.478
1982,Rockwell,2026,5,22.152
1982,Rockwell,2026,6,25.658
1982,Rockwell,2026,7,27.225
1982,Rockwell,2026,8,29.751
1982,Rockwell,2026,9,27.61
1982,Rockwell,2026,10,25.577
1982,Rockwell,2026,11,33.337
1982,Rockwell,2026,12,38.312
1983,Rockwood,2017,1,76.305
1983,Rockwood,2017,2,72.324
1983,Rockwood,2017,3,66.339
1983,Rockwood,2017,4,58.984
1983,Rockwood,2017,5,54.856
1983,Rockwood,2017,6,55.828
1983,Rockwood,2017,7,56.319
1983,Rockwood,2017,8,57.136
1983,Rockwood,2017,9,55.17
1983,Rockwood,2017,10,52.083
1983,Rockwood,2017,11,57.429
1983,Rockwood,2017,12,59.883
1984,Rocky Mount,2014,1,41.264
1984,Rocky Mount,2014,2,38.36
1984,Rocky Mount,2014,3,32.635
1984,Rocky Mount,2014,4,26.814
1984,Rocky Mount,2014,5,22.279
1984,Rocky Mount,2014,6,25.587
1984,Rocky Mount,2014,7,27.348
1984,Rocky Mount,2014,8,29.858
1984,Rocky Mount,2014,9,27.626
1984,Rocky Mount,2014,10,25.49
1984,Rocky Mount,2014,11,33.436
1984,Rocky Mount,2014,12,38.408
1987,Rohtak,2025,11,224.158
1987,Rohtak,2025,12,190.747
1987,Rohtak,2026,1,204.997
1987,Rohtak,2026,2,162.67
1987,Rohtak,2026,3,128.977
1987,Rohtak,2026,4,121.546
1987,Rohtak,2026,5,110.493
1987,Rohtak,2026,6,89.528
1987,Rohtak,2026,7,69.169
1987,Rohtak,2026,8,65.909
1987,Rohtak,2026,9,65.741
1987,Rohtak,2026,10,94.023
1988,Roland,2026,1,41.969
1988,Roland,2026,2,38.252
1988,Roland,2026,3,32.193
1988,Roland,2026,4,26.971
1988,Roland,2026,5,22.978
1988,Roland,2026,6,25.014
1988,Roland,2026,7,27.302
1988,Roland,2026,8,29.831
1988,Roland,2026,9,27.473
1988,Roland,2026,10,24.788
1988,Roland,2026,11,32.767
1988,Roland,2026,12,37.275
1989,Rome,2026,1,65.262
1989,Rome,2026,2,61.791
1989,Rome,2026,3,55.478
1989,Rome,2026,4,49.156
1989,Rome,2026,5,44.034
1989,Rome,2026,6,47.0
1989,Rome,2026,7,48.49
1989,Rome,2026,8,51.013
1989,Rome,2026,9,48.908
1989,Rome,2026,10,45.055
1989,Rome,2026,11,54.206
1989,Rome,2026,12,60.74
1990,Rome,2020,1,56.634
1990,Rome,2020,2,53.418
1990,Rome,2020,3,47.628
1990,Rome,2020,4,39.201
1990,Rome,2020,5,33.917
1990,Rome,2020,6,34.266
1990,Rome,2020,7,35.222
1990,Rome,2020,8,36.85
1990,Rome,2020,9,34.821
1990,Rome,2020,10,32.289
1990,Rome,2020,11,36.574
1990,Rome,2020,12,41.358
1991,"Rome, GA",2026,1,38.807
1991,"Rome, GA",2026,2,34.606
1991,"Rome, GA",2026,3,30.472
1991,"Rome, GA",2026,4,26.273
1991,"Rome, GA",2026,5,22.381
1991,"Rome, GA",2026,6,25.647
1991,"Rome, GA",2026,7,27.407
1991,"Rome, GA",2026,8,29.789
1991,"Rome, GA",2026,9,27.698
1991,"Rome, GA",2026,10,25.21
1991,"Rome, GA",2026,11,33.305
1991,"Rome, GA",2026,12,38.312
1992,Roosevelt,2026,1,15.092
1992,Roosevelt,2026,2,13.182
1992,Roosevelt,2026,3,11.763
1992,Roosevelt,2026,4,9.434
1992,Roosevelt,2026,5,8.366
1992,Roosevelt,2026,6,9.424
1992,Roosevelt,2026,7,10.295
1992,Roosevelt,2026,8,11.424
1992,Roosevelt,2026,9,9.712
1992,Roosevelt,2026,10,8.559
1992,Roosevelt,2026,11,10.988
1992,Roosevelt,2026,12,11.981
1993,Rosalia,2026,1,23.171
1993,Rosalia,2026,2,20.873
1993,Rosalia,2026,3,17.138
1993,Rosalia,2026,4,14.411
1993,Rosalia,2026,5,12.457
1993,Rosalia,2026,6,14.355
1993,Rosalia,2026,7,15.182
1993,Rosalia,2026,8,16.564
1993,Rosalia,2026,9,14.543
1993,Rosalia,2026,10,13.023
1993,Rosalia,2026,11,18.095
1993,Rosalia,2026,12,21.279
1994,Rosarito,2016,1,65.175
1994,Rosarito,2016,2,61.747
1994,Rosarito,2016,3,56.606
1994,Rosarito,2016,4,50.961
1994,Rosarito,2016,5,44.128
1994,Rosarito,2016,6,47.084
1994,Rosarito,2016,7,49.356
1994,Rosarito,2016,8,51.299
1994,Rosarito,2016,9,48.946
1994,Rosarito,2016,10,45.063
1994,Rosarito,2016,11,52.948
1994,Rosarito,2016,12,55.397
1995,Rosebud,2026,1,9.446
1995,Rosebud,2026,2,8.578
1995,Rosebud,2026,3,7.351
1995,Rosebud,2026,4,6.339
1995,Rosebud,2026,5,5.079
1995,Rosebud,2026,6,6.431
1995,Rosebud,2026,7,6.491
1995,Rosebud,2026,8,6.487
1995,Rosebud,2026,9,4.231
1995,Rosebud,2026,10,4.091
1995,Rosebud,2026,11,7.491
1995,Rosebud,2026,12,8.415
1996,Roseburg,2020,1,37.836
1996,Roseburg,2020,2,33.839
1996,Roseburg,2020,3,29.486
1996,Roseburg,2020,4,25.021
1996,Roseburg,2020,5,22.173
1996,Roseburg,2020,6,24.431
1996,Roseburg,2020,7,26.13
1996,Roseburg,2020,8,28.87
1996,Roseburg,2020,9,26.336
1996,Roseburg,2020,10,24.916
1996,Roseburg,2020,11,31.935
1996,Roseburg,2020,12,37.01
1997,Rosemount,2026,1,34.202
1997,Rosemount,2026,2,33.466
1997,Rosemount,2026,3,31.389
1997,Rosemount,2026,4,26.952
1997,Rosemount,2026,5,22.189
1997,Rosemount,2026,6,24.829
1997,Rosemount,2026,7,26.098
1997,Rosemount,2026,8,29.023
1997,Rosemount,2026,9,27.027
1997,Rosemount,2026,10,24.708
1997,Rosemount,2026,11,32.879
1997,Rosemount,2026,12,37.275
1998,Roseville,2026,1,38.625
1998,Roseville,2026,2,34.895
1998,Roseville,2026,3,30.804
1998,Roseville,2026,4,26.478
1998,Roseville,2026,5,22.584
1998,Roseville,2026,6,25.696
1998,Roseville,2026,7,27.225
1998,Roseville,2026,8,29.751
1998,Roseville,2026,9,27.61
1998,Roseville,2026,10,25.786
1998,Roseville,2026,11,33.337
1998,Roseville,2026,12,38.312
1999,Roswell,2012,1,39.114
1999,Roswell,2012,2,35.391
1999,Roswell,2012,3,30.23
1999,Roswell,2012,4,24.633
1999,Roswell,2012,5,20.676
1999,Roswell,2012,6,22.767
1999,Roswell,2012,7,24.581
1999,Roswell,2012,8,26.13
1999,Roswell,2012,9,24.247
1999,Roswell,2012,10,22.012
1999,Roswell,2012,11,28.997
1999,Roswell,2012,12,32.875
2000,"Roswell, NM",2026,1,24.306
2000,"Roswell, NM",2026,2,22.052
2000,"Roswell, NM",2026,3,18.721
2000,"Roswell, NM",2026,4,15.243
2000,"Roswell, NM",2026,5,13.452
2000,"Roswell, NM",2026,6,14.996
2000,"Roswell, NM",2026,7,15.823
2000,"Roswell, NM",2026,8,16.677
2000,"Roswell, NM",2026,9,14.589
2000,"Roswell, NM",2026,10,12.834
2000,"Roswell, NM",2026,11,16.201
2000,"Roswell, NM",2026,12,18.706
2001,Round Top,2019,1,38.093
2001,Round Top,2019,2,34.895
2001,Round Top,2019,3,30.424
2001,Round Top,2019,4,26.331
2001,Round Top,2019,5,22.152
2001,Round Top,2019,6,25.463
2001,Round Top,2019,7,27.225
2001,Round Top,2019,8,29.751
2001,Round Top,2019,9,27.61
2001,Round Top,2019,10,25.577
2001,Round Top,2019,11,33.337
2001,Round Top,2019,12,38.312
2002,Rourkela,2025,7,80.834
2002,Rourkela,2025,8,83.592
2002,Rourkela,2025,9,81.864
2002,Rourkela,2025,10,93.012
2002,Rourkela,2025,11,117.458
2002,Rourkela,2025,12,125.009
2002,Rourkela,2026,1,129.015
2002,Rourkela,2026,2,117.052
2002,Rourkela,2026,3,106.928
2002,Rourkela,2026,4,100.591
2002,Rourkela,2026,5,95.858
2002,Rourkela,2026,6,86.993
2004,Roxborough Park,2026,1,27.691
2004,Roxborough Park,2026,2,25.651
2004,Roxborough Park,2026,3,21.564
2004,Roxborough Park,2026,4,17.664
2004,Roxborough Park,2026,5,15.249
2004,Roxborough Park,2026,6,17.114
2004,Roxborough Park,2026,7,18.61
2004,Roxborough Park,2026,8,20.109
2004,Roxborough Park,2026,9,18.835
2004,Roxborough Park,2026,10,16.996
2004,Roxborough Park,2026,11,21.514
2004,Roxborough Park,2026,12,23.552
2005,Royal Palm Beach,2016,1,30.465
2005,Royal Palm Beach,2016,2,28.547
2005,Royal Palm Beach,2016,3,23.892
2005,Royal Palm Beach,2016,4,19.708
2005,Royal Palm Beach,2016,5,16.847
2005,Royal Palm Beach,2016,6,18.436
2005,Royal Palm Beach,2016,7,19.592
2005,Royal Palm Beach,2016,8,21.235
2005,Royal Palm Beach,2016,9,19.457
2005,Royal Palm Beach,2016,10,17.617
2005,Royal Palm Beach,2016,11,22.664
2005,Royal Palm Beach,2016,12,25.278
2007,Rubidoux,2026,1,52.862
2007,Rubidoux,2026,2,48.969
2007,Rubidoux,2026,3,40.129
2007,Rubidoux,2026,4,33.001
2007,Rubidoux,2026,5,29.091
2007,Rubidoux,2026,6,31.234
2007,Rubidoux,2026,7,33.393
2007,Rubidoux,2026,8,35.201
2007,Rubidoux,2026,9,32.761
2007,Rubidoux,2026,10,30.039
2007,Rubidoux,2026,11,38.448
2007,Rubidoux,2026,12,43.846
2009,Ruidoso,2026,1,19.798
2009,Ruidoso,2026,2,16.963
2009,Ruidoso,2026,3,13.965
2009,Ruidoso,2026,4,10.982
2009,Ruidoso,2026,5,9.279
2009,Ruidoso,2026,6,10.568
2009,Ruidoso,2026,7,11.509
2009,Ruidoso,2026,8,12.325
2009,Ruidoso,2026,9,10.524
2009,Ruidoso,2026,10,9.34
2009,Ruidoso,2026,11,12.357
2009,Ruidoso,2026,12,14.013
2010,Rumford (census name for Rumford Compact),2025,12,41.642
2010,Rumford (census name for Rumford Compact),2026,1,39.047
2010,Rumford (census name for Rumford Compact),2026,2,36.048
2010,Rumford (census name for Rumford Compact),2026,3,30.738
2010,Rumford (census name for Rumford Compact),2026,4,24.742
2010,Rumford (census name for Rumford Compact),2026,5,21.146
2010,Rumford (census name for Rumford Compact),2026,6,23.698
2010,Rumford (census name for Rumford Compact),2026,7,25.418
2010,Rumford (census name for Rumford Compact),2026,8,27.396
2010,Rumford (census name for Rumford Compact),2026,9,24.908
2010,Rumford (census name for Rumford Compact),2026,10,22.345
2010,Rumford (census name for Rumford Compact),2026,11,28.903
2011,Rupnagar,2025,11,134.637
2011,Rupnagar,2025,12,124.946
2011,Rupnagar,2026,1,119.864
2011,Rupnagar,2026,2,107.198
2011,Rupnagar,2026,3,100.709
2011,Rupnagar,2026,4,94.983
2011,Rupnagar,2026,5,90.52
2011,Rupnagar,2026,6,77.263
2011,Rupnagar,2026,7,65.598
2011,Rupnagar,2026,8,64.729
2011,Rupnagar,2026,9,65.588
2011,Rupnagar,2026,10,105.567
2012,Ruskin,2026,1,60.382
2012,Ruskin,2026,2,57.409
2012,Ruskin,2026,3,52.641
2012,Ruskin,2026,4,45.6
2012,Ruskin,2026,5,40.575
2012,Ruskin,2026,6,42.235
2012,Ruskin,2026,7,44.601
2012,Ruskin,2026,8,47.291
2012,Ruskin,2026,9,44.543
2012,Ruskin,2026,10,40.756
2012,Ruskin,2026,11,49.29
2012,Ruskin,2026,12,52.951
2013,Russellville,2013,1,45.724
2013,Russellville,2013,2,42.723
2013,Russellville,2013,3,35.637
2013,Russellville,2013,4,29.446
2013,Russellville,2013,5,25.344
2013,Russellville,2013,6,28.518
2013,Russellville,2013,7,31.046
2013,Russellville,2013,8,33.631
2013,Russellville,2013,9,31.394
2013,Russellville,2013,10,29.117
2013,Russellville,2013,11,37.667
2013,Russellville,2013,12,43.18
2014,Rutland,2026,1,34.076
2014,Rutland,2026,2,33.466
2014,Rutland,2026,3,31.389
2014,Rutland,2026,4,26.972
2014,Rutland,2026,5,22.559
2014,Rutland,2026,6,24.84
2014,Rutland,2026,7,26.207
2014,Rutland,2026,8,29.023
2014,Rutland,2026,9,27.027
2014,Rutland,2026,10,24.708
2014,Rutland,2026,11,32.757
2014,Rutland,2026,12,37.275
2015,Rye,2026,1,34.065
2015,Rye,2026,2,33.654
2015,Rye,2026,3,31.419
2015,Rye,2026,4,27.01
2015,Rye,2026,5,22.975
2015,Rye,2026,6,25.908
2015,Rye,2026,7,27.407
2015,Rye,2026,8,29.789
2015,Rye,2026,9,27.698
2015,Rye,2026,10,25.434
2015,Rye,2026,11,33.294
2015,Rye,2026,12,38.312
2016,SONORA,2026,1,53.416
2016,SONORA,2026,2,50.831
2016,SONORA,2026,3,43.334
2016,SONORA,2026,4,36.283
2016,SONORA,2026,5,30.957
2016,SONORA,2026,6,33.404
2016,SONORA,2026,7,35.389
2016,SONORA,2026,8,37.366
2016,SONORA,2026,9,35.841
2016,SONORA,2026,10,33.38
2016,SONORA,2026,11,40.325
2016,SONORA,2026,12,45.23
2017,Sacaton,2026,1,65.019
2017,Sacaton,2026,2,61.688
2017,Sacaton,2026,3,56.526
2017,Sacaton,2026,4,50.984
2017,Sacaton,2026,5,44.302
2017,Sacaton,2026,6,46.6
2017,Sacaton,2026,7,48.315
2017,Sacaton,2026,8,50.196
2017,Sacaton,2026,9,47.822
2017,Sacaton,2026,10,44.157
2017,Sacaton,2026,11,52.799
2017,Sacaton,2026,12,55.561
2018,Sacramento,2026,1,31.637
2018,Sacramento,2026,2,29.276
2018,Sacramento,2026,3,25.057
2018,Sacramento,2026,4,20.977
2018,Sacramento,2026,5,17.759
2018,Sacramento,2026,6,19.543
2018,Sacramento,2026,7,20.943
2018,Sacramento,2026,8,22.621
2018,Sacramento,2026,9,20.501
2018,Sacramento,2026,10,18.349
2018,Sacramento,2026,11,23.908
2018,Sacramento,2026,12,26.878
2019,"Sacramento--Roseville--Arden-Arcade, CA",2026,1,30.716
2019,"Sacramento--Roseville--Arden-Arcade, CA",2026,2,27.787
2019,"Sacramento--Roseville--Arden-Arcade, CA",2026,3,23.027
2019,"Sacramento--Roseville--Arden-Arcade, CA",2026,4,19.76
2019,"Sacramento--Roseville--Arden-Arcade, CA",2026,5,16.712
2019,"Sacramento--Roseville--Arden-Arcade, CA",2026,6,18.446
2019,"Sacramento--Roseville--Arden-Arcade, CA",2026,7,19.59
2019,"Sacramento--Roseville--Arden-Arcade, CA",2026,8,21.233
2019,"Sacramento--Roseville--Arden-Arcade, CA",2026,9,19.523
2019,"Sacramento--Roseville--Arden-Arcade, CA",2026,10,17.672
2019,"Sacramento--Roseville--Arden-Arcade, CA",2026,11,22.921
2019,"Sacramento--Roseville--Arden-Arcade, CA",2026,12,25.179
2021,Sagar,2025,11,144.584
2021,Sagar,2025,12,139.177
2021,Sagar,2026,1,141.628
2021,Sagar,2026,2,126.501
2021,Sagar,2026,3,116.566
2021,Sagar,2026,4,108.074
2021,Sagar,2026,5,102.027
2021,Sagar,2026,6,93.635
2021,Sagar,2026,7,80.15
2021,Sagar,2026,8,80.259
2021,Sagar,2026,9,78.07
2021,Sagar,2026,10,93.81
2025,Saint Marks,2026,1,34.017
2025,Saint Marks,2026,2,32.316
2025,Saint Marks,2026,3,29.183
2025,Saint Marks,2026,4,25.141
2025,Saint Marks,2026,5,21.54
2025,Saint Marks,2026,6,24.127
2025,Saint Marks,2026,7,26.13
2025,Saint Marks,2026,8,28.943
2025,Saint Marks,2026,9,26.298
2025,Saint Marks,2026,10,25.072
2025,Saint Marks,2026,11,32.482
2025,Saint Marks,2026,12,37.507
2026,Saint Petersburg,2026,1,38.175
2026,Saint Petersburg,2026,2,34.158
2026,Saint Petersburg,2026,3,30.221
2026,Saint Petersburg,2026,4,26.273
2026,Saint Petersburg,2026,5,22.298
2026,Saint Petersburg,2026,6,24.829
2026,Saint Petersburg,2026,7,26.312
2026,Saint Petersburg,2026,8,29.023
2026,Saint Petersburg,2026,9,27.027
2026,Saint Petersburg,2026,10,24.708
2026,Saint Petersburg,2026,11,32.879
2026,Saint Petersburg,2026,12,37.275
2027,Sainte Genevieve,2026,1,49.26
2027,Sainte Genevieve,2026,2,45.414
2027,Sainte Genevieve,2026,3,38.495
2027,Sainte Genevieve,2026,4,31.665
2027,Sainte Genevieve,2026,5,27.132
2027,Sainte Genevieve,2026,6,29.404
2027,Sainte Genevieve,2026,7,31.964
2027,Sainte Genevieve,2026,8,33.505
2027,Sainte Genevieve,2026,9,31.127
2027,Sainte Genevieve,2026,10,28.401
2027,Sainte Genevieve,2026,11,37.388
2027,Sainte Genevieve,2026,12,43.072
2028,Salem,2025,11,60.553
2028,Salem,2025,12,66.027
2028,Salem,2026,1,67.518
2028,Salem,2026,2,68.363
2028,Salem,2026,3,63.935
2028,Salem,2026,4,61.256
2028,Salem,2026,5,58.86
2028,Salem,2026,6,58.276
2028,Salem,2026,7,55.267
2028,Salem,2026,8,55.084
2028,Salem,2026,9,54.125
2028,Salem,2026,10,73.33
2029,Salem,2026,1,22.683
2029,Salem,2026,2,19.545
2029,Salem,2026,3,16.026
2029,Salem,2026,4,13.288
2029,Salem,2026,5,11.688
2029,Salem,2026,6,12.761
2029,Salem,2026,7,13.181
2029,Salem,2026,8,14.21
2029,Salem,2026,9,13.025
2029,Salem,2026,10,12.196
2029,Salem,2026,11,15.735
2029,Salem,2026,12,18.01
2030,Salinas,2026,1,34.076
2030,Salinas,2026,2,33.709
2030,Salinas,2026,3,31.299
2030,Salinas,2026,4,27.223
2030,Salinas,2026,5,23.446
2030,Salinas,2026,6,25.848
2030,Salinas,2026,7,27.467
2030,Salinas,2026,8,29.831
2030,Salinas,2026,9,27.473
2030,Salinas,2026,10,24.796
2030,Salinas,2026,11,32.757
2030,Salinas,2026,12,37.275
2032,Salt Lake City,2026,1,34.196
2032,Salt Lake City,2026,2,32.173
2032,Salt Lake City,2026,3,29.013
2032,Salt Lake City,2026,4,24.891
2032,Salt Lake City,2026,5,20.789
2032,Salt Lake City,2026,6,23.483
2032,Salt Lake City,2026,7,25.208
2032,Salt Lake City,2026,8,27.246
2032,Salt Lake City,2026,9,24.978
2032,Salt Lake City,2026,10,22.991
2032,Salt Lake City,2026,11,28.955
2032,Salt Lake City,2026,12,32.834
2033,"Salt Lake City, UT",2025,1,34.248
2033,"Salt Lake City, UT",2025,2,33.654
2033,"Salt Lake City, UT",2025,3,31.419
2033,"Salt Lake City, UT",2025,4,26.966
2033,"Salt Lake City, UT",2025,5,22.393
2033,"Salt Lake City, UT",2025,6,25.797
2033,"Salt Lake City, UT",2025,7,27.407
2033,"Salt Lake City, UT",2025,8,29.831
2033,"Salt Lake City, UT",2025,9,27.698
2033,"Salt Lake City, UT",2025,10,25.434
2033,"Salt Lake City, UT",2025,11,33.305
2033,"Salt Lake City, UT",2025,12,38.312
2036,Sambalpur,2015,1,95.733
2036,Sambalpur,2015,2,95.215
2036,Sambalpur,2015,3,91.039
2036,Sambalpur,2015,4,86.986
2036,Sambalpur,2015,5,83.276
2036,Sambalpur,2015,6,84.479
2036,Sambalpur,2015,7,84.032
2036,Sambalpur,2015,8,84.784
2036,Sambalpur,2015,9,85.302
2036,Sambalpur,2015,10,94.908
2036,Sambalpur,2015,11,103.827
2036,Sambalpur,2015,12,112.271
2037,San Andreas,2026,1,29.938
2037,San Andreas,2026,2,27.131
2037,San Andreas,2026,3,23.006
2037,San Andreas,2026,4,19.76
2037,San Andreas,2026,5,16.712
2037,San Andreas,2026,6,18.927
2037,San Andreas,2026,7,19.59
2037,San Andreas,2026,8,21.139
2037,San Andreas,2026,9,19.523
2037,San Andreas,2026,10,18.087
2037,San Andreas,2026,11,23.853
2037,San Andreas,2026,12,26.878
2038,San Antonio,2026,1,46.926
2038,San Antonio,2026,2,42.976
2038,San Antonio,2026,3,35.845
2038,San Antonio,2026,4,29.491
2038,San Antonio,2026,5,25.039
2038,San Antonio,2026,6,28.454
2038,San Antonio,2026,7,30.836
2038,San Antonio,2026,8,32.655
2038,San Antonio,2026,9,30.06
2038,San Antonio,2026,10,28.864
2038,San Antonio,2026,11,36.019
2038,San Antonio,2026,12,41.782
2039,"San Antonio-New Braunfels, TX",2026,1,45.909
2039,"San Antonio-New Braunfels, TX",2026,2,41.458
2039,"San Antonio-New Braunfels, TX",2026,3,34.614
2039,"San Antonio-New Braunfels, TX",2026,4,29.294
2039,"San Antonio-New Braunfels, TX",2026,5,26.801
2039,"San Antonio-New Braunfels, TX",2026,6,28.673
2039,"San Antonio-New Braunfels, TX",2026,7,31.347
2039,"San Antonio-New Braunfels, TX",2026,8,33.505
2039,"San Antonio-New Braunfels, TX",2026,9,30.985
2039,"San Antonio-New Braunfels, TX",2026,10,27.749
2039,"San Antonio-New Braunfels, TX",2026,11,35.941
2039,"San Antonio-New Braunfels, TX",2026,12,40.539
2041,San Bernardino,2026,1,55.331
2041,San Bernardino,2026,2,52.858
2041,San Bernardino,2026,3,45.968
2041,San Bernardino,2026,4,37.296
2041,San Bernardino,2026,5,33.377
2041,San Bernardino,2026,6,34.354
2041,San Bernardino,2026,7,35.188
2041,San Bernardino,2026,8,36.795
2041,San Bernardino,2026,9,34.766
2041,San Bernardino,2026,10,32.431
2041,San Bernardino,2026,11,36.452
2041,San Bernardino,2026,12,41.358
2042,San Diego,2025,1,47.469
2042,San Diego,2025,2,44.087
2042,San Diego,2025,3,37.28
2042,San Diego,2025,4,30.564
2042,San Diego,2025,5,25.947
2042,San Diego,2025,6,28.4
2042,San Diego,2025,7,30.966
2042,San Diego,2025,8,32.693
2042,San Diego,2025,9,30.148
2042,San Diego,2025,10,28.471
2042,San Diego,2025,11,35.987
2042,San Diego,2025,12,40.539
2043,San Francisco,2025,1,35.375
2043,San Francisco,2025,2,32.297
2043,San Francisco,2025,3,27.565
2043,San Francisco,2025,4,22.365
2043,San Francisco,2025,5,19.748
2043,San Francisco,2025,6,21.23
2043,San Francisco,2025,7,23.343
2043,San Francisco,2025,8,25.191
2043,San Francisco,2025,9,22.577
2043,San Francisco,2025,10,20.803
2043,San Francisco,2025,11,26.415
2043,San Francisco,2025,12,31.055
2044,"San Francisco-Oakland-Hayward, CA",2024,12,50.585
2044,"San Francisco-Oakland-Hayward, CA",2025,1,47.971
2044,"San Francisco-Oakland-Hayward, CA",2025,2,44.087
2044,"San Francisco-Oakland-Hayward, CA",2025,3,37.221
2044,"San Francisco-Oakland-Hayward, CA",2025,4,30.607
2044,"San Francisco-Oakland-Hayward, CA",2025,5,25.951
2044,"San Francisco-Oakland-Hayward, CA",2025,6,28.59
2044,"San Francisco-Oakland-Hayward, CA",2025,7,30.878
2044,"San Francisco-Oakland-Hayward, CA",2025,8,32.655
2044,"San Francisco-Oakland-Hayward, CA",2025,9,30.06
2044,"San Francisco-Oakland-Hayward, CA",2025,10,28.512
2044,"San Francisco-Oakland-Hayward, CA",2025,11,36.019
2045,San Jose,2026,1,53.067
2045,San Jose,2026,2,51.553
2045,San Jose,2026,3,46.619
2045,San Jose,2026,4,40.806
2045,San Jose,2026,5,37.67
2045,San Jose,2026,6,40.371
2045,San Jose,2026,7,42.946
2045,San Jose,2026,8,44.785
2045,San Jose,2026,9,41.958
2045,San Jose,2026,10,39.848
2045,San Jose,2026,11,47.923
2045,San Jose,2026,12,53.671
2046,San Jose,2025,1,42.425
2046,San Jose,2025,2,38.51
2046,San Jose,2025,3,32.133
2046,San Jose,2025,4,26.699
2046,San Jose,2025,5,22.302
2046,San Jose,2025,6,24.829
2046,San Jose,2025,7,26.098
2046,San Jose,2025,8,28.981
2046,San Jose,2025,9,26.386
2046,San Jose,2025,10,23.993
2046,San Jose,2025,11,31.328
2046,San Jose,2025,12,36.32
2047,"San Jose-Sunnyvale-Santa Clara, CA",2026,1,19.76
2047,"San Jose-Sunnyvale-Santa Clara, CA",2026,2,17.222
2047,"San Jose-Sunnyvale-Santa Clara, CA",2026,3,14.363
2047,"San Jose-Sunnyvale-Santa Clara, CA",2026,4,11.891
2047,"San Jose-Sunnyvale-Santa Clara, CA",2026,5,10.006
2047,"San Jose-Sunnyvale-Santa Clara, CA",2026,6,11.328
2047,"San Jose-Sunnyvale-Santa Clara, CA",2026,7,12.342
2047,"San Jose-Sunnyvale-Santa Clara, CA",2026,8,13.164
2047,"San Jose-Sunnyvale-Santa Clara, CA",2026,9,11.616
2047,"San Jose-Sunnyvale-Santa Clara, CA",2026,10,10.115
2047,"San Jose-Sunnyvale-Santa Clara, CA",2026,11,13.219
2047,"San Jose-Sunnyvale-Santa Clara, CA",2026,12,15.748
2048,San Juan,2026,1,9.086
2048,San Juan,2026,2,8.122
2048,San Juan,2026,3,7.374
2048,San Juan,2026,4,6.325
2048,San Juan,2026,5,5.079
2048,San Juan,2026,6,6.36
2048,San Juan,2026,7,6.491
2048,San Juan,2026,8,6.487
2048,San Juan,2026,9,4.231
2048,San Juan,2026,10,4.118
2048,San Juan,2026,11,7.503
2048,San Juan,2026,12,8.415
2049,"San Juan-Carolina-Caguas, PR",2026,1,33.147
2049,"San Juan-Carolina-Caguas, PR",2026,2,31.935
2049,"San Juan-Carolina-Caguas, PR",2026,3,27.624
2049,"San Juan-Carolina-Caguas, PR",2026,4,22.36
2049,"San Juan-Carolina-Caguas, PR",2026,5,19.905
2049,"San Juan-Carolina-Caguas, PR",2026,6,21.358
2049,"San Juan-Carolina-Caguas, PR",2026,7,23.332
2049,"San Juan-Carolina-Caguas, PR",2026,8,25.304
2049,"San Juan-Carolina-Caguas, PR",2026,9,22.844
2049,"San Juan-Carolina-Caguas, PR",2026,10,20.498
2049,"San Juan-Carolina-Caguas, PR",2026,11,26.149
2049,"San Juan-Carolina-Caguas, PR",2026,12,31.055
2050,San Luis Obispo,2026,1,30.192
2050,San Luis Obispo,2026,2,28.383
2050,San Luis Obispo,2026,3,23.776
2050,San Luis Obispo,2026,4,19.648
2050,San Luis Obispo,2026,5,16.829
2050,San Luis Obispo,2026,6,18.276
2050,San Luis Obispo,2026,7,19.485
2050,San Luis Obispo,2026,8,21.233
2050,San Luis Obispo,2026,9,19.523
2050,San Luis Obispo,2026,10,17.483
2050,San Luis Obispo,2026,11,22.591
2050,San Luis Obispo,2026,12,25.179
2051,"San Luis Obispo-Paso Robles-Arroyo Grande, CA",2026,1,42.768
2051,"San Luis Obispo-Paso Robles-Arroyo Grande, CA",2026,2,39.451
2051,"San Luis Obispo-Paso Robles-Arroyo Grande, CA",2026,3,33.19
2051,"San Luis Obispo-Paso Robles-Arroyo Grande, CA",2026,4,28.57
2051,"San Luis Obispo-Paso Robles-Arroyo Grande, CA",2026,5,24.328
2051,"San Luis Obispo-Paso Robles-Arroyo Grande, CA",2026,6,26.747
2051,"San Luis Obispo-Paso Robles-Arroyo Grande, CA",2026,7,29.112
2051,"San Luis Obispo-Paso Robles-Arroyo Grande, CA",2026,8,31.654
2051,"San Luis Obispo-Paso Robles-Arroyo Grande, CA",2026,9,28.997
2051,"San Luis Obispo-Paso Robles-Arroyo Grande, CA",2026,10,25.801
2051,"San Luis Obispo-Paso Robles-Arroyo Grande, CA",2026,11,33.579
2051,"San Luis Obispo-Paso Robles-Arroyo Grande, CA",2026,12,38.312
2053,San Martin,2025,1,34.202
2053,San Martin,2025,2,33.466
2053,San Martin,2025,3,31.461
2053,San Martin,2025,4,26.952
2053,San Martin,2025,5,22.261
2053,San Martin,2025,6,24.821
2053,San Martin,2025,7,26.098
2053,San Martin,2025,8,28.981
2053,San Martin,2025,9,26.386
2053,San Martin,2025,10,23.973
2053,San Martin,2025,11,31.328
2053,San Martin,2025,12,36.32
2054,San Pablo,2025,1,48.473
2054,San Pablo,2025,2,44.042
2054,San Pablo,2025,3,37.18
2054,San Pablo,2025,4,30.564
2054,San Pablo,2025,5,25.839
2054,San Pablo,2025,6,27.645
2054,San Pablo,2025,7,30.158
2054,San Pablo,2025,8,32.693
2054,San Pablo,2025,9,29.933
2054,San Pablo,2025,10,26.455
2054,San Pablo,2025,11,34.847
2054,San Pablo,2025,12,37.88
2055,San Rafael,2025,1,26.729
2055,San Rafael,2025,2,25.444
2055,San Rafael,2025,3,22.65
2055,San Rafael,2025,4,18.924
2055,San Rafael,2025,5,15.921
2055,San Rafael,2025,6,17.109
2055,San Rafael,2025,7,18.533
2055,San Rafael,2025,8,19.996
2055,San Rafael,2025,9,17.641
2055,San Rafael,2025,10,15.776
2055,San Rafael,2025,11,20.109
2055,San Rafael,2025,12,23.174
2056,San Ramon,2025,1,34.06
2056,San Ramon,2025,2,33.621
2056,San Ramon,2025,3,31.389
2056,San Ramon,2025,4,26.972
2056,San Ramon,2025,5,22.862
2056,San Ramon,2025,6,24.934
2056,San Ramon,2025,7,26.207
2056,San Ramon,2025,8,29.023
2056,San Ramon,2025,9,27.027
2056,San Ramon,2025,10,24.708
2056,San Ramon,2025,11,32.757
2056,San Ramon,2025,12,37.275
2057,Sand Point,2026,1,15.456
2057,Sand Point,2026,2,13.498
2057,Sand Point,2026,3,11.451
2057,Sand Point,2026,4,9.224
2057,Sand Point,2026,5,8.182
2057,Sand Point,2026,6,9.457
2057,Sand Point,2026,7,10.383
2057,Sand Point,2026,8,11.444
2057,Sand Point,2026,9,9.8
2057,Sand Point,2026,10,8.37
2057,Sand Point,2026,11,10.999
2057,Sand Point,2026,12,11.993
2058,Sanders,2026,1,9.048
2058,Sanders,2026,2,8.172
2058,Sanders,2026,3,7.397
2058,Sanders,2026,4,6.325
2058,Sanders,2026,5,5.25
2058,Sanders,2026,6,6.128
2058,Sanders,2026,7,6.386
2058,Sanders,2026,8,6.487
2058,Sanders,2026,9,4.231
2058,Sanders,2026,10,3.963
2058,Sanders,2026,11,7.431
2058,Sanders,2026,12,8.415
2059,Sandersville,2026,1,44.823
2059,Sandersville,2026,2,40.582
2059,Sandersville,2026,3,34.578
2059,Sandersville,2026,4,29.649
2059,Sandersville,2026,5,26.801
2059,Sandersville,2026,6,28.631
2059,Sandersville,2026,7,31.347
2059,Sandersville,2026,8,33.505
2059,Sandersville,2026,9,31.045
2059,Sandersville,2026,10,28.401
2059,Sandersville,2026,11,37.266
2059,Sandersville,2026,12,43.072
2060,Sandpoint,2026,1,42.283
2060,Sandpoint,2026,2,39.483
2060,Sandpoint,2026,3,33.144
2060,Sandpoint,2026,4,28.57
2060,Sandpoint,2026,5,24.433
2060,Sandpoint,2026,6,26.654
2060,Sandpoint,2026,7,29.112
2060,Sandpoint,2026,8,31.635
2060,Sandpoint,2026,9,29.22
2060,Sandpoint,2026,10,26.597
2060,Sandpoint,2026,11,34.735
2060,Sandpoint,2026,12,37.88
2061,Sanford,2026,1,34.196
2061,Sanford,2026,2,32.173
2061,Sanford,2026,3,29.013
2061,Sanford,2026,4,24.891
2061,Sanford,2026,5,20.833
2061,Sanford,2026,6,23.483
2061,Sanford,2026,7,25.39
2061,Sanford,2026,8,27.284
2061,Sanford,2026,9,25.067
2061,Sanford,2026,10,23.798
2061,Sanford,2026,11,29.928
2061,Sanford,2026,12,34.526
2063,Sangli,2025,11,111.868
2063,Sangli,2025,12,123.1
2063,Sangli,2026,1,129.485
2063,Sangli,2026,2,115.893
2063,Sangli,2026,3,104.596
2063,Sangli,2026,4,100.0
2063,Sangli,2026,5,92.624
2063,Sangli,2026,6,84.012
2063,Sangli,2026,7,75.577
2063,Sangli,2026,8,74.498
2063,Sangli,2026,9,72.874
2063,Sangli,2026,10,95.336
2068,Santa Ana Pueblo,2020,1,19.916
2068,Santa Ana Pueblo,2020,2,17.223
2068,Santa Ana Pueblo,2020,3,14.672
2068,Santa Ana Pueblo,2020,4,11.949
2068,Santa Ana Pueblo,2020,5,10.043
2068,Santa Ana Pueblo,2020,6,11.536
2068,Santa Ana Pueblo,2020,7,12.446
2068,Santa Ana Pueblo,2020,8,13.145
2068,Santa Ana Pueblo,2020,9,11.57
2068,Santa Ana Pueblo,2020,10,10.589
2068,Santa Ana Pueblo,2020,11,13.521
2068,Santa Ana Pueblo,2020,12,15.748
2069,Santa Barbara,2026,1,51.74
2069,Santa Barbara,2026,2,47.866
2069,Santa Barbara,2026,3,39.822
2069,Santa Barbara,2026,4,32.337
2069,Santa Barbara,2026,5,28.282
2069,Santa Barbara,2026,6,30.202
2069,Santa Barbara,2026,7,32.535
2069,Santa Barbara,2026,8,34.29
2069,Santa Barbara,2026,9,32.042
2069,Santa Barbara,2026,10,30.32
2069,Santa Barbara,2026,11,38.448
2069,Santa Barbara,2026,12,43.846
2070,Santa Clarita,2026,1,46.719
2070,Santa Clarita,2026,2,42.365
2070,Santa Clarita,2026,3,35.715
2070,Santa Clarita,2026,4,29.422
2070,Santa Clarita,2026,5,25.716
2070,Santa Clarita,2026,6,27.669
2070,Santa Clarita,2026,7,30.054
2070,Santa Clarita,2026,8,32.693
2070,Santa Clarita,2026,9,29.79
2070,Santa Clarita,2026,10,26.455
2070,Santa Clarita,2026,11,34.725
2070,Santa Clarita,2026,12,37.88
2071,"Santa Cruz-Watsonville, CA",2026,1,34.141
2071,"Santa Cruz-Watsonville, CA",2026,2,33.61
2071,"Santa Cruz-Watsonville, CA",2026,3,31.444
2071,"Santa Cruz-Watsonville, CA",2026,4,26.952
2071,"Santa Cruz-Watsonville, CA",2026,5,22.385
2071,"Santa Cruz-Watsonville, CA",2026,6,25.74
2071,"Santa Cruz-Watsonville, CA",2026,7,27.407
2071,"Santa Cruz-Watsonville, CA",2026,8,29.831
2071,"Santa Cruz-Watsonville, CA",2026,9,27.698
2071,"Santa Cruz-Watsonville, CA",2026,10,25.21
2071,"Santa Cruz-Watsonville, CA",2026,11,33.305
2071,"Santa Cruz-Watsonville, CA",2026,12,38.312
2072,Santa Fe,2016,1,20.343
2072,Santa Fe,2016,2,18.248
2072,Santa Fe,2016,3,15.544
2072,Santa Fe,2016,4,12.726
2072,Santa Fe,2016,5,11.212
2072,Santa Fe,2016,6,12.34
2072,Santa Fe,2016,7,13.357
2072,Santa Fe,2016,8,14.282
2072,Santa Fe,2016,9,13.092
2072,Santa Fe,2016,10,12.075
2072,Santa Fe,2016,11,15.715
2072,Santa Fe,2016,12,18.075
2073,"Santa Fe, NM",2025,12,24.212
2073,"Santa Fe, NM",2026,1,24.422
2073,"Santa Fe, NM",2026,2,22.886
2073,"Santa Fe, NM",2026,3,19.015
2073,"Santa Fe, NM",2026,4,15.75
2073,"Santa Fe, NM",2026,5,13.442
2073,"Santa Fe, NM",2026,6,15.446
2073,"Santa Fe, NM",2026,7,16.527
2073,"Santa Fe, NM",2026,8,17.633
2073,"Santa Fe, NM",2026,9,15.293
2073,"Santa Fe, NM",2026,10,13.782
2073,"Santa Fe, NM",2026,11,18.239
2074,Santa Maria,2020,1,26.603
2074,Santa Maria,2020,2,24.053
2074,Santa Maria,2020,3,20.644
2074,Santa Maria,2020,4,16.799
2074,Santa Maria,2020,5,14.445
2074,Santa Maria,2020,6,15.796
2074,Santa Maria,2020,7,16.766
2074,Santa Maria,2020,8,17.539
2074,Santa Maria,2020,9,15.293
2074,Santa Maria,2020,10,14.053
2074,Santa Maria,2020,11,18.669
2074,Santa Maria,2020,12,21.687
2075,"Santa Maria-Santa Barbara, CA",2026,1,26.75
2075,"Santa Maria-Santa Barbara, CA",2026,2,25.025
2075,"Santa Maria-Santa Barbara, CA",2026,3,21.907
2075,"Santa Maria-Santa Barbara, CA",2026,4,17.684
2075,"Santa Maria-Santa Barbara, CA",2026,5,15.249
2075,"Santa Maria-Santa Barbara, CA",2026,6,17.137
2075,"Santa Maria-Santa Barbara, CA",2026,7,18.61
2075,"Santa Maria-Santa Barbara, CA",2026,8,20.109
2075,"Santa Maria-Santa Barbara, CA",2026,9,18.835
2075,"Santa Maria-Santa Barbara, CA",2026,10,17.019
2075,"Santa Maria-Santa Barbara, CA",2026,11,22.48
2075,"Santa Maria-Santa Barbara, CA",2026,12,25.179
2076,Santa Rosa,2014,1,45.081
2076,Santa Rosa,2014,2,41.862
2076,Santa Rosa,2014,3,34.732
2076,Santa Rosa,2014,4,29.278
2076,Santa Rosa,2014,5,26.665
2076,Santa Rosa,2014,6,28.962
2076,Santa Rosa,2014,7,31.533
2076,Santa Rosa,2014,8,33.632
2076,Santa Rosa,2014,9,31.395
2076,Santa Rosa,2014,10,28.672
2076,Santa Rosa,2014,11,37.487
2076,Santa Rosa,2014,12,43.166
2077,Santiago,2026,1,68.139
2077,Santiago,2026,2,63.878
2077,Santiago,2026,3,56.998
2077,Santiago,2026,4,51.186
2077,Santiago,2026,5,47.306
2077,Santiago,2026,6,49.988
2077,Santiago,2026,7,52.171
2077,Santiago,2026,8,54.899
2077,Santiago,2026,9,53.028
2077,Santiago,2026,10,52.126
2077,Santiago,2026,11,59.559
2077,Santiago,2026,12,64.499
2078,Sao Paulo,2026,1,65.043
2078,Sao Paulo,2026,2,67.562
2078,Sao Paulo,2026,3,65.157
2078,Sao Paulo,2026,4,63.801
2078,Sao Paulo,2026,5,63.44
2078,Sao Paulo,2026,6,74.625
2078,Sao Paulo,2026,7,77.394
2078,Sao Paulo,2026,8,81.623
2078,Sao Paulo,2026,9,78.975
2078,Sao Paulo,2026,10,80.759
2078,Sao Paulo,2026,11,90.841
2078,Sao Paulo,2026,12,99.053
2081,Sarasota,2026,1,42.755
2081,Sarasota,2026,2,40.108
2081,Sarasota,2026,3,34.62
2081,Sarasota,2026,4,29.693
2081,Sarasota,2026,5,26.341
2081,Sarasota,2026,6,29.695
2081,Sarasota,2026,7,31.878
2081,Sarasota,2026,8,33.432
2081,Sarasota,2026,9,31.254
2081,Sarasota,2026,10,29.394
2081,Sarasota,2026,11,37.568
2081,Sarasota,2026,12,43.072
2084,Satna,2025,11,68.95
2084,Satna,2025,12,72.918
2084,Satna,2026,1,74.345
2084,Satna,2026,2,73.896
2084,Satna,2026,3,67.786
2084,Satna,2026,4,64.208
2084,Satna,2026,5,61.257
2084,Satna,2026,6,62.328
2084,Satna,2026,7,58.181
2084,Satna,2026,8,57.874
2084,Satna,2026,9,57.26
2084,Satna,2026,10,79.092
2085,Sault Ste. Marie,2020,1,42.647
2085,Sault Ste. Marie,2020,2,40.108
2085,Sault Ste. Marie,2020,3,34.62
2085,Sault Ste. Marie,2020,4,29.693
2085,Sault Ste. Marie,2020,5,26.289
2085,Sault Ste. Marie,2020,6,29.5
2085,Sault Ste. Marie,2020,7,31.878
2085,Sault Ste. Marie,2020,8,33.432
2085,Sault Ste. Marie,2020,9,31.254
2085,Sault Ste. Marie,2020,10,29.394
2085,Sault Ste. Marie,2020,11,37.568
2085,Sault Ste. Marie,2020,12,43.072
2086,"Sault Ste. Marie, MI",2010,1,52.537
2086,"Sault Ste. Marie, MI",2010,2,49.371
2086,"Sault Ste. Marie, MI",2010,3,41.902
2086,"Sault Ste. Marie, MI",2010,4,34.206
2086,"Sault Ste. Marie, MI",2010,5,30.426
2086,"Sault Ste. Marie, MI",2010,6,32.755
2086,"Sault Ste. Marie, MI",2010,7,34.968
2086,"Sault Ste. Marie, MI",2010,8,35.803
2086,"Sault Ste. Marie, MI",2010,9,33.51
2086,"Sault Ste. Marie, MI",2010,10,31.727
2086,"Sault Ste. Marie, MI",2010,11,39.091
2086,"Sault Ste. Marie, MI",2010,12,45.032
2087,Savannah,2026,1,43.847
2087,Savannah,2026,2,40.079
2087,Savannah,2026,3,34.256
2087,Savannah,2026,4,29.682
2087,Savannah,2026,5,26.619
2087,Savannah,2026,6,28.71
2087,Savannah,2026,7,31.085
2087,Savannah,2026,8,33.523
2087,Savannah,2026,9,30.848
2087,Savannah,2026,10,27.829
2087,Savannah,2026,11,35.951
2087,Savannah,2026,12,40.539
2089,"Sayre, PA",2026,1,36.295
2089,"Sayre, PA",2026,2,32.969
2089,"Sayre, PA",2026,3,27.442
2089,"Sayre, PA",2026,4,22.365
2089,"Sayre, PA",2026,5,19.744
2089,"Sayre, PA",2026,6,21.23
2089,"Sayre, PA",2026,7,23.348
2089,"Sayre, PA",2026,8,25.285
2089,"Sayre, PA",2026,9,22.683
2089,"Sayre, PA",2026,10,20.803
2089,"Sayre, PA",2026,11,26.236
2089,"Sayre, PA",2026,12,31.055
2091,Schenectady,2012,1,52.761
2091,Schenectady,2012,2,49.748
2091,Schenectady,2012,3,42.125
2091,Schenectady,2012,4,35.16
2091,Schenectady,2012,5,30.976
2091,Schenectady,2012,6,32.965
2091,Schenectady,2012,7,34.225
2091,Schenectady,2012,8,35.625
2091,Schenectady,2012,9,33.358
2091,Schenectady,2012,10,31.448
2091,Schenectady,2012,11,39.027
2091,Schenectady,2012,12,45.042
2092,Schiller Park,2026,1,48.138
2092,Schiller Park,2026,2,44.592
2092,Schiller Park,2026,3,37.013
2092,Schiller Park,2026,4,30.679
2092,Schiller Park,2026,5,25.76
2092,Schiller Park,2026,6,28.733
2092,Schiller Park,2026,7,30.836
2092,Schiller Park,2026,8,32.655
2092,Schiller Park,2026,9,30.06
2092,Schiller Park,2026,10,28.655
2092,Schiller Park,2026,11,36.019
2092,Schiller Park,2026,12,41.782
2093,Schoolcraft,2026,1,27.104
2093,Schoolcraft,2026,2,25.845
2093,Schoolcraft,2026,3,22.57
2093,Schoolcraft,2026,4,18.924
2093,Schoolcraft,2026,5,15.921
2093,Schoolcraft,2026,6,17.109
2093,Schoolcraft,2026,7,18.533
2093,Schoolcraft,2026,8,19.996
2093,Schoolcraft,2026,9,17.641
2093,Schoolcraft,2026,10,15.776
2093,Schoolcraft,2026,11,20.292
2093,Schoolcraft,2026,12,23.174
2094,Schurz,2014,1,20.17
2094,Schurz,2014,2,18.187
2094,Schurz,2014,3,15.791
2094,Schurz,2014,4,12.763
2094,Schurz,2014,5,10.85
2094,Schurz,2014,6,11.825
2094,Schurz,2014,7,12.43
2094,Schurz,2014,8,13.217
2094,Schurz,2014,9,11.462
2094,Schurz,2014,10,10.61
2094,Schurz,2014,11,13.586
2094,Schurz,2014,12,15.737
2095,Scotts Valley,2015,1,34.283
2095,Scotts Valley,2015,2,34.109
2095,Scotts Valley,2015,3,33.693
2095,Scotts Valley,2015,4,31.039
2095,Scotts Valley,2015,5,28.265
2095,Scotts Valley,2015,6,31.23
2095,Scotts Valley,2015,7,33.564
2095,Scotts Valley,2015,8,34.961
2095,Scotts Valley,2015,9,32.518
2095,Scotts Valley,2015,10,30.286
2095,Scotts Valley,2015,11,38.193
2095,Scotts Valley,2015,12,43.918
2096,Scottsbluff,2026,1,26.788
2096,Scottsbluff,2026,2,24.222
2096,Scottsbluff,2026,3,21.148
2096,Scottsbluff,2026,4,17.564
2096,Scottsbluff,2026,5,15.259
2096,Scottsbluff,2026,6,16.988
2096,Scottsbluff,2026,7,17.827
2096,Scottsbluff,2026,8,18.521
2096,Scottsbluff,2026,9,16.799
2096,Scottsbluff,2026,10,15.34
2096,Scottsbluff,2026,11,19.461
2096,Scottsbluff,2026,12,22.7
2097,"Scottsbluff, NE",2025,1,34.202
2097,"Scottsbluff, NE",2025,2,33.466
2097,"Scottsbluff, NE",2025,3,31.461
2097,"Scottsbluff, NE",2025,4,26.952
2097,"Scottsbluff, NE",2025,5,22.114
2097,"Scottsbluff, NE",2025,6,24.821
2097,"Scottsbluff, NE",2025,7,26.218
2097,"Scottsbluff, NE",2025,8,28.981
2097,"Scottsbluff, NE",2025,9,26.386
2097,"Scottsbluff, NE",2025,10,23.973
2097,"Scottsbluff, NE",2025,11,31.328
2097,"Scottsbluff, NE",2025,12,36.32
2098,Scottsdale,2026,1,41.199
2098,Scottsdale,2026,2,37.954
2098,Scottsdale,2026,3,30.973
2098,Scottsdale,2026,4,24.608
2098,Scottsdale,2026,5,21.09
2098,Scottsdale,2026,6,23.494
2098,Scottsdale,2026,7,25.393
2098,Scottsdale,2026,8,27.378
2098,Scottsdale,2026,9,25.139
2098,Scottsdale,2026,10,23.072
2098,Scottsdale,2026,11,29.687
2098,Scottsdale,2026,12,34.526
2099,Scottville,2026,1,34.06
2099,Scottville,2026,2,33.709
2099,Scottville,2026,3,31.346
2099,Scottville,2026,4,27.19
2099,Scottville,2026,5,23.524
2099,Scottville,2026,6,25.76
2099,Scottville,2026,7,27.467
2099,Scottville,2026,8,29.831
2099,Scottville,2026,9,27.473
2099,Scottville,2026,10,24.708
2099,Scottville,2026,11,32.757
2099,Scottville,2026,12,37.275
2100,Scranton,2026,1,36.12
2100,Scranton,2026,2,33.002
2100,Scranton,2026,3,28.919
2100,Scranton,2026,4,23.087
2100,Scranton,2026,5,20.528
2100,Scranton,2026,6,22.557
2100,Scranton,2026,7,24.448
2100,Scranton,2026,8,26.118
2100,Scranton,2026,9,24.5
2100,Scranton,2026,10,21.951
2100,Scranton,2026,11,28.806
2100,Scranton,2026,12,32.834
2101,Seabrook,2026,1,45.909
2101,Seabrook,2026,2,41.998
2101,Seabrook,2026,3,34.719
2101,Seabrook,2026,4,29.331
2101,Seabrook,2026,5,26.723
2101,Seabrook,2026,6,28.719
2101,Seabrook,2026,7,31.347
2101,Seabrook,2026,8,33.505
2101,Seabrook,2026,9,31.072
2101,Seabrook,2026,10,28.489
2101,Seabrook,2026,11,37.266
2101,Seabrook,2026,12,43.072
2102,Seaford,2026,1,33.935
2102,Seaford,2026,2,32.398
2102,Seaford,2026,3,28.923
2102,Seaford,2026,4,23.32
2102,Seaford,2026,5,20.225
2102,Seaford,2026,6,22.278
2102,Seaford,2026,7,24.371
2102,Seaford,2026,8,25.986
2102,Seaford,2026,9,23.224
2102,Seaford,2026,10,21.349
2102,Seaford,2026,11,26.854
2102,Seaford,2026,12,31.415
2103,Searcy,2012,1,55.005
2103,Searcy,2012,2,52.228
2103,Searcy,2012,3,45.932
2103,Searcy,2012,4,37.272
2103,Searcy,2012,5,31.783
2103,Searcy,2012,6,33.764
2103,Searcy,2012,7,35.361
2103,Searcy,2012,8,37.876
2103,Searcy,2012,9,35.227
2103,Searcy,2012,10,33.019
2103,Searcy,2012,11,40.654
2103,Searcy,2012,12,45.338
2104,Searles Valley,2026,1,54.567
2104,Searles Valley,2026,2,51.406
2104,Searles Valley,2026,3,44.649
2104,Searles Valley,2026,4,36.542
2104,Searles Valley,2026,5,31.37
2104,Searles Valley,2026,6,33.568
2104,Searles Valley,2026,7,35.348
2104,Searles Valley,2026,8,37.684
2104,Searles Valley,2026,9,35.929
2104,Searles Valley,2026,10,32.914
2104,Searles Valley,2026,11,41.339
2104,Searles Valley,2026,12,47.461
2105,Seattle,2026,1,31.735
2105,Seattle,2026,2,28.463
2105,Seattle,2026,3,23.586
2105,Seattle,2026,4,19.628
2105,Seattle,2026,5,16.313
2105,Seattle,2026,6,18.266
2105,Seattle,2026,7,19.376
2105,Seattle,2026,8,21.233
2105,Seattle,2026,9,19.523
2105,Seattle,2026,10,17.483
2105,Seattle,2026,11,22.712
2105,Seattle,2026,12,25.179
2106,"Seattle-Tacoma-Bellevue, WA",2026,1,10.551
2106,"Seattle-Tacoma-Bellevue, WA",2026,2,9.49
2106,"Seattle-Tacoma-Bellevue, WA",2026,3,8.244
2106,"Seattle-Tacoma-Bellevue, WA",2026,4,7.23
2106,"Seattle-Tacoma-Bellevue, WA",2026,5,6.471
2106,"Seattle-Tacoma-Bellevue, WA",2026,6,6.866
2106,"Seattle-Tacoma-Bellevue, WA",2026,7,6.403
2106,"Seattle-Tacoma-Bellevue, WA",2026,8,6.515
2106,"Seattle-Tacoma-Bellevue, WA",2026,9,4.143
2106,"Seattle-Tacoma-Bellevue, WA",2026,10,4.091
2106,"Seattle-Tacoma-Bellevue, WA",2026,11,7.534
2106,"Seattle-Tacoma-Bellevue, WA",2026,12,8.422
2107,"Sebastian-Vero Beach, FL",2026,1,34.202
2107,"Sebastian-Vero Beach, FL",2026,2,33.466
2107,"Sebastian-Vero Beach, FL",2026,3,31.461
2107,"Sebastian-Vero Beach, FL",2026,4,26.952
2107,"Sebastian-Vero Beach, FL",2026,5,22.302
2107,"Sebastian-Vero Beach, FL",2026,6,24.829
2107,"Sebastian-Vero Beach, FL",2026,7,26.098
2107,"Sebastian-Vero Beach, FL",2026,8,29.023
2107,"Sebastian-Vero Beach, FL",2026,9,27.027
2107,"Sebastian-Vero Beach, FL",2026,10,24.708
2107,"Sebastian-Vero Beach, FL",2026,11,32.879
2107,"Sebastian-Vero Beach, FL",2026,12,37.275
2108,Sebastopol,2025,1,19.722
2108,Sebastopol,2025,2,17.428
2108,Sebastopol,2025,3,14.722
2108,Sebastopol,2025,4,11.911
2108,Sebastopol,2025,5,10.468
2108,Sebastopol,2025,6,11.273
2108,Sebastopol,2025,7,12.253
2108,Sebastopol,2025,8,13.164
2108,Sebastopol,2025,9,11.688
2108,Sebastopol,2025,10,10.061
2108,Sebastopol,2025,11,13.063
2108,Sebastopol,2025,12,15.849
2109,Sebring,2026,1,34.248
2109,Sebring,2026,2,33.655
2109,Sebring,2026,3,31.461
2109,Sebring,2026,4,26.952
2109,Sebring,2026,5,22.532
2109,Sebring,2026,6,25.253
2109,Sebring,2026,7,27.407
2109,Sebring,2026,8,29.831
2109,Sebring,2026,9,27.698
2109,Sebring,2026,10,24.882
2109,Sebring,2026,11,32.879
2109,Sebring,2026,12,37.275
2111,Seeley Lake,2025,1,53.65
2111,Seeley Lake,2025,2,50.753
2111,Seeley Lake,2025,3,43.045
2111,Seeley Lake,2025,4,36.241
2111,Seeley Lake,2025,5,31.421
2111,Seeley Lake,2025,6,33.388
2111,Seeley Lake,2025,7,34.919
2111,Seeley Lake,2025,8,35.618
2111,Seeley Lake,2025,9,33.393
2111,Seeley Lake,2025,10,31.334
2111,Seeley Lake,2025,11,39.014
2111,Seeley Lake,2025,12,44.934
2112,Seiling,2026,1,40.743
2112,Seiling,2026,2,37.195
2112,Seiling,2026,3,31.734
2112,Seiling,2026,4,25.57
2112,Seiling,2026,5,21.656
2112,Seiling,2026,6,24.414
2112,Seiling,2026,7,26.312
2112,Seiling,2026,8,28.981
2112,Seiling,2026,9,26.386
2112,Seiling,2026,10,24.719
2112,Seiling,2026,11,32.071
2112,Seiling,2026,12,37.275
2113,Selma,2020,1,43.385
2113,Selma,2020,2,40.656
2113,Selma,2020,3,34.653
2113,Selma,2020,4,29.693
2113,Selma,2020,5,26.478
2113,Selma,2020,6,29.537
2113,Selma,2020,7,31.878
2113,Selma,2020,8,33.432
2113,Selma,2020,9,31.254
2113,Selma,2020,10,29.238
2113,Selma,2020,11,37.568
2113,Selma,2020,12,43.072
2115,"Seneca, SC",2020,1,34.141
2115,"Seneca, SC",2020,2,33.654
2115,"Seneca, SC",2020,3,31.201
2115,"Seneca, SC",2020,4,27.01
2115,"Seneca, SC",2020,5,22.889
2115,"Seneca, SC",2020,6,25.862
2115,"Seneca, SC",2020,7,27.313
2115,"Seneca, SC",2020,8,29.789
2115,"Seneca, SC",2020,9,27.698
2115,"Seneca, SC",2020,10,25.434
2115,"Seneca, SC",2020,11,33.337
2115,"Seneca, SC",2020,12,38.312
2116,Seoul,2026,1,65.146
2116,Seoul,2026,2,61.417
2116,Seoul,2026,3,55.839
2116,Seoul,2026,4,47.512
2116,Seoul,2026,5,40.828
2116,Seoul,2026,6,43.28
2116,Seoul,2026,7,45.663
2116,Seoul,2026,8,48.941
2116,Seoul,2026,9,44.09
2116,Seoul,2026,10,41.046
2116,Seoul,2026,11,50.403
2116,Seoul,2026,12,54.357
2117,Sequoia National Park,2026,1,24.684
2117,Sequoia National Park,2026,2,22.052
2117,Sequoia National Park,2026,3,18.687
2117,Sequoia National Park,2026,4,15.277
2117,Sequoia National Park,2026,5,13.601
2117,Sequoia National Park,2026,6,15.084
2117,Sequoia National Park,2026,7,16.423
2117,Sequoia National Park,2026,8,17.633
2117,Sequoia National Park,2026,9,15.338
2117,Sequoia National Park,2026,10,14.141
2117,Sequoia National Park,2026,11,18.669
2117,Sequoia National Park,2026,12,21.687
2119,Seven Oaks,2020,1,38.62
2119,Seven Oaks,2020,2,35.095
2119,Seven Oaks,2020,3,30.356
2119,Seven Oaks,2020,4,24.853
2119,Seven Oaks,2020,5,21.09
2119,Seven Oaks,2020,6,23.582
2119,Seven Oaks,2020,7,25.393
2119,Seven Oaks,2020,8,27.378
2119,Seven Oaks,2020,9,25.139
2119,Seven Oaks,2020,10,23.16
2119,Seven Oaks,2020,11,29.687
2119,Seven Oaks,2020,12,34.526
2120,"Sevierville, TN",2026,1,34.065
2120,"Sevierville, TN",2026,2,33.697
2120,"Sevierville, TN",2026,3,31.181
2120,"Sevierville, TN",2026,4,27.01
2120,"Sevierville, TN",2026,5,22.845
2120,"Sevierville, TN",2026,6,25.862
2120,"Sevierville, TN",2026,7,27.225
2120,"Sevierville, TN",2026,8,29.751
2120,"Sevierville, TN",2026,9,27.61
2120,"Sevierville, TN",2026,10,25.434
2120,"Sevierville, TN",2026,11,33.337
2120,"Sevierville, TN",2026,12,38.312
2121,"Seymour, IN",2020,1,34.065
2121,"Seymour, IN",2020,2,33.697
2121,"Seymour, IN",2020,3,31.201
2121,"Seymour, IN",2020,4,27.01
2121,"Seymour, IN",2020,5,22.889
2121,"Seymour, IN",2020,6,25.862
2121,"Seymour, IN",2020,7,27.313
2121,"Seymour, IN",2020,8,29.751
2121,"Seymour, IN",2020,9,27.698
2121,"Seymour, IN",2020,10,25.434
2121,"Seymour, IN",2020,11,33.337
2121,"Seymour, IN",2020,12,38.312
2122,Shady Cove,2026,1,18.776
2122,Shady Cove,2026,2,15.91
2122,Shady Cove,2026,3,13.377
2122,Shady Cove,2026,4,10.982
2122,Shady Cove,2026,5,9.239
2122,Shady Cove,2026,6,10.639
2122,Shady Cove,2026,7,11.509
2122,Shady Cove,2026,8,12.325
2122,Shady Cove,2026,9,10.524
2122,Shady Cove,2026,10,9.312
2122,Shady Cove,2026,11,12.338
2122,Shady Cove,2026,12,14.013
2123,Shadyside,2025,12,43.578
2123,Shadyside,2026,1,41.293
2123,Shadyside,2026,2,36.953
2123,Shadyside,2026,3,30.436
2123,Shadyside,2026,4,24.45
2123,Shadyside,2026,5,20.549
2123,Shadyside,2026,6,22.85
2123,Shadyside,2026,7,24.339
2123,Shadyside,2026,8,26.118
2123,Shadyside,2026,9,24.233
2123,Shadyside,2026,10,21.951
2123,Shadyside,2026,11,28.928
2124,Shafter,2026,1,34.248
2124,Shafter,2026,2,33.61
2124,Shafter,2026,3,31.452
2124,Shafter,2026,4,26.952
2124,Shafter,2026,5,22.393
2124,Shafter,2026,6,25.73
2124,Shafter,2026,7,27.407
2124,Shafter,2026,8,29.789
2124,Shafter,2026,9,27.698
2124,Shafter,2026,10,25.434
2124,Shafter,2026,11,33.305
2124,Shafter,2026,12,38.312
2125,Shakopee,2026,1,32.422
2125,Shakopee,2026,2,29.763
2125,Shakopee,2026,3,25.109
2125,Shakopee,2026,4,20.957
2125,Shakopee,2026,5,17.244
2125,Shakopee,2026,6,19.532
2125,Shakopee,2026,7,20.943
2125,Shakopee,2026,8,22.621
2125,Shakopee,2026,9,20.501
2125,Shakopee,2026,10,18.349
2125,Shakopee,2026,11,24.03
2125,Shakopee,2026,12,27.917
2126,Shanghai,2026,1,119.674
2126,Shanghai,2026,2,107.933
2126,Shanghai,2026,3,92.543
2126,Shanghai,2026,4,81.122
2126,Shanghai,2026,5,73.663
2126,Shanghai,2026,6,74.637
2126,Shanghai,2026,7,77.218
2126,Shanghai,2026,8,80.217
2126,Shanghai,2026,9,77.023
2126,Shanghai,2026,10,76.834
2126,Shanghai,2026,11,90.911
2126,Shanghai,2026,12,105.476
2128,Shasta Lake,2026,1,30.378
2128,Shasta Lake,2026,2,27.787
2128,Shasta Lake,2026,3,23.027
2128,Shasta Lake,2026,4,19.76
2128,Shasta Lake,2026,5,16.712
2128,Shasta Lake,2026,6,18.446
2128,Shasta Lake,2026,7,19.59
2128,Shasta Lake,2026,8,21.233
2128,Shasta Lake,2026,9,19.523
2128,Shasta Lake,2026,10,17.672
2128,Shasta Lake,2026,11,22.921
2128,Shasta Lake,2026,12,25.179
2129,Sheboygan,2026,1,34.248
2129,Sheboygan,2026,2,33.665
2129,Sheboygan,2026,3,31.444
2129,Sheboygan,2026,4,26.952
2129,Sheboygan,2026,5,22.385
2129,Sheboygan,2026,6,25.335
2129,Sheboygan,2026,7,27.407
2129,Sheboygan,2026,8,29.831
2129,Sheboygan,2026,9,27.698
2129,Sheboygan,2026,10,24.86
2129,Sheboygan,2026,11,32.831
2129,Sheboygan,2026,12,37.275
2130,"Sheboygan, WI",2026,1,33.823
2130,"Sheboygan, WI",2026,2,32.398
2130,"Sheboygan, WI",2026,3,28.923
2130,"Sheboygan, WI",2026,4,23.32
2130,"Sheboygan, WI",2026,5,20.225
2130,"Sheboygan, WI",2026,6,22.278
2130,"Sheboygan, WI",2026,7,24.371
2130,"Sheboygan, WI",2026,8,25.986
2130,"Sheboygan, WI",2026,9,23.224
2130,"Sheboygan, WI",2026,10,21.349
2130,"Sheboygan, WI",2026,11,26.854
2130,"Sheboygan, WI",2026,12,31.415
2131,Sheffield,2026,1,36.49
2131,Sheffield,2026,2,32.736
2131,Sheffield,2026,3,27.542
2131,Sheffield,2026,4,22.327
2131,Sheffield,2026,5,19.704
2131,Sheffield,2026,6,21.27
2131,Sheffield,2026,7,23.332
2131,Sheffield,2026,8,25.304
2131,Sheffield,2026,9,22.771
2131,Sheffield,2026,10,20.41
2131,Sheffield,2026,11,26.149
2131,Sheffield,2026,12,31.055
2132,Shelton,2026,1,25.024
2132,Shelton,2026,2,22.913
2132,Shelton,2026,3,18.878
2132,Shelton,2026,4,15.243
2132,Shelton,2026,5,13.496
2132,Shelton,2026,6,14.996
2132,Shelton,2026,7,15.823
2132,Shelton,2026,8,16.677
2132,Shelton,2026,9,14.543
2132,Shelton,2026,10,12.834
2132,Shelton,2026,11,16.201
2132,Shelton,2026,12,18.706
2134,Shenyang,2026,1,136.979
2134,Shenyang,2026,2,131.604
2134,Shenyang,2026,3,112.623
2134,Shenyang,2026,4,96.525
2134,Shenyang,2026,5,86.125
2134,Shenyang,2026,6,89.454
2134,Shenyang,2026,7,93.935
2134,Shenyang,2026,8,98.585
2134,Shenyang,2026,9,92.891
2134,Shenyang,2026,10,85.583
2134,Shenyang,2026,11,108.495
2134,Shenyang,2026,12,126.047
2135,Shenzhen,2026,1,119.674
2135,Shenzhen,2026,2,107.933
2135,Shenzhen,2026,3,92.543
2135,Shenzhen,2026,4,81.122
2135,Shenzhen,2026,5,73.663
2135,Shenzhen,2026,6,74.637
2135,Shenzhen,2026,7,77.218
2135,Shenzhen,2026,8,80.217
2135,Shenzhen,2026,9,77.023
2135,Shenzhen,2026,10,76.834
2135,Shenzhen,2026,11,90.911
2135,Shenzhen,2026,12,105.476
2137,Shepherdsville,2026,1,55.174
2137,Shepherdsville,2026,2,52.507
2137,Shepherdsville,2026,3,46.048
2137,Shepherdsville,2026,4,38.044
2137,Shepherdsville,2026,5,34.582
2137,Shepherdsville,2026,6,34.717
2137,Shepherdsville,2026,7,34.524
2137,Shepherdsville,2026,8,34.785
2137,Shepherdsville,2026,9,32.792
2137,Shepherdsville,2026,10,30.408
2137,Shepherdsville,2026,11,38.448
2137,Shepherdsville,2026,12,43.846
2138,Sheridan,2026,1,17.213
2138,Sheridan,2026,2,15.476
2138,Sheridan,2026,3,13.044
2138,Sheridan,2026,4,11.003
2138,Sheridan,2026,5,9.763
2138,Sheridan,2026,6,10.48
2138,Sheridan,2026,7,11.333
2138,Sheridan,2026,8,12.344
2138,Sheridan,2026,9,10.598
2138,Sheridan,2026,10,9.054
2138,Sheridan,2026,11,12.077
2138,Sheridan,2026,12,14.013
2139,"Sheridan, WY",2025,1,34.06
2139,"Sheridan, WY",2025,2,33.709
2139,"Sheridan, WY",2025,3,31.299
2139,"Sheridan, WY",2025,4,27.19
2139,"Sheridan, WY",2025,5,23.446
2139,"Sheridan, WY",2025,6,25.76
2139,"Sheridan, WY",2025,7,27.467
2139,"Sheridan, WY",2025,8,29.831
2139,"Sheridan, WY",2025,9,27.473
2139,"Sheridan, WY",2025,10,24.708
2139,"Sheridan, WY",2025,11,32.757
2139,"Sheridan, WY",2025,12,37.275
2140,Shillong,2025,11,24.515
2140,Shillong,2025,12,31.244
2140,Shillong,2026,1,42.242
2140,Shillong,2026,2,54.762
2140,Shillong,2026,3,52.199
2140,Shillong,2026,4,50.063
2140,Shillong,2026,5,47.74
2140,Shillong,2026,6,49.002
2140,Shillong,2026,7,47.909
2140,Shillong,2026,8,48.791
2140,Shillong,2026,9,47.697
2140,Shillong,2026,10,60.687
2141,Shimla,2016,1,88.417
2141,Shimla,2016,2,90.266
2141,Shimla,2016,3,88.274
2141,Shimla,2016,4,83.206
2141,Shimla,2016,5,81.823
2141,Shimla,2016,6,80.798
2141,Shimla,2016,7,78.845
2141,Shimla,2016,8,81.387
2141,Shimla,2016,9,80.929
2141,Shimla,2016,10,88.168
2141,Shimla,2016,11,103.151
2141,Shimla,2016,12,113.776
2142,Shiprock,2026,1,43.929
2142,Shiprock,2026,2,39.96
2142,Shiprock,2026,3,33.378
2142,Shiprock,2026,4,28.593
2142,Shiprock,2026,5,24.433
2142,Shiprock,2026,6,26.756
2142,Shiprock,2026,7,29.112
2142,Shiprock,2026,8,31.654
2142,Shiprock,2026,9,29.22
2142,Shiprock,2026,10,26.597
2142,Shiprock,2026,11,34.725
2142,Shiprock,2026,12,37.88
2143,Shivamogga,2025,11,61.398
2143,Shivamogga,2025,12,63.927
2143,Shivamogga,2026,1,67.537
2143,Shivamogga,2026,2,69.055
2143,Shivamogga,2026,3,66.128
2143,Shivamogga,2026,4,63.148
2143,Shivamogga,2026,5,60.501
2143,Shivamogga,2026,6,56.903
2143,Shivamogga,2026,7,53.527
2143,Shivamogga,2026,8,53.326
2143,Shivamogga,2026,9,55.401
2143,Shivamogga,2026,10,75.345
2145,"Show Low, AZ",2026,1,16.023
2145,"Show Low, AZ",2026,2,14.472
2145,"Show Low, AZ",2026,3,11.728
2145,"Show Low, AZ",2026,4,9.527
2145,"Show Low, AZ",2026,5,8.168
2145,"Show Low, AZ",2026,6,9.314
2145,"Show Low, AZ",2026,7,10.279
2145,"Show Low, AZ",2026,8,11.444
2145,"Show Low, AZ",2026,9,9.846
2145,"Show Low, AZ",2026,10,8.19
2145,"Show Low, AZ",2026,11,10.896
2145,"Show Low, AZ",2026,12,11.993
2146,Shreveport,2026,1,41.676
2146,Shreveport,2026,2,37.241
2146,Shreveport,2026,3,30.954
2146,Shreveport,2026,4,24.369
2146,Shreveport,2026,5,20.866
2146,Shreveport,2026,6,22.757
2146,Shreveport,2026,7,24.552
2146,Shreveport,2026,8,26.024
2146,Shreveport,2026,9,24.428
2146,Shreveport,2026,10,21.833
2146,Shreveport,2026,11,29.136
2146,Shreveport,2026,12,33.828
2147,"Shreveport-Bossier City, LA",2026,1,34.065
2147,"Shreveport-Bossier City, LA",2026,2,33.654
2147,"Shreveport-Bossier City, LA",2026,3,31.419
2147,"Shreveport-Bossier City, LA",2026,4,26.966
2147,"Shreveport-Bossier City, LA",2026,5,22.353
2147,"Shreveport-Bossier City, LA",2026,6,25.703
2147,"Shreveport-Bossier City, LA",2026,7,27.407
2147,"Shreveport-Bossier City, LA",2026,8,29.789
2147,"Shreveport-Bossier City, LA",2026,9,27.698
2147,"Shreveport-Bossier City, LA",2026,10,25.434
2147,"Shreveport-Bossier City, LA",2026,11,33.294
2147,"Shreveport-Bossier City, LA",2026,12,38.312
2148,"Sierra Vista-Douglas, AZ",2025,12,22.49
2148,"Sierra Vista-Douglas, AZ",2026,1,22.608
2148,"Sierra Vista-Douglas, AZ",2026,2,19.842
2148,"Sierra Vista-Douglas, AZ",2026,3,16.707
2148,"Sierra Vista-Douglas, AZ",2026,4,13.779
2148,"Sierra Vista-Douglas, AZ",2026,5,11.415
2148,"Sierra Vista-Douglas, AZ",2026,6,13.017
2148,"Sierra Vista-Douglas, AZ",2026,7,14.08
2148,"Sierra Vista-Douglas, AZ",2026,8,15.715
2148,"Sierra Vista-Douglas, AZ",2026,9,13.767
2148,"Sierra Vista-Douglas, AZ",2026,10,12.098
2148,"Sierra Vista-Douglas, AZ",2026,11,16.115
2150,Silchar,2025,11,59.179
2150,Silchar,2025,12,63.501
2150,Silchar,2026,1,67.273
2150,Silchar,2026,2,67.337
2150,Silchar,2026,3,62.766
2150,Silchar,2026,4,60.32
2150,Silchar,2026,5,57.894
2150,Silchar,2026,6,55.897
2150,Silchar,2026,7,52.109
2150,Silchar,2026,8,53.455
2150,Silchar,2026,9,54.54
2150,Silchar,2026,10,70.441
2151,Siliguri,2025,11,107.226
2151,Siliguri,2025,12,117.484
2151,Siliguri,2026,1,133.252
2151,Siliguri,2026,2,120.852
2151,Siliguri,2026,3,109.923
2151,Siliguri,2026,4,100.478
2151,Siliguri,2026,5,94.924
2151,Siliguri,2026,6,82.159
2151,Siliguri,2026,7,71.946
2151,Siliguri,2026,8,70.029
2151,Siliguri,2026,9,69.166
2151,Siliguri,2026,10,108.879
2155,Silver Bay,2020,1,31.444
2155,Silver Bay,2020,2,29.787
2155,Silver Bay,2020,3,25.515
2155,Silver Bay,2020,4,20.971
2155,Silver Bay,2020,5,17.643
2155,Silver Bay,2020,6,19.844
2155,Silver Bay,2020,7,21.047
2155,Silver Bay,2020,8,23.243
2155,Silver Bay,2020,9,21.141
2155,Silver Bay,2020,10,19.183
2155,Silver Bay,2020,11,25.371
2155,Silver Bay,2020,12,29.165
2156,Silver City,2012,1,27.406
2156,Silver City,2012,2,25.867
2156,Silver City,2012,3,21.711
2156,Silver City,2012,4,17.662
2156,Silver City,2012,5,15.368
2156,Silver City,2012,6,17.19
2156,Silver City,2012,7,18.701
2156,Silver City,2012,8,20.11
2156,Silver City,2012,9,18.684
2156,Silver City,2012,10,17.046
2156,Silver City,2012,11,22.549
2156,Silver City,2012,12,25.22
2158,Silverton,2026,1,23.799
2158,Silverton,2026,2,20.98
2158,Silverton,2026,3,16.945
2158,Silverton,2026,4,13.69
2158,Silverton,2026,5,12.241
2158,Silverton,2026,6,13.457
2158,Silverton,2026,7,14.299
2158,Silverton,2026,8,15.734
2158,Silverton,2026,9,13.92
2158,Silverton,2026,10,12.18
2158,Silverton,2026,11,15.65
2158,Silverton,2026,12,18.01
2159,Simi Valley,2026,1,38.625
2159,Simi Valley,2026,2,34.874
2159,Simi Valley,2026,3,30.471
2159,Simi Valley,2026,4,26.287
2159,Simi Valley,2026,5,22.39
2159,Simi Valley,2026,6,25.703
2159,Simi Valley,2026,7,27.407
2159,Simi Valley,2026,8,29.789
2159,Simi Valley,2026,9,27.698
2159,Simi Valley,2026,10,25.434
2159,Simi Valley,2026,11,33.305
2159,Simi Valley,2026,12,38.312
2160,Simpsonville,2026,1,41.342
2160,Simpsonville,2026,2,36.953
2160,Simpsonville,2026,3,30.436
2160,Simpsonville,2026,4,24.45
2160,Simpsonville,2026,5,20.783
2160,Simpsonville,2026,6,22.842
2160,Simpsonville,2026,7,24.552
2160,Simpsonville,2026,8,26.118
2160,Simpsonville,2026,9,24.428
2160,Simpsonville,2026,10,21.931
2160,Simpsonville,2026,11,28.928
2160,Simpsonville,2026,12,32.834
2161,Sinclair,2026,1,16.913
2161,Sinclair,2026,2,14.225
2161,Sinclair,2026,3,12.048
2161,Sinclair,2026,4,10.016
2161,Sinclair,2026,5,9.161
2161,Sinclair,2026,6,10.639
2161,Sinclair,2026,7,11.509
2161,Sinclair,2026,8,12.325
2161,Sinclair,2026,9,10.524
2161,Sinclair,2026,10,9.312
2161,Sinclair,2026,11,12.357
2161,Sinclair,2026,12,14.013
2162,Singapore,2026,1,67.417
2162,Singapore,2026,2,68.371
2162,Singapore,2026,3,63.935
2162,Singapore,2026,4,61.501
2162,Singapore,2026,5,59.697
2162,Singapore,2026,6,57.909
2162,Singapore,2026,7,54.474
2162,Singapore,2026,8,54.175
2162,Singapore,2026,9,54.292
2162,Singapore,2026,10,73.421
2162,Singapore,2026,11,83.212
2162,Singapore,2026,12,90.388
2163,Singrauli,2025,11,147.504
2163,Singrauli,2025,12,144.011
2163,Singrauli,2026,1,151.763
2163,Singrauli,2026,2,136.602
2163,Singrauli,2026,3,127.712
2163,Singrauli,2026,4,120.242
2163,Singrauli,2026,5,109.67
2163,Singrauli,2026,6,96.697
2163,Singrauli,2026,7,81.737
2163,Singrauli,2026,8,85.61
2163,Singrauli,2026,9,83.557
2163,Singrauli,2026,10,95.712
2165,Sioux City,2026,1,40.503
2165,Sioux City,2026,2,36.015
2165,Sioux City,2026,3,30.592
2165,Sioux City,2026,4,24.47
2165,Sioux City,2026,5,20.549
2165,Sioux City,2026,6,22.85
2165,Sioux City,2026,7,24.448
2165,Sioux City,2026,8,26.118
2165,Sioux City,2026,9,24.428
2165,Sioux City,2026,10,21.951
2165,Sioux City,2026,11,28.806
2165,Sioux City,2026,12,32.834
2166,"Sioux City, IA-NE-SD",2020,1,31.622
2166,"Sioux City, IA-NE-SD",2020,2,29.702
2166,"Sioux City, IA-NE-SD",2020,3,25.367
2166,"Sioux City, IA-NE-SD",2020,4,21.015
2166,"Sioux City, IA-NE-SD",2020,5,18.308
2166,"Sioux City, IA-NE-SD",2020,6,20.485
2166,"Sioux City, IA-NE-SD",2020,7,22.549
2166,"Sioux City, IA-NE-SD",2020,8,24.246
2166,"Sioux City, IA-NE-SD",2020,9,21.541
2166,"Sioux City, IA-NE-SD",2020,10,19.853
2166,"Sioux City, IA-NE-SD",2020,11,25.402
2166,"Sioux City, IA-NE-SD",2020,12,29.165
2167,Sioux Falls,2026,1,34.124
2167,Sioux Falls,2026,2,31.842
2167,Sioux Falls,2026,3,28.126
2167,Sioux Falls,2026,4,23.377
2167,Sioux Falls,2026,5,20.494
2167,Sioux Falls,2026,6,22.645
2167,Sioux Falls,2026,7,24.448
2167,Sioux Falls,2026,8,26.118
2167,Sioux Falls,2026,9,24.5
2167,Sioux Falls,2026,10,22.039
2167,Sioux Falls,2026,11,28.893
2167,Sioux Falls,2026,12,32.834
2171,Sisters,2020,1,28.586
2171,Sisters,2020,2,26.093
2171,Sisters,2020,3,22.07
2171,Sisters,2020,4,18.798
2171,Sisters,2020,5,16.093
2171,Sisters,2020,6,18.41
2171,Sisters,2020,7,19.485
2171,Sisters,2020,8,21.233
2171,Sisters,2020,9,19.595
2171,Sisters,2020,10,17.571
2171,Sisters,2020,11,22.591
2171,Sisters,2020,12,25.179
2173,Sivasagar,2025,11,52.719
2173,Sivasagar,2025,12,60.498
2173,Sivasagar,2026,1,62.245
2173,Sivasagar,2026,2,64.304
2173,Sivasagar,2026,3,60.716
2173,Sivasagar,2026,4,58.445
2173,Sivasagar,2026,5,57.087
2173,Sivasagar,2026,6,57.219
2173,Sivasagar,2026,7,54.072
2173,Sivasagar,2026,8,53.669
2173,Sivasagar,2026,9,53.623
2173,Sivasagar,2026,10,72.715
2175,Skiatook,2026,1,33.827
2175,Skiatook,2026,2,32.398
2175,Skiatook,2026,3,29.355
2175,Skiatook,2026,4,25.141
2175,Skiatook,2026,5,21.925
2175,Skiatook,2026,6,24.127
2175,Skiatook,2026,7,26.13
2175,Skiatook,2026,8,28.916
2175,Skiatook,2026,9,26.298
2175,Skiatook,2026,10,25.071
2175,Skiatook,2026,11,32.482
2175,Skiatook,2026,12,37.507
2177,Slater,2017,1,34.867
2177,Slater,2017,2,34.174
2177,Slater,2017,3,33.564
2177,Slater,2017,4,31.12
2177,Slater,2017,5,27.99
2177,Slater,2017,6,30.763
2177,Slater,2017,7,33.033
2177,Slater,2017,8,35.006
2177,Slater,2017,9,33.06
2177,Slater,2017,10,31.948
2177,Slater,2017,11,38.993
2177,Slater,2017,12,43.65
2178,Slinger,2010,1,34.681
2178,Slinger,2010,2,33.656
2178,Slinger,2010,3,31.619
2178,Slinger,2010,4,27.079
2178,Slinger,2010,5,23.075
2178,Slinger,2010,6,25.769
2178,Slinger,2010,7,27.529
2178,Slinger,2010,8,30.018
2178,Slinger,2010,9,28.621
2178,Slinger,2010,10,25.684
2178,Slinger,2010,11,33.795
2178,Slinger,2010,12,38.407
2179,Smithfield,2026,1,32.265
2179,Smithfield,2026,2,30.903
2179,Smithfield,2026,3,26.216
2179,Smithfield,2026,4,21.698
2179,Smithfield,2026,5,18.485
2179,Smithfield,2026,6,20.579
2179,Smithfield,2026,7,22.461
2179,Smithfield,2026,8,24.339
2179,Smithfield,2026,9,21.648
2179,Smithfield,2026,10,19.853
2179,Smithfield,2026,11,24.928
2179,Smithfield,2026,12,28.239
2180,Smithland,2020,1,32.251
2180,Smithland,2020,2,30.793
2180,Smithland,2020,3,26.454
2180,Smithland,2020,4,21.654
2180,Smithland,2020,5,18.556
2180,Smithland,2020,6,20.485
2180,Smithland,2020,7,22.455
2180,Smithland,2020,8,24.265
2180,Smithland,2020,9,21.541
2180,Smithland,2020,10,19.853
2180,Smithland,2020,11,25.36
2180,Smithland,2020,12,29.165
2181,Smiths Grove,2026,1,34.19
2181,Smiths Grove,2026,2,32.332
2181,Smiths Grove,2026,3,29.013
2181,Smiths Grove,2026,4,24.847
2181,Smiths Grove,2026,5,20.874
2181,Smiths Grove,2026,6,23.576
2181,Smiths Grove,2026,7,25.39
2181,Smiths Grove,2026,8,27.378
2181,Smiths Grove,2026,9,25.067
2181,Smiths Grove,2026,10,23.798
2181,Smiths Grove,2026,11,29.928
2181,Smiths Grove,2026,12,34.526
2182,Snoqualmie Pass,2026,1,8.679
2182,Snoqualmie Pass,2026,2,7.364
2182,Snoqualmie Pass,2026,3,7.059
2182,Snoqualmie Pass,2026,4,6.138
2182,Snoqualmie Pass,2026,5,5.231
2182,Snoqualmie Pass,2026,6,6.423
2182,Snoqualmie Pass,2026,7,6.403
2182,Snoqualmie Pass,2026,8,6.515
2182,Snoqualmie Pass,2026,9,4.143
2182,Snoqualmie Pass,2026,10,4.457
2182,Snoqualmie Pass,2026,11,7.534
2182,Snoqualmie Pass,2026,12,8.422
2183,Socorro,2026,1,14.46
2183,Socorro,2026,2,12.4
2183,Socorro,2026,3,10.607
2183,Socorro,2026,4,8.604
2183,Socorro,2026,5,7.287
2183,Socorro,2026,6,8.585
2183,Socorro,2026,7,9.219
2183,Socorro,2026,8,10.38
2183,Socorro,2026,9,9.032
2183,Socorro,2026,10,8.092
2183,Socorro,2026,11,11.071
2183,Socorro,2026,12,13.02
2184,Soda Springs,2026,1,38.662
2184,Soda Springs,2026,2,34.752
2184,Soda Springs,2026,3,30.445
2184,Soda Springs,2026,4,26.331
2184,Soda Springs,2026,5,22.264
2184,Soda Springs,2026,6,25.658
2184,Soda Springs,2026,7,27.407
2184,Soda Springs,2026,8,29.751
2184,Soda Springs,2026,9,27.698
2184,Soda Springs,2026,10,25.434
2184,Soda Springs,2026,11,33.337
2184,Soda Springs,2026,12,38.312
2185,Soddy-Daisy,2026,1,44.45
2185,Soddy-Daisy,2026,2,41.823
2185,Soddy-Daisy,2026,3,35.18
2185,Soddy-Daisy,2026,4,29.69
2185,Soddy-Daisy,2026,5,25.039
2185,Soddy-Daisy,2026,6,28.733
2185,Soddy-Daisy,2026,7,30.836
2185,Soddy-Daisy,2026,8,32.655
2185,Soddy-Daisy,2026,9,30.06
2185,Soddy-Daisy,2026,10,28.864
2185,Soddy-Daisy,2026,11,36.019
2185,Soddy-Daisy,2026,12,41.782
2186,Solapur,2025,11,74.789
2186,Solapur,2025,12,76.845
2186,Solapur,2026,1,79.193
2186,Solapur,2026,2,79.973
2186,Solapur,2026,3,73.247
2186,Solapur,2026,4,70.348
2186,Solapur,2026,5,65.51
2186,Solapur,2026,6,66.135
2186,Solapur,2026,7,61.513
2186,Solapur,2026,8,60.641
2186,Solapur,2026,9,59.633
2186,Solapur,2026,10,79.698
2188,Somerset,2026,1,34.13
2188,Somerset,2026,2,31.754
2188,Somerset,2026,3,28.119
2188,Somerset,2026,4,23.262
2188,Somerset,2026,5,20.572
2188,Somerset,2026,6,22.557
2188,Somerset,2026,7,24.448
2188,Somerset,2026,8,26.118
2188,Somerset,2026,9,24.473
2188,Somerset,2026,10,21.951
2188,Somerset,2026,11,28.806
2188,Somerset,2026,12,32.834
2189,"Somerset, PA",2026,1,34.065
2189,"Somerset, PA",2026,2,33.84
2189,"Somerset, PA",2026,3,31.371
2189,"Somerset, PA",2026,4,27.01
2189,"Somerset, PA",2026,5,22.777
2189,"Somerset, PA",2026,6,26.005
2189,"Somerset, PA",2026,7,28.187
2189,"Somerset, PA",2026,8,30.999
2189,"Somerset, PA",2026,9,28.705
2189,"Somerset, PA",2026,10,26.62
2189,"Somerset, PA",2026,11,34.522
2189,"Somerset, PA",2026,12,37.88
2190,Sonipat,2025,11,228.033
2190,Sonipat,2025,12,199.493
2190,Sonipat,2026,1,205.091
2190,Sonipat,2026,2,178.361
2190,Sonipat,2026,3,142.192
2190,Sonipat,2026,4,146.452
2190,Sonipat,2026,5,132.778
2190,Sonipat,2026,6,112.233
2190,Sonipat,2026,7,89.171
2190,Sonipat,2026,8,88.682
2190,Sonipat,2026,9,87.243
2190,Sonipat,2026,10,108.15
2191,SONORA,2026,1,34.06
2191,SONORA,2026,2,33.466
2191,SONORA,2026,3,31.389
2191,SONORA,2026,4,26.972
2191,SONORA,2026,5,22.559
2191,SONORA,2026,6,24.84
2191,SONORA,2026,7,26.207
2191,SONORA,2026,8,29.023
2191,SONORA,2026,9,27.027
2191,SONORA,2026,10,24.708
2191,SONORA,2026,11,32.757
2191,SONORA,2026,12,37.275
2192,South Bend,2026,1,42.924
2192,South Bend,2026,2,40.046
2192,South Bend,2026,3,35.389
2192,South Bend,2026,4,30.392
2192,South Bend,2026,5,26.238
2192,South Bend,2026,6,29.577
2192,South Bend,2026,7,31.878
2192,South Bend,2026,8,33.3
2192,South Bend,2026,9,31.254
2192,South Bend,2026,10,29.453
2192,South Bend,2026,11,37.568
2192,South Bend,2026,12,43.072
2193,"South Bend-Mishawaka, IN-MI",2026,1,33.827
2193,"South Bend-Mishawaka, IN-MI",2026,2,32.443
2193,"South Bend-Mishawaka, IN-MI",2026,3,29.355
2193,"South Bend-Mishawaka, IN-MI",2026,4,25.141
2193,"South Bend-Mishawaka, IN-MI",2026,5,21.925
2193,"South Bend-Mishawaka, IN-MI",2026,6,23.851
2193,"South Bend-Mishawaka, IN-MI",2026,7,25.316
2193,"South Bend-Mishawaka, IN-MI",2026,8,27.219
2193,"South Bend-Mishawaka, IN-MI",2026,9,24.978
2193,"South Bend-Mishawaka, IN-MI",2026,10,22.974
2193,"South Bend-Mishawaka, IN-MI",2026,11,28.955
2193,"South Bend-Mishawaka, IN-MI",2026,12,32.841
2194,South Charleston,2026,1,38.208
2194,South Charleston,2026,2,34.874
2194,South Charleston,2026,3,30.445
2194,South Charleston,2026,4,26.287
2194,South Charleston,2026,5,22.264
2194,South Charleston,2026,6,25.658
2194,South Charleston,2026,7,27.407
2194,South Charleston,2026,8,29.789
2194,South Charleston,2026,9,27.698
2194,South Charleston,2026,10,25.434
2194,South Charleston,2026,11,33.337
2194,South Charleston,2026,12,38.312
2196,South Hill,2020,1,33.505
2196,South Hill,2020,2,32.054
2196,South Hill,2020,3,29.149
2196,South Hill,2020,4,24.832
2196,South Hill,2020,5,20.972
2196,South Hill,2020,6,23.059
2196,South Hill,2020,7,25.39
2196,South Hill,2020,8,27.284
2196,South Hill,2020,9,25.067
2196,South Hill,2020,10,23.266
2196,South Hill,2020,11,30.017
2196,South Hill,2020,12,35.689
2197,South Lake Tahoe,2026,1,13.98
2197,South Lake Tahoe,2026,2,11.852
2197,South Lake Tahoe,2026,3,10.078
2197,South Lake Tahoe,2026,4,8.439
2197,South Lake Tahoe,2026,5,7.392
2197,South Lake Tahoe,2026,6,8.578
2197,South Lake Tahoe,2026,7,9.131
2197,South Lake Tahoe,2026,8,10.36
2197,South Lake Tahoe,2026,9,8.944
2197,South Lake Tahoe,2026,10,7.424
2197,South Lake Tahoe,2026,11,10.074
2197,South Lake Tahoe,2026,12,11.743
2198,South Padre Island,2026,1,55.306
2198,South Padre Island,2026,2,52.373
2198,South Padre Island,2026,3,46.201
2198,South Padre Island,2026,4,37.896
2198,South Padre Island,2026,5,31.996
2198,South Padre Island,2026,6,34.102
2198,South Padre Island,2026,7,35.897
2198,South Padre Island,2026,8,36.85
2198,South Padre Island,2026,9,35.156
2198,South Padre Island,2026,10,33.38
2198,South Padre Island,2026,11,40.325
2198,South Padre Island,2026,12,45.23
2199,South Roxana,2017,1,35.185
2199,South Roxana,2017,2,34.124
2199,South Roxana,2017,3,31.263
2199,South Roxana,2017,4,27.413
2199,South Roxana,2017,5,23.09
2199,South Roxana,2017,6,26.439
2199,South Roxana,2017,7,28.563
2199,South Roxana,2017,8,31.144
2199,South Roxana,2017,9,29.502
2199,South Roxana,2017,10,27.362
2199,South Roxana,2017,11,35.367
2199,South Roxana,2017,12,40.611
2200,South Tucson,2026,1,66.598
2200,South Tucson,2026,2,61.581
2200,South Tucson,2026,3,56.526
2200,South Tucson,2026,4,50.984
2200,South Tucson,2026,5,45.179
2200,South Tucson,2026,6,46.096
2200,South Tucson,2026,7,47.886
2200,South Tucson,2026,8,49.323
2200,South Tucson,2026,9,46.839
2200,South Tucson,2026,10,42.66
2200,South Tucson,2026,11,50.528
2200,South Tucson,2026,12,53.105
2201,South Valley,2026,1,40.448
2201,South Valley,2026,2,36.868
2201,South Valley,2026,3,30.684
2201,South Valley,2026,4,24.688
2201,South Valley,2026,5,21.09
2201,South Valley,2026,6,23.494
2201,South Valley,2026,7,25.393
2201,South Valley,2026,8,27.378
2201,South Valley,2026,9,25.139
2201,South Valley,2026,10,23.072
2201,South Valley,2026,11,29.687
2201,South Valley,2026,12,34.526
2202,Southglenn,2026,1,34.248
2202,Southglenn,2026,2,33.61
2202,Southglenn,2026,3,31.444
2202,Southglenn,2026,4,26.952
2202,Southglenn,2026,5,22.385
2202,Southglenn,2026,6,25.468
2202,Southglenn,2026,7,27.407
2202,Southglenn,2026,8,29.789
2202,Southglenn,2026,9,27.698
2202,Southglenn,2026,10,25.21
2202,Southglenn,2026,11,33.305
2202,Southglenn,2026,12,38.312
2204,Southside,2020,1,34.065
2204,Southside,2020,2,33.697
2204,Southside,2020,3,31.201
2204,Southside,2020,4,27.01
2204,Southside,2020,5,22.845
2204,Southside,2020,6,25.862
2204,Southside,2020,7,27.225
2204,Southside,2020,8,29.751
2204,Southside,2020,9,27.61
2204,Southside,2020,10,25.434
2204,Southside,2020,11,33.337
2204,Southside,2020,12,38.312
2205,Spanish Fork,2026,1,35.858
2205,Spanish Fork,2026,2,31.565
2205,Spanish Fork,2026,3,26.56
2205,Spanish Fork,2026,4,21.697
2205,Spanish Fork,2026,5,18.696
2205,Spanish Fork,2026,6,20.636
2205,Spanish Fork,2026,7,22.406
2205,Spanish Fork,2026,8,24.377
2205,Spanish Fork,2026,9,21.847
2205,Spanish Fork,2026,10,19.472
2205,Spanish Fork,2026,11,25.145
2205,Spanish Fork,2026,12,29.165
2206,Sparks,2026,1,34.218
2206,Sparks,2026,2,33.466
2206,Sparks,2026,3,31.461
2206,Sparks,2026,4,26.952
2206,Sparks,2026,5,22.302
2206,Sparks,2026,6,24.821
2206,Sparks,2026,7,26.098
2206,Sparks,2026,8,29.023
2206,Sparks,2026,9,27.027
2206,Sparks,2026,10,24.699
2206,Sparks,2026,11,32.879
2206,Sparks,2026,12,37.275
2207,Spartanburg,2026,1,44.304
2207,Spartanburg,2026,2,40.376
2207,Spartanburg,2026,3,34.456
2207,Spartanburg,2026,4,29.603
2207,Spartanburg,2026,5,26.544
2207,Spartanburg,2026,6,28.601
2207,Spartanburg,2026,7,31.347
2207,Spartanburg,2026,8,33.505
2207,Spartanburg,2026,9,31.127
2207,Spartanburg,2026,10,28.401
2207,Spartanburg,2026,11,37.266
2207,Spartanburg,2026,12,43.072
2208,"Spartanburg, SC",2026,1,50.142
2208,"Spartanburg, SC",2026,2,46.472
2208,"Spartanburg, SC",2026,3,38.827
2208,"Spartanburg, SC",2026,4,31.644
2208,"Spartanburg, SC",2026,5,27.38
2208,"Spartanburg, SC",2026,6,29.475
2208,"Spartanburg, SC",2026,7,31.93
2208,"Spartanburg, SC",2026,8,33.505
2208,"Spartanburg, SC",2026,9,31.045
2208,"Spartanburg, SC",2026,10,28.401
2208,"Spartanburg, SC",2026,11,37.266
2208,"Spartanburg, SC",2026,12,43.072
2210,Spokane,2026,1,33.147
2210,Spokane,2026,2,31.935
2210,Spokane,2026,3,27.702
2210,Spokane,2026,4,22.327
2210,Spokane,2026,5,19.983
2210,Spokane,2026,6,21.27
2210,Spokane,2026,7,23.332
2210,Spokane,2026,8,25.304
2210,Spokane,2026,9,22.817
2210,Spokane,2026,10,20.41
2210,Spokane,2026,11,26.149
2210,Spokane,2026,12,31.055
2211,"Spokane-Spokane Valley, WA",2026,1,32.422
2211,"Spokane-Spokane Valley, WA",2026,2,29.763
2211,"Spokane-Spokane Valley, WA",2026,3,25.109
2211,"Spokane-Spokane Valley, WA",2026,4,20.957
2211,"Spokane-Spokane Valley, WA",2026,5,17.244
2211,"Spokane-Spokane Valley, WA",2026,6,19.532
2211,"Spokane-Spokane Valley, WA",2026,7,20.943
2211,"Spokane-Spokane Valley, WA",2026,8,22.621
2211,"Spokane-Spokane Valley, WA",2026,9,20.501
2211,"Spokane-Spokane Valley, WA",2026,10,18.349
2211,"Spokane-Spokane Valley, WA",2026,11,23.908
2211,"Spokane-Spokane Valley, WA",2026,12,26.878
2213,Spring Valley,2026,1,27.691
2213,Spring Valley,2026,2,25.041
2213,Spring Valley,2026,3,21.597
2213,Spring Valley,2026,4,17.61
2213,Spring Valley,2026,5,15.088
2213,Spring Valley,2026,6,17.015
2213,Spring Valley,2026,7,18.61
2213,Spring Valley,2026,8,20.109
2213,Spring Valley,2026,9,18.789
2213,Spring Valley,2026,10,16.908
2213,Spring Valley,2026,11,21.514
2213,Spring Valley,2026,12,23.552
2214,Springdale,2026,1,45.255
2214,Springdale,2026,2,41.83
2214,Springdale,2026,3,34.719
2214,Springdale,2026,4,29.331
2214,Springdale,2026,5,26.723
2214,Springdale,2026,6,28.719
2214,Springdale,2026,7,31.347
2214,Springdale,2026,8,33.505
2214,Springdale,2026,9,31.072
2214,Springdale,2026,10,28.489
2214,Springdale,2026,11,37.266
2214,Springdale,2026,12,43.072
2215,Springfield,2026,1,34.065
2215,Springfield,2026,2,33.654
2215,Springfield,2026,3,31.419
2215,Springfield,2026,4,27.01
2215,Springfield,2026,5,22.975
2215,Springfield,2026,6,25.908
2215,Springfield,2026,7,27.407
2215,Springfield,2026,8,29.789
2215,Springfield,2026,9,27.698
2215,Springfield,2026,10,25.434
2215,Springfield,2026,11,33.294
2215,Springfield,2026,12,38.312
2216,"Springfield, IL",2026,1,42.744
2216,"Springfield, IL",2026,2,39.965
2216,"Springfield, IL",2026,3,33.523
2216,"Springfield, IL",2026,4,28.356
2216,"Springfield, IL",2026,5,24.021
2216,"Springfield, IL",2026,6,27.496
2216,"Springfield, IL",2026,7,29.713
2216,"Springfield, IL",2026,8,31.939
2216,"Springfield, IL",2026,9,29.358
2216,"Springfield, IL",2026,10,27.347
2216,"Springfield, IL",2026,11,35.299
2216,"Springfield, IL",2026,12,40.539
2217,"Springfield, MO",2026,1,34.202
2217,"Springfield, MO",2026,2,33.466
2217,"Springfield, MO",2026,3,31.461
2217,"Springfield, MO",2026,4,26.952
2217,"Springfield, MO",2026,5,22.302
2217,"Springfield, MO",2026,6,24.829
2217,"Springfield, MO",2026,7,26.312
2217,"Springfield, MO",2026,8,29.023
2217,"Springfield, MO",2026,9,27.027
2217,"Springfield, MO",2026,10,24.708
2217,"Springfield, MO",2026,11,32.879
2217,"Springfield, MO",2026,12,37.275
2218,Spruce Pine,2026,1,37.173
2218,Spruce Pine,2026,2,33.539
2218,Spruce Pine,2026,3,28.828
2218,Spruce Pine,2026,4,23.01
2218,Spruce Pine,2026,5,20.378
2218,Spruce Pine,2026,6,22.517
2218,Spruce Pine,2026,7,24.552
2218,Spruce Pine,2026,8,26.024
2218,Spruce Pine,2026,9,24.233
2218,Spruce Pine,2026,10,22.498
2218,Spruce Pine,2026,11,29.134
2218,Spruce Pine,2026,12,33.828
2223,St Croix,2020,1,34.076
2223,St Croix,2020,2,33.709
2223,St Croix,2020,3,31.299
2223,St Croix,2020,4,27.223
2223,St Croix,2020,5,23.446
2223,St Croix,2020,6,25.848
2223,St Croix,2020,7,27.467
2223,St Croix,2020,8,29.831
2223,St Croix,2020,9,27.473
2223,St Croix,2020,10,24.796
2223,St Croix,2020,11,32.757
2223,St Croix,2020,12,37.275
2224,St John,2026,1,19.169
2224,St John,2026,2,17.002
2224,St John,2026,3,14.672
2224,St John,2026,4,11.949
2224,St John,2026,5,10.043
2224,St John,2026,6,11.536
2224,St John,2026,7,12.446
2224,St John,2026,8,13.145
2224,St John,2026,9,11.57
2224,St John,2026,10,10.589
2224,St John,2026,11,13.521
2224,St John,2026,12,15.748
2226,St. Cloud,2026,1,27.544
2226,St. Cloud,2026,2,24.671
2226,St. Cloud,2026,3,20.729
2226,St. Cloud,2026,4,16.799
2226,St. Cloud,2026,5,14.445
2226,St. Cloud,2026,6,15.796
2226,St. Cloud,2026,7,16.766
2226,St. Cloud,2026,8,17.633
2226,St. Cloud,2026,9,15.293
2226,St. Cloud,2026,10,14.053
2226,St. Cloud,2026,11,18.669
2226,St. Cloud,2026,12,21.687
2227,St. Gabriel,2026,1,40.797
2227,St. Gabriel,2026,2,37.073
2227,St. Gabriel,2026,3,31.708
2227,St. Gabriel,2026,4,25.57
2227,St. Gabriel,2026,5,21.656
2227,St. Gabriel,2026,6,24.368
2227,St. Gabriel,2026,7,26.312
2227,St. Gabriel,2026,8,28.981
2227,St. Gabriel,2026,9,26.386
2227,St. Gabriel,2026,10,24.719
2227,St. Gabriel,2026,11,32.114
2227,St. Gabriel,2026,12,37.275
2229,St. Joseph,2026,1,40.503
2229,St. Joseph,2026,2,36.868
2229,St. Joseph,2026,3,30.684
2229,St. Joseph,2026,4,24.688
2229,St. Joseph,2026,5,21.09
2229,St. Joseph,2026,6,23.494
2229,St. Joseph,2026,7,25.393
2229,St. Joseph,2026,8,27.378
2229,St. Joseph,2026,9,25.139
2229,St. Joseph,2026,10,23.072
2229,St. Joseph,2026,11,29.687
2229,St. Joseph,2026,12,34.526
2230,"St. Joseph, MO-KS",2026,1,34.06
2230,"St. Joseph, MO-KS",2026,2,33.709
2230,"St. Joseph, MO-KS",2026,3,31.299
2230,"St. Joseph, MO-KS",2026,4,27.223
2230,"St. Joseph, MO-KS",2026,5,23.446
2230,"St. Joseph, MO-KS",2026,6,25.942
2230,"St. Joseph, MO-KS",2026,7,27.467
2230,"St. Joseph, MO-KS",2026,8,29.831
2230,"St. Joseph, MO-KS",2026,9,27.473
2230,"St. Joseph, MO-KS",2026,10,24.796
2230,"St. Joseph, MO-KS",2026,11,32.757
2230,"St. Joseph, MO-KS",2026,12,37.275
2231,St. Louis,2026,1,42.283
2231,St. Louis,2026,2,38.51
2231,St. Louis,2026,3,32.06
2231,St. Louis,2026,4,26.699
2231,St. Louis,2026,5,22.559
2231,St. Louis,2026,6,24.829
2231,St. Louis,2026,7,26.207
2231,St. Louis,2026,8,29.023
2231,St. Louis,2026,9,27.027
2231,St. Louis,2026,10,24.708
2231,St. Louis,2026,11,32.757
2231,St. Louis,2026,12,37.275
2232,St. Louis Park,2026,1,37.173
2232,St. Louis Park,2026,2,33.539
2232,St. Louis Park,2026,3,28.828
2232,St. Louis Park,2026,4,23.01
2232,St. Louis Park,2026,5,20.337
2232,St. Louis Park,2026,6,22.517
2232,St. Louis Park,2026,7,24.552
2232,St. Louis Park,2026,8,25.986
2232,St. Louis Park,2026,9,23.312
2232,St. Louis Park,2026,10,21.418
2232,St. Louis Park,2026,11,27.329
2232,St. Louis Park,2026,12,32.3
2233,"St. Louis, MO-IL",2026,1,52.215
2233,"St. Louis, MO-IL",2026,2,49.126
2233,"St. Louis, MO-IL",2026,3,41.561
2233,"St. Louis, MO-IL",2026,4,34.126
2233,"St. Louis, MO-IL",2026,5,30.352
2233,"St. Louis, MO-IL",2026,6,32.335
2233,"St. Louis, MO-IL",2026,7,34.239
2233,"St. Louis, MO-IL",2026,8,35.495
2233,"St. Louis, MO-IL",2026,9,33.337
2233,"St. Louis, MO-IL",2026,10,31.365
2233,"St. Louis, MO-IL",2026,11,38.892
2233,"St. Louis, MO-IL",2026,12,43.578
2234,St. Martinville,2026,1,34.065
2234,St. Martinville,2026,2,33.697
2234,St. Martinville,2026,3,31.201
2234,St. Martinville,2026,4,27.01
2234,St. Martinville,2026,5,22.93
2234,St. Martinville,2026,6,25.956
2234,St. Martinville,2026,7,27.407
2234,St. Martinville,2026,8,29.793
2234,St. Martinville,2026,9,27.698
2234,St. Martinville,2026,10,25.434
2234,St. Martinville,2026,11,33.337
2234,St. Martinville,2026,12,38.312
2235,"St. Marys, PA",2026,1,33.823
2235,"St. Marys, PA",2026,2,32.398
2235,"St. Marys, PA",2026,3,28.923
2235,"St. Marys, PA",2026,4,23.32
2235,"St. Marys, PA",2026,5,20.225
2235,"St. Marys, PA",2026,6,22.278
2235,"St. Marys, PA",2026,7,24.371
2235,"St. Marys, PA",2026,8,25.986
2235,"St. Marys, PA",2026,9,23.224
2235,"St. Marys, PA",2026,10,21.349
2235,"St. Marys, PA",2026,11,26.854
2235,"St. Marys, PA",2026,12,31.415
2236,St. Michael,2026,1,27.691
2236,St. Michael,2026,2,25.041
2236,St. Michael,2026,3,21.642
2236,St. Michael,2026,4,17.631
2236,St. Michael,2026,5,15.088
2236,St. Michael,2026,6,17.026
2236,St. Michael,2026,7,18.61
2236,St. Michael,2026,8,20.109
2236,St. Michael,2026,9,18.789
2236,St. Michael,2026,10,16.908
2236,St. Michael,2026,11,21.514
2236,St. Michael,2026,12,23.552
2237,St. Paul,2026,1,38.39
2237,St. Paul,2026,2,34.639
2237,St. Paul,2026,3,30.472
2237,St. Paul,2026,4,26.273
2237,St. Paul,2026,5,22.381
2237,St. Paul,2026,6,25.241
2237,St. Paul,2026,7,27.407
2237,St. Paul,2026,8,29.789
2237,St. Paul,2026,9,27.698
2237,St. Paul,2026,10,24.86
2237,St. Paul,2026,11,32.831
2237,St. Paul,2026,12,37.275
2238,St. Paul Park,2026,1,47.345
2238,St. Paul Park,2026,2,43.378
2238,St. Paul Park,2026,3,36.494
2238,St. Paul Park,2026,4,29.709
2238,St. Paul Park,2026,5,25.414
2238,St. Paul Park,2026,6,27.762
2238,St. Paul Park,2026,7,30.054
2238,St. Paul Park,2026,8,32.693
2238,St. Paul Park,2026,9,29.79
2238,St. Paul Park,2026,10,26.455
2238,St. Paul Park,2026,11,34.725
2238,St. Paul Park,2026,12,37.88
2239,Stafford (Stafford Hollow),2026,1,34.248
2239,Stafford (Stafford Hollow),2026,2,33.61
2239,Stafford (Stafford Hollow),2026,3,31.444
2239,Stafford (Stafford Hollow),2026,4,26.952
2239,Stafford (Stafford Hollow),2026,5,22.385
2239,Stafford (Stafford Hollow),2026,6,25.647
2239,Stafford (Stafford Hollow),2026,7,27.407
2239,Stafford (Stafford Hollow),2026,8,29.789
2239,Stafford (Stafford Hollow),2026,9,27.698
2239,Stafford (Stafford Hollow),2026,10,25.21
2239,Stafford (Stafford Hollow),2026,11,33.305
2239,Stafford (Stafford Hollow),2026,12,38.312
2241,Stanfield,2026,1,53.65
2241,Stanfield,2026,2,50.853
2241,Stanfield,2026,3,42.96
2241,Stanfield,2026,4,34.888
2241,Stanfield,2026,5,30.882
2241,Stanfield,2026,6,32.424
2241,Stanfield,2026,7,34.239
2241,Stanfield,2026,8,35.495
2241,Stanfield,2026,9,33.337
2241,Stanfield,2026,10,31.453
2241,Stanfield,2026,11,38.892
2241,Stanfield,2026,12,43.578
2242,State College,2026,1,36.295
2242,State College,2026,2,32.969
2242,State College,2026,3,27.463
2242,State College,2026,4,22.365
2242,State College,2026,5,19.748
2242,State College,2026,6,21.23
2242,State College,2026,7,23.437
2242,State College,2026,8,25.191
2242,State College,2026,9,22.577
2242,State College,2026,10,20.803
2242,State College,2026,11,26.415
2242,State College,2026,12,31.055
2243,"State College, PA",2026,1,34.065
2243,"State College, PA",2026,2,33.697
2243,"State College, PA",2026,3,31.201
2243,"State College, PA",2026,4,27.01
2243,"State College, PA",2026,5,22.889
2243,"State College, PA",2026,6,25.862
2243,"State College, PA",2026,7,27.407
2243,"State College, PA",2026,8,29.789
2243,"State College, PA",2026,9,27.698
2243,"State College, PA",2026,10,25.434
2243,"State College, PA",2026,11,33.337
2243,"State College, PA",2026,12,38.312
2244,Stateline,2013,1,34.544
2244,Stateline,2013,2,34.016
2244,Stateline,2013,3,33.399
2244,Stateline,2013,4,31.008
2244,Stateline,2013,5,28.128
2244,Stateline,2013,6,31.351
2244,Stateline,2013,7,33.999
2244,Stateline,2013,8,35.217
2244,Stateline,2013,9,33.184
2244,Stateline,2013,10,31.822
2244,Stateline,2013,11,39.013
2244,Stateline,2013,12,45.042
2245,Ste. Genevieve,2010,1,53.019
2245,Ste. Genevieve,2010,2,50.661
2245,Ste. Genevieve,2010,3,43.617
2245,Ste. Genevieve,2010,4,36.488
2245,Ste. Genevieve,2010,5,31.065
2245,Ste. Genevieve,2010,6,34.22
2245,Ste. Genevieve,2010,7,36.249
2245,Ste. Genevieve,2010,8,38.241
2245,Ste. Genevieve,2010,9,36.18
2245,Ste. Genevieve,2010,10,34.201
2245,Ste. Genevieve,2010,11,40.943
2245,Ste. Genevieve,2010,12,43.085
2246,Steamboat Springs,2026,1,28.153
2246,Steamboat Springs,2026,2,26.412
2246,Steamboat Springs,2026,3,22.263
2246,Steamboat Springs,2026,4,18.836
2246,Steamboat Springs,2026,5,15.733
2246,Steamboat Springs,2026,6,17.071
2246,Steamboat Springs,2026,7,18.533
2246,Steamboat Springs,2026,8,19.996
2246,Steamboat Springs,2026,9,17.641
2246,Steamboat Springs,2026,10,15.805
2246,Steamboat Springs,2026,11,20.292
2246,Steamboat Springs,2026,12,23.167
2247,Steubenville,2026,1,47.135
2247,Steubenville,2026,2,43.114
2247,Steubenville,2026,3,36.494
2247,Steubenville,2026,4,29.689
2247,Steubenville,2026,5,25.073
2247,Steubenville,2026,6,27.639
2247,Steubenville,2026,7,29.945
2247,Steubenville,2026,8,32.019
2247,Steubenville,2026,9,29.933
2247,Steubenville,2026,10,26.455
2247,Steubenville,2026,11,34.847
2247,Steubenville,2026,12,37.88
2248,Stockholm,2026,1,26.337
2248,Stockholm,2026,2,25.178
2248,Stockholm,2026,3,22.345
2248,Stockholm,2026,4,19.013
2248,Stockholm,2026,5,17.266
2248,Stockholm,2026,6,20.218
2248,Stockholm,2026,7,22.135
2248,Stockholm,2026,8,24.049
2248,Stockholm,2026,9,20.884
2248,Stockholm,2026,10,18.558
2248,Stockholm,2026,11,24.449
2248,Stockholm,2026,12,29.001
2249,Stockton,2026,1,45.666
2249,Stockton,2026,2,42.202
2249,Stockton,2026,3,35.583
2249,Stockton,2026,4,29.401
2249,Stockton,2026,5,25.226
2249,Stockton,2026,6,28.663
2249,Stockton,2026,7,30.966
2249,Stockton,2026,8,32.693
2249,Stockton,2026,9,30.148
2249,Stockton,2026,10,28.694
2249,Stockton,2026,11,35.987
2249,Stockton,2026,12,40.539
2250,Stoddard,2026,1,24.302
2250,Stoddard,2026,2,22.886
2250,Stoddard,2026,3,19.015
2250,Stoddard,2026,4,15.808
2250,Stoddard,2026,5,13.401
2250,Stoddard,2026,6,15.336
2250,Stoddard,2026,7,16.527
2250,Stoddard,2026,8,17.539
2250,Stoddard,2026,9,15.293
2250,Stoddard,2026,10,13.782
2250,Stoddard,2026,11,18.271
2250,Stoddard,2026,12,21.279
2251,Stow,2012,1,48.161
2251,Stow,2012,2,44.972
2251,Stow,2012,3,38.265
2251,Stow,2012,4,32.597
2251,Stow,2012,5,28.64
2251,Stow,2012,6,31.384
2251,Stow,2012,7,33.876
2251,Stow,2012,8,34.981
2251,Stow,2012,9,32.538
2251,Stow,2012,10,30.453
2251,Stow,2012,11,38.489
2251,Stow,2012,12,43.953
2253,Stratford (Town of),2026,1,34.065
2253,Stratford (Town of),2026,2,33.697
2253,Stratford (Town of),2026,3,31.201
2253,Stratford (Town of),2026,4,26.966
2253,Stratford (Town of),2026,5,22.353
2253,Stratford (Town of),2026,6,25.658
2253,Stratford (Town of),2026,7,27.407
2253,Stratford (Town of),2026,8,29.789
2253,Stratford (Town of),2026,9,27.698
2253,Stratford (Town of),2026,10,25.434
2253,Stratford (Town of),2026,11,33.337
2253,Stratford (Town of),2026,12,38.312
2255,Stuart,2026,1,38.208
2255,Stuart,2026,2,34.895
2255,Stuart,2026,3,30.614
2255,Stuart,2026,4,26.478
2255,Stuart,2026,5,22.192
2255,Stuart,2026,6,25.658
2255,Stuart,2026,7,27.318
2255,Stuart,2026,8,29.793
2255,Stuart,2026,9,27.61
2255,Stuart,2026,10,25.786
2255,Stuart,2026,11,33.337
2255,Stuart,2026,12,38.312
2256,Stuttgart,2026,1,46.286
2256,Stuttgart,2026,2,42.86
2256,Stuttgart,2026,3,35.702
2256,Stuttgart,2026,4,29.401
2256,Stuttgart,2026,5,25.356
2256,Stuttgart,2026,6,28.051
2256,Stuttgart,2026,7,30.966
2256,Stuttgart,2026,8,32.693
2256,Stuttgart,2026,9,30.148
2256,Stuttgart,2026,10,28.126
2256,Stuttgart,2026,11,36.146
2256,Stuttgart,2026,12,41.782
2259,Sublette,2026,1,19.169
2259,Sublette,2026,2,17.002
2259,Sublette,2026,3,14.672
2259,Sublette,2026,4,11.949
2259,Sublette,2026,5,10.043
2259,Sublette,2026,6,11.536
2259,Sublette,2026,7,12.446
2259,Sublette,2026,8,13.145
2259,Sublette,2026,9,11.57
2259,Sublette,2026,10,10.589
2259,Sublette,2026,11,13.521
2259,Sublette,2026,12,15.748
2260,Suffolk,2026,1,34.016
2260,Suffolk,2026,2,33.7
2260,Suffolk,2026,3,31.299
2260,Suffolk,2026,4,27.29
2260,Suffolk,2026,5,23.342
2260,Suffolk,2026,6,25.84
2260,Suffolk,2026,7,27.467
2260,Suffolk,2026,8,29.85
2260,Suffolk,2026,9,27.25
2260,Suffolk,2026,10,24.788
2260,Suffolk,2026,11,32.767
2260,Suffolk,2026,12,37.275
2261,Sugarcreek,2013,1,34.539
2261,Sugarcreek,2013,2,33.946
2261,Sugarcreek,2013,3,31.436
2261,Sugarcreek,2013,4,27.243
2261,Sugarcreek,2013,5,23.608
2261,Sugarcreek,2013,6,25.781
2261,Sugarcreek,2013,7,27.6
2261,Sugarcreek,2013,8,29.894
2261,Sugarcreek,2013,9,27.528
2261,Sugarcreek,2013,10,24.856
2261,Sugarcreek,2013,11,32.861
2261,Sugarcreek,2013,12,37.337
2262,Summerville,2025,1,32.011
2262,Summerville,2025,2,30.903
2262,Summerville,2025,3,26.838
2262,Summerville,2025,4,21.989
2262,Summerville,2025,5,18.876
2262,Summerville,2025,6,20.284
2262,Summerville,2025,7,22.367
2262,Summerville,2025,8,24.246
2262,Summerville,2025,9,21.453
2262,Summerville,2025,10,19.784
2262,Summerville,2025,11,24.928
2262,Summerville,2025,12,28.239
2263,Summit,2026,1,45.484
2263,Summit,2026,2,42.202
2263,Summit,2026,3,35.503
2263,Summit,2026,4,29.419
2263,Summit,2026,5,25.039
2263,Summit,2026,6,28.59
2263,Summit,2026,7,30.878
2263,Summit,2026,8,32.655
2263,Summit,2026,9,30.06
2263,Summit,2026,10,28.512
2263,Summit,2026,11,36.019
2263,Summit,2026,12,41.782
2264,Sumter,2026,1,37.173
2264,Sumter,2026,2,33.539
2264,Sumter,2026,3,28.808
2264,Sumter,2026,4,23.01
2264,Sumter,2026,5,20.225
2264,Sumter,2026,6,22.517
2264,Sumter,2026,7,24.371
2264,Sumter,2026,8,25.986
2264,Sumter,2026,9,23.224
2264,Sumter,2026,10,21.418
2264,Sumter,2026,11,26.854
2264,Sumter,2026,12,31.408
2265,Suncook,2026,1,34.751
2265,Suncook,2026,2,31.879
2265,Suncook,2026,3,27.99
2265,Suncook,2026,4,22.306
2265,Suncook,2026,5,19.826
2265,Suncook,2026,6,21.921
2265,Suncook,2026,7,23.437
2265,Suncook,2026,8,25.304
2265,Suncook,2026,9,22.771
2265,Suncook,2026,10,20.67
2265,Suncook,2026,11,26.45
2265,Suncook,2026,12,31.055
2266,Sunder Nagar,2016,1,137.434
2266,Sunder Nagar,2016,2,133.598
2266,Sunder Nagar,2016,3,126.836
2266,Sunder Nagar,2016,4,120.737
2266,Sunder Nagar,2016,5,114.037
2266,Sunder Nagar,2016,6,109.123
2266,Sunder Nagar,2016,7,104.962
2266,Sunder Nagar,2016,8,104.446
2266,Sunder Nagar,2016,9,107.376
2266,Sunder Nagar,2016,10,116.455
2266,Sunder Nagar,2016,11,134.776
2266,Sunder Nagar,2016,12,139.823
2267,Sunnyside,2026,1,33.094
2267,Sunnyside,2026,2,32.645
2267,Sunnyside,2026,3,28.753
2267,Sunnyside,2026,4,23.3
2267,Sunnyside,2026,5,20.378
2267,Sunnyside,2026,6,22.517
2267,Sunnyside,2026,7,24.552
2267,Sunnyside,2026,8,26.08
2267,Sunnyside,2026,9,24.428
2267,Sunnyside,2026,10,22.498
2267,Sunnyside,2026,11,28.955
2267,Sunnyside,2026,12,32.834
2269,Sunrise Manor,2026,1,37.132
2269,Sunrise Manor,2026,2,33.872
2269,Sunrise Manor,2026,3,29.486
2269,Sunrise Manor,2026,4,25.083
2269,Sunrise Manor,2026,5,22.206
2269,Sunrise Manor,2026,6,24.625
2269,Sunrise Manor,2026,7,26.13
2269,Sunrise Manor,2026,8,28.87
2269,Sunrise Manor,2026,9,26.298
2269,Sunrise Manor,2026,10,24.916
2269,Sunrise Manor,2026,11,31.935
2269,Sunrise Manor,2026,12,37.01
2271,Surabaya,2026,1,99.878
2271,Surabaya,2026,2,94.203
2271,Surabaya,2026,3,87.282
2271,Surabaya,2026,4,82.192
2271,Surabaya,2026,5,77.619
2271,Surabaya,2026,6,74.264
2271,Surabaya,2026,7,69.297
2271,Surabaya,2026,8,69.857
2271,Surabaya,2026,9,69.452
2271,Surabaya,2026,10,82.072
2271,Surabaya,2026,11,91.737
2271,Surabaya,2026,12,97.03
2272,Surat,2025,11,104.433
2272,Surat,2025,12,110.854
2272,Surat,2026,1,113.186
2272,Surat,2026,2,108.644
2272,Surat,2026,3,101.46
2272,Surat,2026,4,95.098
2272,Surat,2026,5,89.523
2272,Surat,2026,6,82.643
2272,Surat,2026,7,72.741
2272,Surat,2026,8,70.517
2272,Surat,2026,9,68.26
2272,Surat,2026,10,81.782
2274,Surprise,2026,1,66.598
2274,Surprise,2026,2,61.548
2274,Surprise,2026,3,56.493
2274,Surprise,2026,4,51.268
2274,Surprise,2026,5,46.879
2274,Surprise,2026,6,46.564
2274,Surprise,2026,7,47.881
2274,Surprise,2026,8,49.341
2274,Surprise,2026,9,47.102
2274,Surprise,2026,10,43.914
2274,Surprise,2026,11,51.749
2274,Surprise,2026,12,54.143
2275,Sutter,2026,1,33.827
2275,Sutter,2026,2,32.443
2275,Sutter,2026,3,29.636
2275,Sutter,2026,4,25.141
2275,Sutter,2026,5,22.206
2275,Sutter,2026,6,24.625
2275,Sutter,2026,7,26.13
2275,Sutter,2026,8,28.916
2275,Sutter,2026,9,26.298
2275,Sutter,2026,10,25.286
2275,Sutter,2026,11,32.482
2275,Sutter,2026,12,37.507
2276,Swain,2025,10,19.489
2276,Swain,2025,11,25.769
2276,Swain,2025,12,29.165
2276,Swain,2026,1,29.543
2276,Swain,2026,2,27.662
2276,Swain,2026,3,22.961
2276,Swain,2026,4,19.097
2276,Swain,2026,5,16.369
2276,Swain,2026,6,18.396
2276,Swain,2026,7,19.501
2276,Swain,2026,8,21.213
2276,Swain,2026,9,19.435
2277,Swansea,2010,1,54.934
2277,Swansea,2010,2,51.818
2277,Swansea,2010,3,44.899
2277,Swansea,2010,4,36.781
2277,Swansea,2010,5,31.347
2277,Swansea,2010,6,34.22
2277,Swansea,2010,7,36.249
2277,Swansea,2010,8,38.241
2277,Swansea,2010,9,36.18
2277,Swansea,2010,10,34.222
2277,Swansea,2010,11,40.943
2277,Swansea,2010,12,43.085
2278,Sweet Home,2026,1,31.735
2278,Sweet Home,2026,2,29.228
2278,Sweet Home,2026,3,25.064
2278,Sweet Home,2026,4,21.01
2278,Sweet Home,2026,5,18.512
2278,Sweet Home,2026,6,20.707
2278,Sweet Home,2026,7,22.444
2278,Sweet Home,2026,8,24.359
2278,Sweet Home,2026,9,21.808
2278,Sweet Home,2026,10,19.449
2278,Sweet Home,2026,11,25.136
2278,Sweet Home,2026,12,29.165
2279,Sydney,2026,1,28.031
2279,Sydney,2026,2,24.974
2279,Sydney,2026,3,21.346
2279,Sydney,2026,4,19.66
2279,Sydney,2026,5,17.856
2279,Sydney,2026,6,20.179
2279,Sydney,2026,7,21.695
2279,Sydney,2026,8,22.37
2279,Sydney,2026,9,19.509
2279,Sydney,2026,10,16.803
2279,Sydney,2026,11,20.597
2279,Sydney,2026,12,22.298
2280,Syracuse,2013,1,54.224
2280,Syracuse,2013,2,52.058
2280,Syracuse,2013,3,46.483
2280,Syracuse,2013,4,38.014
2280,Syracuse,2013,5,32.988
2280,Syracuse,2013,6,34.885
2280,Syracuse,2013,7,35.783
2280,Syracuse,2013,8,37.042
2280,Syracuse,2013,9,35.473
2280,Syracuse,2013,10,33.587
2280,Syracuse,2013,11,40.42
2280,Syracuse,2013,12,45.338
2281,"Syracuse, NY",2013,1,34.727
2281,"Syracuse, NY",2013,2,33.854
2281,"Syracuse, NY",2013,3,31.578
2281,"Syracuse, NY",2013,4,26.983
2281,"Syracuse, NY",2013,5,22.472
2281,"Syracuse, NY",2013,6,25.467
2281,"Syracuse, NY",2013,7,27.435
2281,"Syracuse, NY",2013,8,29.894
2281,"Syracuse, NY",2013,9,27.713
2281,"Syracuse, NY",2013,10,25.213
2281,"Syracuse, NY",2013,11,33.482
2281,"Syracuse, NY",2013,12,38.407
2282,Tacoma,2026,1,33.147
2282,Tacoma,2026,2,31.622
2282,Tacoma,2026,3,27.617
2282,Tacoma,2026,4,22.327
2282,Tacoma,2026,5,19.704
2282,Tacoma,2026,6,21.27
2282,Tacoma,2026,7,23.332
2282,Tacoma,2026,8,25.304
2282,Tacoma,2026,9,22.771
2282,Tacoma,2026,10,20.41
2282,Tacoma,2026,11,26.149
2282,Tacoma,2026,12,31.055
2283,Tahoe City,2026,1,30.724
2283,Tahoe City,2026,2,28.88
2283,Tahoe City,2026,3,24.557
2283,Tahoe City,2026,4,20.559
2283,Tahoe City,2026,5,17.673
2283,Tahoe City,2026,6,19.395
2283,Tahoe City,2026,7,20.959
2283,Tahoe City,2026,8,22.602
2283,Tahoe City,2026,9,20.413
2283,Tahoe City,2026,10,18.161
2283,Tahoe City,2026,11,23.699
2283,Tahoe City,2026,12,26.885
2284,Taholah,2026,1,19.169
2284,Taholah,2026,2,17.002
2284,Taholah,2026,3,14.672
2284,Taholah,2026,4,11.949
2284,Taholah,2026,5,10.043
2284,Taholah,2026,6,11.536
2284,Taholah,2026,7,12.446
2284,Taholah,2026,8,13.145
2284,Taholah,2026,9,11.57
2284,Taholah,2026,10,10.589
2284,Taholah,2026,11,13.521
2284,Taholah,2026,12,15.748
2285,Taipei,2026,1,66.473
2285,Taipei,2026,2,62.443
2285,Taipei,2026,3,57.484
2285,Taipei,2026,4,51.713
2285,Taipei,2026,5,47.683
2285,Taipei,2026,6,49.855
2285,Taipei,2026,7,51.946
2285,Taipei,2026,8,53.339
2285,Taipei,2026,9,50.13
2285,Taipei,2026,10,48.17
2285,Taipei,2026,11,56.206
2285,Taipei,2026,12,60.959
2286,Talcher,2025,11,123.789
2286,Talcher,2025,12,129.132
2286,Talcher,2026,1,133.205
2286,Talcher,2026,2,122.141
2286,Talcher,2026,3,110.418
2286,Talcher,2026,4,101.605
2286,Talcher,2026,5,96.126
2286,Talcher,2026,6,89.726
2286,Talcher,2026,7,76.77
2286,Talcher,2026,8,77.885
2286,Talcher,2026,9,75.27
2286,Talcher,2026,10,88.911
2288,Tallahassee,2026,1,42.76
2288,Tallahassee,2026,2,39.646
2288,Tallahassee,2026,3,33.57
2288,Tallahassee,2026,4,28.299
2288,Tallahassee,2026,5,24.166
2288,Tallahassee,2026,6,27.305
2288,Tallahassee,2026,7,29.801
2288,Tallahassee,2026,8,31.977
2288,Tallahassee,2026,9,29.446
2288,Tallahassee,2026,10,27.306
2288,Tallahassee,2026,11,35.268
2288,Tallahassee,2026,12,40.539
2289,"Tallahassee, FL",2014,1,57.785
2289,"Tallahassee, FL",2014,2,54.773
2289,"Tallahassee, FL",2014,3,49.103
2289,"Tallahassee, FL",2014,4,41.103
2289,"Tallahassee, FL",2014,5,36.681
2289,"Tallahassee, FL",2014,6,37.908
2289,"Tallahassee, FL",2014,7,40.055
2289,"Tallahassee, FL",2014,8,43.317
2289,"Tallahassee, FL",2014,9,39.973
2289,"Tallahassee, FL",2014,10,35.883
2289,"Tallahassee, FL",2014,11,45.362
2289,"Tallahassee, FL",2014,12,49.858
2291,Tampa,2026,1,40.98
2291,Tampa,2026,2,36.881
2291,Tampa,2026,3,31.078
2291,Tampa,2026,4,25.563
2291,Tampa,2026,5,21.688
2291,Tampa,2026,6,24.402
2291,Tampa,2026,7,26.312
2291,Tampa,2026,8,28.981
2291,Tampa,2026,9,26.386
2291,Tampa,2026,10,24.495
2291,Tampa,2026,11,32.082
2291,Tampa,2026,12,37.275
2292,Taos,2026,1,17.694
2292,Taos,2026,2,15.271
2292,Taos,2026,3,12.869
2292,Taos,2026,4,10.257
2292,Taos,2026,5,9.039
2292,Taos,2026,6,10.27
2292,Taos,2026,7,11.404
2292,Taos,2026,8,12.325
2292,Taos,2026,9,10.57
2292,Taos,2026,10,9.108
2292,Taos,2026,11,12.068
2292,Taos,2026,12,14.013
2293,"Taos, NM",2026,1,8.534
2293,"Taos, NM",2026,2,7.42
2293,"Taos, NM",2026,3,6.505
2293,"Taos, NM",2026,4,4.978
2293,"Taos, NM",2026,5,4.653
2293,"Taos, NM",2026,6,6.431
2293,"Taos, NM",2026,7,6.491
2293,"Taos, NM",2026,8,6.487
2293,"Taos, NM",2026,9,4.231
2293,"Taos, NM",2026,10,4.091
2293,"Taos, NM",2026,11,7.491
2293,"Taos, NM",2026,12,8.415
2296,Tarpon Springs,2026,1,33.147
2296,Tarpon Springs,2026,2,31.622
2296,Tarpon Springs,2026,3,27.617
2296,Tarpon Springs,2026,4,22.327
2296,Tarpon Springs,2026,5,19.398
2296,Tarpon Springs,2026,6,21.27
2296,Tarpon Springs,2026,7,23.332
2296,Tarpon Springs,2026,8,25.304
2296,Tarpon Springs,2026,9,22.771
2296,Tarpon Springs,2026,10,20.41
2296,Tarpon Springs,2026,11,26.149
2296,Tarpon Springs,2026,12,31.055
2297,Tarrant (corporate name for Tarrant City),2026,1,44.823
2297,Tarrant (corporate name for Tarrant City),2026,2,40.684
2297,Tarrant (corporate name for Tarrant City),2026,3,34.515
2297,Tarrant (corporate name for Tarrant City),2026,4,29.682
2297,Tarrant (corporate name for Tarrant City),2026,5,26.619
2297,Tarrant (corporate name for Tarrant City),2026,6,28.71
2297,Tarrant (corporate name for Tarrant City),2026,7,31.347
2297,Tarrant (corporate name for Tarrant City),2026,8,33.523
2297,Tarrant (corporate name for Tarrant City),2026,9,31.072
2297,Tarrant (corporate name for Tarrant City),2026,10,28.481
2297,Tarrant (corporate name for Tarrant City),2026,11,37.276
2297,Tarrant (corporate name for Tarrant City),2026,12,43.072
2298,Tatum,2026,1,34.248
2298,Tatum,2026,2,33.61
2298,Tatum,2026,3,31.201
2298,Tatum,2026,4,26.952
2298,Tatum,2026,5,22.588
2298,Tatum,2026,6,25.751
2298,Tatum,2026,7,27.407
2298,Tatum,2026,8,29.831
2298,Tatum,2026,9,27.698
2298,Tatum,2026,10,25.434
2298,Tatum,2026,11,33.337
2298,Tatum,2026,12,38.312
2299,Taylor,2026,1,32.011
2299,Taylor,2026,2,30.793
2299,Taylor,2026,3,26.454
2299,Taylor,2026,4,21.654
2299,Taylor,2026,5,18.556
2299,Taylor,2026,6,20.531
2299,Taylor,2026,7,22.549
2299,Taylor,2026,8,24.265
2299,Taylor,2026,9,21.541
2299,Taylor,2026,10,19.853
2299,Taylor,2026,11,25.371
2299,Taylor,2026,12,29.165
2300,Taylors,2013,1,49.3
2300,Taylors,2013,2,46.15
2300,Taylors,2013,3,39.788
2300,Taylors,2013,4,32.708
2300,Taylors,2013,5,28.462
2300,Taylors,2013,6,31.4
2300,Taylors,2013,7,33.999
2300,Taylors,2013,8,35.217
2300,Taylors,2013,9,33.184
2300,Taylors,2013,10,31.822
2300,Taylors,2013,11,38.857
2300,Taylors,2013,12,43.686
2301,Taylorsville,2026,1,28.777
2301,Taylorsville,2026,2,26.39
2301,Taylorsville,2026,3,22.036
2301,Taylorsville,2026,4,18.831
2301,Taylorsville,2026,5,16.059
2301,Taylorsville,2026,6,18.316
2301,Taylorsville,2026,7,19.485
2301,Taylorsville,2026,8,21.233
2301,Taylorsville,2026,9,19.595
2301,Taylorsville,2026,10,17.571
2301,Taylorsville,2026,11,22.591
2301,Taylorsville,2026,12,25.179
2303,Tecate,2020,1,81.664
2303,Tecate,2020,2,76.297
2303,Tecate,2020,3,69.59
2303,Tecate,2020,4,63.871
2303,Tecate,2020,5,58.98
2303,Tecate,2020,6,59.728
2303,Tecate,2020,7,59.946
2303,Tecate,2020,8,60.036
2303,Tecate,2020,9,58.493
2303,Tecate,2020,10,55.834
2303,Tecate,2020,11,60.544
2303,Tecate,2020,12,62.501
2304,Tecumseh,2026,1,39.343
2304,Tecumseh,2026,2,34.874
2304,Tecumseh,2026,3,30.005
2304,Tecumseh,2026,4,26.293
2304,Tecumseh,2026,5,22.556
2304,Tecumseh,2026,6,24.84
2304,Tecumseh,2026,7,26.207
2304,Tecumseh,2026,8,29.023
2304,Tecumseh,2026,9,27.027
2304,Tecumseh,2026,10,24.708
2304,Tecumseh,2026,11,32.757
2304,Tecumseh,2026,12,37.275
2305,Tehran,2026,1,100.576
2305,Tehran,2026,2,94.264
2305,Tehran,2026,3,83.041
2305,Tehran,2026,4,75.839
2305,Tehran,2026,5,71.901
2305,Tehran,2026,6,75.48
2305,Tehran,2026,7,79.533
2305,Tehran,2026,8,85.089
2305,Tehran,2026,9,80.252
2305,Tehran,2026,10,80.309
2305,Tehran,2026,11,95.786
2305,Tehran,2026,12,113.575
2306,Tel Aviv,2026,1,55.376
2306,Tel Aviv,2026,2,53.856
2306,Tel Aviv,2026,3,49.677
2306,Tel Aviv,2026,4,43.761
2306,Tel Aviv,2026,5,40.099
2306,Tel Aviv,2026,6,42.978
2306,Tel Aviv,2026,7,45.226
2306,Tel Aviv,2026,8,47.677
2306,Tel Aviv,2026,9,45.64
2306,Tel Aviv,2026,10,44.367
2306,Tel Aviv,2026,11,53.043
2306,Tel Aviv,2026,12,58.993
2307,Tell City,2010,1,36.053
2307,Tell City,2010,2,33.281
2307,Tell City,2010,3,29.324
2307,Tell City,2010,4,24.653
2307,Tell City,2010,5,21.048
2307,Tell City,2010,6,24.108
2307,Tell City,2010,7,26.269
2307,Tell City,2010,8,29.015
2307,Tell City,2010,9,27.048
2307,Tell City,2010,10,25.361
2307,Tell City,2010,11,33.403
2307,Tell City,2010,12,38.407
2308,Telluride,2026,1,24.684
2308,Telluride,2026,2,22.052
2308,Telluride,2026,3,18.687
2308,Telluride,2026,4,15.277
2308,Telluride,2026,5,13.452
2308,Telluride,2026,6,15.084
2308,Telluride,2026,7,16.423
2308,Telluride,2026,8,17.633
2308,Telluride,2026,9,15.338
2308,Telluride,2026,10,14.141
2308,Telluride,2026,11,18.669
2308,Telluride,2026,12,21.687
2309,Tempe,2026,1,35.219
2309,Tempe,2026,2,32.27
2309,Tempe,2026,3,27.924
2309,Tempe,2026,4,22.615
2309,Tempe,2026,5,20.021
2309,Tempe,2026,6,22.151
2309,Tempe,2026,7,24.371
2309,Tempe,2026,8,25.96
2309,Tempe,2026,9,23.224
2309,Tempe,2026,10,21.043
2309,Tempe,2026,11,26.854
2309,Tempe,2026,12,31.415
2310,Temple,2025,12,40.798
2310,Temple,2026,1,38.157
2310,Temple,2026,2,35.245
2310,Temple,2026,3,30.323
2310,Temple,2026,4,24.853
2310,Temple,2026,5,21.056
2310,Temple,2026,6,23.675
2310,Temple,2026,7,25.393
2310,Temple,2026,8,27.378
2310,Temple,2026,9,25.139
2310,Temple,2026,10,23.16
2310,Temple,2026,11,29.687
2312,Terre Haute,2026,1,44.779
2312,Terre Haute,2026,2,41.529
2312,Terre Haute,2026,3,35.468
2312,Terre Haute,2026,4,30.103
2312,Terre Haute,2026,5,26.085
2312,Terre Haute,2026,6,29.577
2312,Terre Haute,2026,7,31.878
2312,Terre Haute,2026,8,33.406
2312,Terre Haute,2026,9,31.254
2312,Terre Haute,2026,10,29.453
2312,Terre Haute,2026,11,37.568
2312,Terre Haute,2026,12,43.072
2313,"Terre Haute, IN",2019,9,32.893
2313,"Terre Haute, IN",2019,10,30.193
2313,"Terre Haute, IN",2019,11,38.57
2313,"Terre Haute, IN",2019,12,43.846
2313,"Terre Haute, IN",2020,1,41.628
2313,"Terre Haute, IN",2020,2,37.241
2313,"Terre Haute, IN",2020,3,30.954
2313,"Terre Haute, IN",2020,4,24.369
2313,"Terre Haute, IN",2020,5,20.825
2313,"Terre Haute, IN",2020,6,23.05
2313,"Terre Haute, IN",2020,7,25.296
2313,"Terre Haute, IN",2020,8,27.284
2314,Texarkana,2026,1,44.175
2314,Texarkana,2026,2,42.052
2314,Texarkana,2026,3,36.282
2314,Texarkana,2026,4,30.154
2314,Texarkana,2026,5,25.82
2314,Texarkana,2026,6,28.148
2314,Texarkana,2026,7,30.836
2314,Texarkana,2026,8,32.655
2314,Texarkana,2026,9,30.06
2314,Texarkana,2026,10,28.864
2314,Texarkana,2026,11,36.019
2314,Texarkana,2026,12,41.782
2315,Texas City,2026,1,48.476
2315,Texas City,2026,2,44.592
2315,Texas City,2026,3,37.203
2315,Texas City,2026,4,30.679
2315,Texas City,2026,5,25.739
2315,Texas City,2026,6,28.186
2315,Texas City,2026,7,30.836
2315,Texas City,2026,8,32.655
2315,Texas City,2026,9,30.06
2315,Texas City,2026,10,28.864
2315,Texas City,2026,11,36.019
2315,Texas City,2026,12,41.782
2316,Tezpur,2016,1,134.186
2316,Tezpur,2016,2,128.368
2316,Tezpur,2016,3,121.653
2316,Tezpur,2016,4,113.788
2316,Tezpur,2016,5,108.973
2316,Tezpur,2016,6,104.179
2316,Tezpur,2016,7,103.171
2316,Tezpur,2016,8,104.103
2316,Tezpur,2016,9,103.798
2316,Tezpur,2016,10,115.077
2316,Tezpur,2016,11,133.355
2316,Tezpur,2016,12,141.688
2317,Thane,2025,11,90.755
2317,Thane,2025,12,95.903
2317,Thane,2026,1,97.918
2317,Thane,2026,2,95.03
2317,Thane,2026,3,87.655
2317,Thane,2026,4,82.192
2317,Thane,2026,5,77.107
2317,Thane,2026,6,74.921
2317,Thane,2026,7,69.163
2317,Thane,2026,8,68.302
2317,Thane,2026,9,67.621
2317,Thane,2026,10,84.045
2319,The Dalles,2026,1,27.691
2319,The Dalles,2026,2,25.651
2319,The Dalles,2026,3,21.598
2319,The Dalles,2026,4,17.631
2319,The Dalles,2026,5,15.283
2319,The Dalles,2026,6,17.026
2319,The Dalles,2026,7,18.61
2319,The Dalles,2026,8,20.109
2319,The Dalles,2026,9,18.835
2319,The Dalles,2026,10,16.908
2319,The Dalles,2026,11,21.514
2319,The Dalles,2026,12,23.552
2321,Theodore,2026,1,49.26
2321,Theodore,2026,2,45.905
2321,Theodore,2026,3,38.478
2321,Theodore,2026,4,31.734
2321,Theodore,2026,5,27.336
2321,Theodore,2026,6,29.475
2321,Theodore,2026,7,31.93
2321,Theodore,2026,8,33.505
2321,Theodore,2026,9,31.072
2321,Theodore,2026,10,28.401
2321,Theodore,2026,11,37.266
2321,Theodore,2026,12,43.072
2322,Thibodaux,2026,1,45.484
2322,Thibodaux,2026,2,42.202
2322,Thibodaux,2026,3,35.523
2322,Thibodaux,2026,4,29.419
2322,Thibodaux,2026,5,25.039
2322,Thibodaux,2026,6,28.59
2322,Thibodaux,2026,7,30.836
2322,Thibodaux,2026,8,32.655
2322,Thibodaux,2026,9,30.06
2322,Thibodaux,2026,10,28.512
2322,Thibodaux,2026,11,36.019
2322,Thibodaux,2026,12,41.782
2324,Thiruvananthapuram,2010,1,93.612
2324,Thiruvananthapuram,2010,2,95.492
2324,Thiruvananthapuram,2010,3,93.605
2324,Thiruvananthapuram,2010,4,89.573
2324,Thiruvananthapuram,2010,5,85.677
2324,Thiruvananthapuram,2010,6,85.922
2324,Thiruvananthapuram,2010,7,85.251
2324,Thiruvananthapuram,2010,8,87.882
2324,Thiruvananthapuram,2010,9,85.693
2324,Thiruvananthapuram,2010,10,93.848
2324,Thiruvananthapuram,2010,11,103.321
2324,Thiruvananthapuram,2010,12,110.788
2325,Thomas,2026,1,16.023
2325,Thomas,2026,2,14.472
2325,Thomas,2026,3,11.762
2325,Thomas,2026,4,9.527
2325,Thomas,2026,5,8.202
2325,Thomas,2026,6,9.314
2325,Thomas,2026,7,10.279
2325,Thomas,2026,8,11.444
2325,Thomas,2026,9,9.846
2325,Thomas,2026,10,8.19
2325,Thomas,2026,11,10.896
2325,Thomas,2026,12,11.993
2326,Thomasboro,2026,1,34.248
2326,Thomasboro,2026,2,33.655
2326,Thomasboro,2026,3,31.444
2326,Thomasboro,2026,4,26.952
2326,Thomasboro,2026,5,22.385
2326,Thomasboro,2026,6,25.628
2326,Thomasboro,2026,7,27.407
2326,Thomasboro,2026,8,29.831
2326,Thomasboro,2026,9,27.698
2326,Thomasboro,2026,10,25.152
2326,Thomasboro,2026,11,33.378
2326,Thomasboro,2026,12,38.312
2328,Thompson Falls,2026,1,40.399
2328,Thompson Falls,2026,2,36.945
2328,Thompson Falls,2026,3,30.651
2328,Thompson Falls,2026,4,24.721
2328,Thompson Falls,2026,5,21.056
2328,Thompson Falls,2026,6,23.582
2328,Thompson Falls,2026,7,25.393
2328,Thompson Falls,2026,8,27.378
2328,Thompson Falls,2026,9,25.139
2328,Thompson Falls,2026,10,23.16
2328,Thompson Falls,2026,11,29.687
2328,Thompson Falls,2026,12,34.526
2329,Thoothukudi,2025,11,76.926
2329,Thoothukudi,2025,12,80.029
2329,Thoothukudi,2026,1,80.563
2329,Thoothukudi,2026,2,80.192
2329,Thoothukudi,2026,3,73.133
2329,Thoothukudi,2026,4,70.392
2329,Thoothukudi,2026,5,65.988
2329,Thoothukudi,2026,6,65.441
2329,Thoothukudi,2026,7,61.623
2329,Thoothukudi,2026,8,62.529
2329,Thoothukudi,2026,9,62.465
2329,Thoothukudi,2026,10,78.087
2330,Thousand Oaks,2026,1,34.574
2330,Thousand Oaks,2026,2,32.456
2330,Thousand Oaks,2026,3,29.396
2330,Thousand Oaks,2026,4,25.141
2330,Thousand Oaks,2026,5,22.206
2330,Thousand Oaks,2026,6,24.625
2330,Thousand Oaks,2026,7,26.13
2330,Thousand Oaks,2026,8,28.916
2330,Thousand Oaks,2026,9,26.298
2330,Thousand Oaks,2026,10,25.286
2330,Thousand Oaks,2026,11,32.482
2330,Thousand Oaks,2026,12,37.507
2331,Thrissur,2025,11,59.321
2331,Thrissur,2025,12,63.667
2331,Thrissur,2026,1,65.792
2331,Thrissur,2026,2,65.574
2331,Thrissur,2026,3,62.15
2331,Thrissur,2026,4,60.956
2331,Thrissur,2026,5,57.556
2331,Thrissur,2026,6,55.843
2331,Thrissur,2026,7,51.532
2331,Thrissur,2026,8,52.105
2331,Thrissur,2026,9,53.663
2331,Thrissur,2026,10,75.402
2333,Tianjin,2026,1,117.825
2333,Tianjin,2026,2,106.435
2333,Tianjin,2026,3,89.85
2333,Tianjin,2026,4,78.988
2333,Tianjin,2026,5,71.933
2333,Tianjin,2026,6,71.953
2333,Tianjin,2026,7,73.255
2333,Tianjin,2026,8,75.189
2333,Tianjin,2026,9,73.041
2333,Tianjin,2026,10,73.03
2333,Tianjin,2026,11,87.485
2333,Tianjin,2026,12,103.264
2334,Tijuana,2020,1,76.057
2334,Tijuana,2020,2,72.725
2334,Tijuana,2020,3,66.275
2334,Tijuana,2020,4,59.073
2334,Tijuana,2020,5,55.448
2334,Tijuana,2020,6,56.402
2334,Tijuana,2020,7,56.525
2334,Tijuana,2020,8,56.961
2334,Tijuana,2020,9,53.973
2334,Tijuana,2020,10,50.015
2334,Tijuana,2020,11,55.513
2334,Tijuana,2020,12,58.341
2336,Tinsukia,2016,1,155.709
2336,Tinsukia,2016,2,149.876
2336,Tinsukia,2016,3,141.739
2336,Tinsukia,2016,4,129.961
2336,Tinsukia,2016,5,121.422
2336,Tinsukia,2016,6,114.658
2336,Tinsukia,2016,7,107.79
2336,Tinsukia,2016,8,106.943
2336,Tinsukia,2016,9,108.723
2336,Tinsukia,2016,10,115.828
2336,Tinsukia,2016,11,130.415
2336,Tinsukia,2016,12,139.773
2337,Tioga,2026,1,31.301
2337,Tioga,2026,2,29.223
2337,Tioga,2026,3,25.507
2337,Tioga,2026,4,20.957
2337,Tioga,2026,5,17.625
2337,Tioga,2026,6,19.787
2337,Tioga,2026,7,21.047
2337,Tioga,2026,8,23.149
2337,Tioga,2026,9,21.141
2337,Tioga,2026,10,19.29
2337,Tioga,2026,11,25.438
2337,Tioga,2026,12,29.165
2339,Tiruchirappalli,2025,11,57.202
2339,Tiruchirappalli,2025,12,62.689
2339,Tiruchirappalli,2026,1,63.89
2339,Tiruchirappalli,2026,2,65.508
2339,Tiruchirappalli,2026,3,62.15
2339,Tiruchirappalli,2026,4,60.949
2339,Tiruchirappalli,2026,5,58.248
2339,Tiruchirappalli,2026,6,57.181
2339,Tiruchirappalli,2026,7,54.271
2339,Tiruchirappalli,2026,8,53.551
2339,Tiruchirappalli,2026,9,54.634
2339,Tiruchirappalli,2026,10,74.461
2342,Tirupati,2025,11,106.4
2342,Tirupati,2025,12,110.031
2342,Tirupati,2026,1,112.885
2342,Tirupati,2026,2,107.613
2342,Tirupati,2026,3,101.239
2342,Tirupati,2026,4,95.708
2342,Tirupati,2026,5,89.703
2342,Tirupati,2026,6,80.491
2342,Tirupati,2026,7,72.555
2342,Tirupati,2026,8,72.067
2342,Tirupati,2026,9,72.474
2342,Tirupati,2026,10,88.482
2347,Tokyo,2026,1,44.076
2347,Tokyo,2026,2,43.1
2347,Tokyo,2026,3,39.994
2347,Tokyo,2026,4,36.709
2347,Tokyo,2026,5,33.083
2347,Tokyo,2026,6,36.686
2347,Tokyo,2026,7,40.186
2347,Tokyo,2026,8,44.192
2347,Tokyo,2026,9,40.587
2347,Tokyo,2026,10,39.398
2347,Tokyo,2026,11,48.825
2347,Tokyo,2026,12,53.669
2348,Toledo,2026,1,49.351
2348,Toledo,2026,2,45.495
2348,Toledo,2026,3,38.491
2348,Toledo,2026,4,31.744
2348,Toledo,2026,5,27.272
2348,Toledo,2026,6,29.521
2348,Toledo,2026,7,31.93
2348,Toledo,2026,8,33.505
2348,Toledo,2026,9,31.072
2348,Toledo,2026,10,28.489
2348,Toledo,2026,11,37.266
2348,Toledo,2026,12,43.072
2349,"Toledo, OH",2026,1,34.248
2349,"Toledo, OH",2026,2,33.655
2349,"Toledo, OH",2026,3,31.461
2349,"Toledo, OH",2026,4,26.952
2349,"Toledo, OH",2026,5,22.385
2349,"Toledo, OH",2026,6,25.253
2349,"Toledo, OH",2026,7,27.407
2349,"Toledo, OH",2026,8,29.789
2349,"Toledo, OH",2026,9,27.698
2349,"Toledo, OH",2026,10,24.882
2349,"Toledo, OH",2026,11,32.879
2349,"Toledo, OH",2026,12,37.275
2350,Tomball,2026,1,46.998
2350,Tomball,2026,2,43.454
2350,Tomball,2026,3,37.736
2350,Tomball,2026,4,30.787
2350,Tomball,2026,5,26.2
2350,Tomball,2026,6,29.577
2350,Tomball,2026,7,31.878
2350,Tomball,2026,8,33.406
2350,Tomball,2026,9,31.254
2350,Tomball,2026,10,29.453
2350,Tomball,2026,11,37.568
2350,Tomball,2026,12,43.072
2351,Toms River,2026,1,32.785
2351,Toms River,2026,2,30.848
2351,Toms River,2026,3,26.406
2351,Toms River,2026,4,21.989
2351,Toms River,2026,5,18.424
2351,Toms River,2026,6,20.284
2351,Toms River,2026,7,22.367
2351,Toms River,2026,8,24.246
2351,Toms River,2026,9,21.453
2351,Toms River,2026,10,19.784
2351,Toms River,2026,11,24.928
2351,Toms River,2026,12,28.239
2352,Tonawanda,2026,1,40.925
2352,Tonawanda,2026,2,36.927
2352,Tonawanda,2026,3,31.078
2352,Tonawanda,2026,4,25.563
2352,Tonawanda,2026,5,21.688
2352,Tonawanda,2026,6,24.581
2352,Tonawanda,2026,7,26.312
2352,Tonawanda,2026,8,28.981
2352,Tonawanda,2026,9,26.386
2352,Tonawanda,2026,10,24.495
2352,Tonawanda,2026,11,32.082
2352,Tonawanda,2026,12,37.275
2354,Tonto National Monument,2026,1,25.024
2354,Tonto National Monument,2026,2,23.219
2354,Tonto National Monument,2026,3,19.775
2354,Tonto National Monument,2026,4,15.935
2354,Tonto National Monument,2026,5,13.544
2354,Tonto National Monument,2026,6,14.996
2354,Tonto National Monument,2026,7,15.823
2354,Tonto National Monument,2026,8,16.677
2354,Tonto National Monument,2026,9,14.543
2354,Tonto National Monument,2026,10,12.834
2354,Tonto National Monument,2026,11,16.201
2354,Tonto National Monument,2026,12,18.706
2355,Tooele,2017,1,32.161
2355,Tooele,2017,2,30.484
2355,Tooele,2017,3,26.588
2355,Tooele,2017,4,21.667
2355,Tooele,2017,5,18.703
2355,Tooele,2017,6,20.866
2355,Tooele,2017,7,22.551
2355,Tooele,2017,8,24.372
2355,Tooele,2017,9,21.597
2355,Tooele,2017,10,19.586
2355,Tooele,2017,11,25.527
2355,Tooele,2017,12,29.264
2356,Topeka,2026,1,42.975
2356,Topeka,2026,2,39.087
2356,Topeka,2026,3,33.19
2356,Topeka,2026,4,28.57
2356,Topeka,2026,5,24.433
2356,Topeka,2026,6,26.654
2356,Topeka,2026,7,29.112
2356,Topeka,2026,8,31.635
2356,Topeka,2026,9,29.22
2356,Topeka,2026,10,26.597
2356,Topeka,2026,11,34.735
2356,Topeka,2026,12,37.88
2357,Toppenish,2026,1,34.196
2357,Toppenish,2026,2,32.332
2357,Toppenish,2026,3,29.231
2357,Toppenish,2026,4,24.891
2357,Toppenish,2026,5,20.874
2357,Toppenish,2026,6,23.483
2357,Toppenish,2026,7,25.39
2357,Toppenish,2026,8,27.284
2357,Toppenish,2026,9,25.067
2357,Toppenish,2026,10,23.798
2357,Toppenish,2026,11,29.928
2357,Toppenish,2026,12,34.526
2358,Toronto,2026,1,33.012
2358,Toronto,2026,2,30.296
2358,Toronto,2026,3,27.472
2358,Toronto,2026,4,23.074
2358,Toronto,2026,5,20.386
2358,Toronto,2026,6,22.322
2358,Toronto,2026,7,24.501
2358,Toronto,2026,8,25.914
2358,Toronto,2026,9,23.271
2358,Toronto,2026,10,21.377
2358,Toronto,2026,11,27.196
2358,Toronto,2026,12,32.603
2359,Torres-Martinez I.R.,2020,1,77.744
2359,Torres-Martinez I.R.,2020,2,72.876
2359,Torres-Martinez I.R.,2020,3,66.758
2359,Torres-Martinez I.R.,2020,4,58.998
2359,Torres-Martinez I.R.,2020,5,54.884
2359,Torres-Martinez I.R.,2020,6,55.438
2359,Torres-Martinez I.R.,2020,7,55.806
2359,Torres-Martinez I.R.,2020,8,55.923
2359,Torres-Martinez I.R.,2020,9,52.5
2359,Torres-Martinez I.R.,2020,10,48.008
2359,Torres-Martinez I.R.,2020,11,53.837
2359,Torres-Martinez I.R.,2020,12,56.457
2362,Tracy,2026,1,33.147
2362,Tracy,2026,2,31.935
2362,Tracy,2026,3,27.624
2362,Tracy,2026,4,22.327
2362,Tracy,2026,5,19.905
2362,Tracy,2026,6,21.358
2362,Tracy,2026,7,23.332
2362,Tracy,2026,8,25.304
2362,Tracy,2026,9,22.844
2362,Tracy,2026,10,20.498
2362,Tracy,2026,11,26.149
2362,Tracy,2026,12,31.055
2363,Trafalgar,2018,1,34.703
2363,Trafalgar,2018,2,34.031
2363,Trafalgar,2018,3,33.395
2363,Trafalgar,2018,4,31.048
2363,Trafalgar,2018,5,28.018
2363,Trafalgar,2018,6,31.352
2363,Trafalgar,2018,7,33.979
2363,Trafalgar,2018,8,35.048
2363,Trafalgar,2018,9,33.148
2363,Trafalgar,2018,10,31.802
2363,Trafalgar,2018,11,38.993
2363,Trafalgar,2018,12,43.65
2364,Trapper Creek,2026,1,8.534
2364,Trapper Creek,2026,2,7.42
2364,Trapper Creek,2026,3,6.505
2364,Trapper Creek,2026,4,4.964
2364,Trapper Creek,2026,5,4.676
2364,Trapper Creek,2026,6,6.36
2364,Trapper Creek,2026,7,6.491
2364,Trapper Creek,2026,8,6.487
2364,Trapper Creek,2026,9,4.231
2364,Trapper Creek,2026,10,4.118
2364,Trapper Creek,2026,11,7.503
2364,Trapper Creek,2026,12,8.415
2366,Trego,2026,1,31.48
2366,Trego,2026,2,28.632
2366,Trego,2026,3,23.984
2366,Trego,2026,4,19.628
2366,Trego,2026,5,16.601
2366,Trego,2026,6,18.219
2366,Trego,2026,7,19.59
2366,Trego,2026,8,21.139
2366,Trego,2026,9,19.523
2366,Trego,2026,10,17.444
2366,Trego,2026,11,22.921
2366,Trego,2026,12,25.179
2367,Trenton,2026,1,35.557
2367,Trenton,2026,2,32.094
2367,Trenton,2026,3,27.784
2367,Trenton,2026,4,22.306
2367,Trenton,2026,5,19.826
2367,Trenton,2026,6,21.921
2367,Trenton,2026,7,23.437
2367,Trenton,2026,8,25.304
2367,Trenton,2026,9,22.577
2367,Trenton,2026,10,20.67
2367,Trenton,2026,11,26.45
2367,Trenton,2026,12,31.055
2368,"Trenton, NJ",2026,1,34.06
2368,"Trenton, NJ",2026,2,33.709
2368,"Trenton, NJ",2026,3,31.346
2368,"Trenton, NJ",2026,4,27.19
2368,"Trenton, NJ",2026,5,23.524
2368,"Trenton, NJ",2026,6,25.76
2368,"Trenton, NJ",2026,7,27.467
2368,"Trenton, NJ",2026,8,29.831
2368,"Trenton, NJ",2026,9,27.473
2368,"Trenton, NJ",2026,10,24.708
2368,"Trenton, NJ",2026,11,32.757
2368,"Trenton, NJ",2026,12,37.275
2370,Trimble,2026,1,34.016
2370,Trimble,2026,2,33.7
2370,Trimble,2026,3,31.299
2370,Trimble,2026,4,27.29
2370,Trimble,2026,5,23.446
2370,Trimble,2026,6,25.84
2370,Trimble,2026,7,27.467
2370,Trimble,2026,8,29.831
2370,Trimble,2026,9,27.25
2370,Trimble,2026,10,24.788
2370,Trimble,2026,11,32.767
2370,Trimble,2026,12,37.275
2371,Trinity,2026,1,9.128
2371,Trinity,2026,2,8.125
2371,Trinity,2026,3,7.442
2371,Trinity,2026,4,6.325
2371,Trinity,2026,5,5.25
2371,Trinity,2026,6,6.091
2371,Trinity,2026,7,6.386
2371,Trinity,2026,8,6.487
2371,Trinity,2026,9,4.276
2371,Trinity,2026,10,3.963
2371,Trinity,2026,11,7.31
2371,Trinity,2026,12,8.415
2374,Truckee,2026,1,13.934
2374,Truckee,2026,2,11.985
2374,Truckee,2026,3,9.727
2374,Truckee,2026,4,7.845
2374,Truckee,2026,5,6.607
2374,Truckee,2026,6,6.912
2374,Truckee,2026,7,6.491
2374,Truckee,2026,8,6.487
2374,Truckee,2026,9,4.231
2374,Truckee,2026,10,4.091
2374,Truckee,2026,11,7.491
2374,Truckee,2026,12,8.415
2375,"Truckee-Grass Valley, CA",2016,1,34.191
2375,"Truckee-Grass Valley, CA",2016,2,33.92
2375,"Truckee-Grass Valley, CA",2016,3,31.455
2375,"Truckee-Grass Valley, CA",2016,4,27.217
2375,"Truckee-Grass Valley, CA",2016,5,23.648
2375,"Truckee-Grass Valley, CA",2016,6,25.883
2375,"Truckee-Grass Valley, CA",2016,7,27.601
2375,"Truckee-Grass Valley, CA",2016,8,29.895
2375,"Truckee-Grass Valley, CA",2016,9,27.529
2375,"Truckee-Grass Valley, CA",2016,10,24.764
2375,"Truckee-Grass Valley, CA",2016,11,32.856
2375,"Truckee-Grass Valley, CA",2016,12,37.375
2376,Truro,2026,1,17.127
2376,Truro,2026,2,14.758
2376,Truro,2026,3,12.481
2376,Truro,2026,4,10.074
2376,Truro,2026,5,9.237
2376,Truro,2026,6,10.479
2376,Truro,2026,7,11.42
2376,Truro,2026,8,12.306
2376,Truro,2026,9,10.436
2376,Truro,2026,10,9.198
2376,Truro,2026,11,12.369
2376,Truro,2026,12,13.994
2377,Tualatin,2026,1,28.772
2377,Tualatin,2026,2,25.113
2377,Tualatin,2026,3,21.233
2377,Tualatin,2026,4,17.61
2377,Tualatin,2026,5,15.088
2377,Tualatin,2026,6,17.09
2377,Tualatin,2026,7,18.501
2377,Tualatin,2026,8,20.109
2377,Tualatin,2026,9,18.789
2377,Tualatin,2026,10,16.908
2377,Tualatin,2026,11,21.636
2377,Tualatin,2026,12,23.552
2378,Tucker,2026,1,13.882
2378,Tucker,2026,2,11.872
2378,Tucker,2026,3,10.078
2378,Tucker,2026,4,8.439
2378,Tucker,2026,5,7.413
2378,Tucker,2026,6,8.578
2378,Tucker,2026,7,9.131
2378,Tucker,2026,8,10.36
2378,Tucker,2026,9,8.944
2378,Tucker,2026,10,7.424
2378,Tucker,2026,11,10.074
2378,Tucker,2026,12,11.743
2379,Tucson,2026,1,36.12
2379,Tucson,2026,2,32.197
2379,Tucson,2026,3,27.542
2379,Tucson,2026,4,22.327
2379,Tucson,2026,5,19.398
2379,Tucson,2026,6,21.27
2379,Tucson,2026,7,23.332
2379,Tucson,2026,8,25.304
2379,Tucson,2026,9,22.771
2379,Tucson,2026,10,20.41
2379,Tucson,2026,11,26.149
2379,Tucson,2026,12,31.055
2380,"Tucson, AZ",2026,1,23.227
2380,"Tucson, AZ",2026,2,20.873
2380,"Tucson, AZ",2026,3,17.138
2380,"Tucson, AZ",2026,4,14.411
2380,"Tucson, AZ",2026,5,12.457
2380,"Tucson, AZ",2026,6,14.355
2380,"Tucson, AZ",2026,7,15.182
2380,"Tucson, AZ",2026,8,16.564
2380,"Tucson, AZ",2026,9,14.543
2380,"Tucson, AZ",2026,10,13.023
2380,"Tucson, AZ",2026,11,18.095
2380,"Tucson, AZ",2026,12,21.279
2383,Tulalip Bay,2026,1,9.086
2383,Tulalip Bay,2026,2,8.193
2383,Tulalip Bay,2026,3,7.351
2383,Tulalip Bay,2026,4,6.383
2383,Tulalip Bay,2026,5,5.119
2383,Tulalip Bay,2026,6,6.385
2383,Tulalip Bay,2026,7,6.491
2383,Tulalip Bay,2026,8,6.487
2383,Tulalip Bay,2026,9,4.231
2383,Tulalip Bay,2026,10,4.091
2383,Tulalip Bay,2026,11,7.534
2383,Tulalip Bay,2026,12,8.415
2384,Tulsa,2026,1,44.823
2384,Tulsa,2026,2,40.176
2384,Tulsa,2026,3,34.456
2384,Tulsa,2026,4,29.623
2384,Tulsa,2026,5,26.801
2384,Tulsa,2026,6,28.631
2384,Tulsa,2026,7,31.347
2384,Tulsa,2026,8,33.505
2384,Tulsa,2026,9,30.985
2384,Tulsa,2026,10,27.749
2384,Tulsa,2026,11,35.941
2384,Tulsa,2026,12,40.539
2387,Tunis,2026,1,72.019
2387,Tunis,2026,2,68.335
2387,Tunis,2026,3,60.324
2387,Tunis,2026,4,55.572
2387,Tunis,2026,5,52.932
2387,Tunis,2026,6,54.719
2387,Tunis,2026,7,57.263
2387,Tunis,2026,8,59.695
2387,Tunis,2026,9,57.047
2387,Tunis,2026,10,55.188
2387,Tunis,2026,11,63.452
2387,Tunis,2026,12,69.333
2389,Tupelo,2026,1,50.142
2389,Tupelo,2026,2,46.472
2389,Tupelo,2026,3,38.797
2389,Tupelo,2026,4,31.617
2389,Tupelo,2026,5,27.336
2389,Tupelo,2026,6,29.475
2389,Tupelo,2026,7,31.93
2389,Tupelo,2026,8,33.505
2389,Tupelo,2026,9,31.072
2389,Tupelo,2026,10,28.401
2389,Tupelo,2026,11,37.266
2389,Tupelo,2026,12,43.072
2390,Tura,2015,10,63.75
2390,Tura,2015,11,79.693
2390,Tura,2015,12,83.065
2390,Tura,2016,1,86.907
2390,Tura,2016,2,86.697
2390,Tura,2016,3,83.719
2390,Tura,2016,4,78.004
2390,Tura,2016,5,75.44
2390,Tura,2016,6,76.409
2390,Tura,2016,7,78.27
2390,Tura,2016,8,79.839
2390,Tura,2016,9,79.206
2391,Turlock,2026,1,48.358
2391,Turlock,2026,2,43.822
2391,Turlock,2026,3,36.294
2391,Turlock,2026,4,29.689
2391,Turlock,2026,5,25.11
2391,Turlock,2026,6,27.639
2391,Turlock,2026,7,30.158
2391,Turlock,2026,8,32.693
2391,Turlock,2026,9,29.933
2391,Turlock,2026,10,26.455
2391,Turlock,2026,11,34.847
2391,Turlock,2026,12,37.88
2392,Turner,2025,10,15.342
2392,Turner,2025,11,20.545
2392,Turner,2025,12,23.167
2392,Turner,2026,1,23.963
2392,Turner,2026,2,21.038
2392,Turner,2026,3,17.777
2392,Turner,2026,4,14.462
2392,Turner,2026,5,12.457
2392,Turner,2026,6,14.355
2392,Turner,2026,7,15.182
2392,Turner,2026,8,16.583
2392,Turner,2026,9,14.543
2393,Tuscaloosa,2026,1,37.173
2393,Tuscaloosa,2026,2,33.539
2393,Tuscaloosa,2026,3,28.828
2393,Tuscaloosa,2026,4,23.01
2393,Tuscaloosa,2026,5,20.337
2393,Tuscaloosa,2026,6,22.517
2393,Tuscaloosa,2026,7,24.552
2393,Tuscaloosa,2026,8,25.986
2393,Tuscaloosa,2026,9,23.312
2393,Tuscaloosa,2026,10,21.418
2393,Tuscaloosa,2026,11,27.329
2393,Tuscaloosa,2026,12,32.3
2394,Tuscola,2026,1,34.06
2394,Tuscola,2026,2,33.72
2394,Tuscola,2026,3,31.346
2394,Tuscola,2026,4,26.972
2394,Tuscola,2026,5,22.862
2394,Tuscola,2026,6,24.84
2394,Tuscola,2026,7,26.207
2394,Tuscola,2026,8,29.023
2394,Tuscola,2026,9,27.133
2394,Tuscola,2026,10,24.708
2394,Tuscola,2026,11,32.757
2394,Tuscola,2026,12,37.275
2395,Twin Falls,2026,1,26.75
2395,Twin Falls,2026,2,24.053
2395,Twin Falls,2026,3,20.576
2395,Twin Falls,2026,4,16.799
2395,Twin Falls,2026,5,14.24
2395,Twin Falls,2026,6,15.777
2395,Twin Falls,2026,7,16.657
2395,Twin Falls,2026,8,17.633
2395,Twin Falls,2026,9,15.293
2395,Twin Falls,2026,10,14.034
2395,Twin Falls,2026,11,18.79
2395,Twin Falls,2026,12,21.687
2396,"Twin Falls, ID",2020,1,21.984
2396,"Twin Falls, ID",2020,2,19.089
2396,"Twin Falls, ID",2020,3,16.308
2396,"Twin Falls, ID",2020,4,13.346
2396,"Twin Falls, ID",2020,5,11.544
2396,"Twin Falls, ID",2020,6,13.222
2396,"Twin Falls, ID",2020,7,14.098
2396,"Twin Falls, ID",2020,8,15.715
2396,"Twin Falls, ID",2020,9,13.786
2396,"Twin Falls, ID",2020,10,12.131
2396,"Twin Falls, ID",2020,11,16.179
2396,"Twin Falls, ID",2020,12,18.687
2397,Twisp,2026,1,32.46
2397,Twisp,2026,2,29.763
2397,Twisp,2026,3,25.17
2397,Twisp,2026,4,20.957
2397,Twisp,2026,5,17.457
2397,Twisp,2026,6,19.523
2397,Twisp,2026,7,20.834
2397,Twisp,2026,8,22.621
2397,Twisp,2026,9,20.501
2397,Twisp,2026,10,18.329
2397,Twisp,2026,11,24.03
2397,Twisp,2026,12,27.917
2398,Tyler,2026,1,34.202
2398,Tyler,2026,2,33.466
2398,Tyler,2026,3,31.389
2398,Tyler,2026,4,26.952
2398,Tyler,2026,5,22.189
2398,Tyler,2026,6,24.829
2398,Tyler,2026,7,26.207
2398,Tyler,2026,8,29.023
2398,Tyler,2026,9,27.027
2398,Tyler,2026,10,24.708
2398,Tyler,2026,11,32.879
2398,Tyler,2026,12,37.275
2399,Udaipur,2025,11,121.026
2399,Udaipur,2025,12,120.119
2399,Udaipur,2026,1,119.919
2399,Udaipur,2026,2,105.95
2399,Udaipur,2026,3,98.384
2399,Udaipur,2026,4,92.59
2399,Udaipur,2026,5,85.078
2399,Udaipur,2026,6,79.5
2399,Udaipur,2026,7,73.582
2399,Udaipur,2026,8,73.813
2399,Udaipur,2026,9,73.554
2399,Udaipur,2026,10,86.792
2402,Ujjain,2025,6,63.238
2402,Ujjain,2025,7,59.401
2402,Ujjain,2025,8,58.329
2402,Ujjain,2025,9,58.259
2402,Ujjain,2025,10,79.699
2402,Ujjain,2025,11,87.93
2402,Ujjain,2025,12,94.556
2402,Ujjain,2026,1,96.178
2402,Ujjain,2026,2,95.593
2402,Ujjain,2026,3,88.218
2402,Ujjain,2026,4,84.777
2402,Ujjain,2026,5,80.569
2403,Ukiah,2025,1,37.356
2403,Ukiah,2025,2,33.346
2403,Ukiah,2025,3,29.014
2403,Ukiah,2025,4,24.595
2403,Ukiah,2025,5,20.825
2403,Ukiah,2025,6,23.49
2403,Ukiah,2025,7,25.296
2403,Ukiah,2025,8,27.284
2403,Ukiah,2025,9,25.067
2403,Ukiah,2025,10,23.574
2403,Ukiah,2025,11,29.896
2403,Ukiah,2025,12,34.526
2404,Ulaanbaatar,2026,1,145.785
2404,Ulaanbaatar,2026,2,130.788
2404,Ulaanbaatar,2026,3,112.579
2404,Ulaanbaatar,2026,4,94.242
2404,Ulaanbaatar,2026,5,83.52
2404,Ulaanbaatar,2026,6,87.885
2404,Ulaanbaatar,2026,7,88.357
2404,Ulaanbaatar,2026,8,90.891
2404,Ulaanbaatar,2026,9,82.198
2404,Ulaanbaatar,2026,10,80.05
2404,Ulaanbaatar,2026,11,93.685
2404,Ulaanbaatar,2026,12,109.844
2405,Ulhasnagar,2025,11,102.3
2405,Ulhasnagar,2025,12,109.575
2405,Ulhasnagar,2026,1,116.927
2405,Ulhasnagar,2026,2,110.701
2405,Ulhasnagar,2026,3,100.648
2405,Ulhasnagar,2026,4,96.216
2405,Ulhasnagar,2026,5,92.784
2405,Ulhasnagar,2026,6,84.351
2405,Ulhasnagar,2026,7,74.565
2405,Ulhasnagar,2026,8,72.456
2405,Ulhasnagar,2026,9,73.369
2405,Ulhasnagar,2026,10,94.423
2408,Una,2016,1,110.894
2408,Una,2016,2,106.966
2408,Una,2016,3,102.69
2408,Una,2016,4,96.537
2408,Una,2016,5,93.926
2408,Una,2016,6,90.218
2408,Una,2016,7,87.121
2408,Una,2016,8,85.466
2408,Una,2016,9,86.025
2408,Una,2016,10,93.767
2408,Una,2016,11,111.369
2408,Una,2016,12,125.397
2409,Underhill (Town of),2026,1,22.196
2409,Underhill (Town of),2026,2,20.068
2409,Underhill (Town of),2026,3,16.78
2409,Underhill (Town of),2026,4,13.711
2409,Underhill (Town of),2026,5,12.241
2409,Underhill (Town of),2026,6,13.457
2409,Underhill (Town of),2026,7,14.299
2409,Underhill (Town of),2026,8,15.734
2409,Underhill (Town of),2026,9,13.92
2409,Underhill (Town of),2026,10,12.18
2409,Underhill (Town of),2026,11,15.65
2409,Underhill (Town of),2026,12,18.01
2410,Union City,2026,1,34.434
2410,Union City,2026,2,33.655
2410,Union City,2026,3,31.461
2410,Union City,2026,4,26.952
2410,Union City,2026,5,22.385
2410,Union City,2026,6,24.96
2410,Union City,2026,7,26.312
2410,Union City,2026,8,28.981
2410,Union City,2026,9,26.386
2410,Union City,2026,10,23.875
2410,Union City,2026,11,31.328
2410,Union City,2026,12,36.32
2413,Upland,2020,1,47.196
2413,Upland,2020,2,44.087
2413,Upland,2020,3,37.221
2413,Upland,2020,4,30.607
2413,Upland,2020,5,25.737
2413,Upland,2020,6,28.59
2413,Upland,2020,7,30.924
2413,Upland,2020,8,32.655
2413,Upland,2020,9,30.148
2413,Upland,2020,10,28.512
2413,Upland,2020,11,36.019
2413,Upland,2020,12,41.782
2414,"Urban Honolulu, HI",2026,1,24.655
2414,"Urban Honolulu, HI",2026,2,22.5
2414,"Urban Honolulu, HI",2026,3,19.04
2414,"Urban Honolulu, HI",2026,4,15.75
2414,"Urban Honolulu, HI",2026,5,13.299
2414,"Urban Honolulu, HI",2026,6,15.173
2414,"Urban Honolulu, HI",2026,7,16.527
2414,"Urban Honolulu, HI",2026,8,17.539
2414,"Urban Honolulu, HI",2026,9,15.293
2414,"Urban Honolulu, HI",2026,10,13.992
2414,"Urban Honolulu, HI",2026,11,18.142
2414,"Urban Honolulu, HI",2026,12,21.279
2418,Utica,2026,1,34.267
2418,Utica,2026,2,31.6
2418,Utica,2026,3,27.81
2418,Utica,2026,4,22.306
2418,Utica,2026,5,19.398
2418,Utica,2026,6,21.25
2418,Utica,2026,7,23.332
2418,Utica,2026,8,25.304
2418,Utica,2026,9,22.771
2418,Utica,2026,10,20.39
2418,Utica,2026,11,26.271
2418,Utica,2026,12,31.055
2419,"Utica-Rome, NY",2020,1,14.296
2419,"Utica-Rome, NY",2020,2,12.267
2419,"Utica-Rome, NY",2020,3,10.957
2419,"Utica-Rome, NY",2020,4,8.656
2419,"Utica-Rome, NY",2020,5,7.392
2419,"Utica-Rome, NY",2020,6,8.54
2419,"Utica-Rome, NY",2020,7,9.131
2419,"Utica-Rome, NY",2020,8,10.36
2419,"Utica-Rome, NY",2020,9,8.944
2419,"Utica-Rome, NY",2020,10,7.424
2419,"Utica-Rome, NY",2020,11,10.074
2419,"Utica-Rome, NY",2020,12,11.743
2421,Uxbridge,2025,9,23.537
2421,Uxbridge,2025,10,21.418
2421,Uxbridge,2025,11,26.854
2421,Uxbridge,2025,12,31.408
2421,Uxbridge,2026,1,31.183
2421,Uxbridge,2026,2,29.754
2421,Uxbridge,2026,3,25.347
2421,Uxbridge,2026,4,21.015
2421,Uxbridge,2026,5,18.196
2421,Uxbridge,2026,6,20.485
2421,Uxbridge,2026,7,22.461
2421,Uxbridge,2026,8,24.339
2422,Vacaville,2026,1,24.091
2422,Vacaville,2026,2,21.879
2422,Vacaville,2026,3,17.875
2422,Vacaville,2026,4,14.515
2422,Vacaville,2026,5,12.78
2422,Vacaville,2026,6,13.965
2422,Vacaville,2026,7,14.299
2422,Vacaville,2026,8,15.734
2422,Vacaville,2026,9,13.92
2422,Vacaville,2026,10,12.203
2422,Vacaville,2026,11,15.659
2422,Vacaville,2026,12,18.01
2423,Vadodara,2015,12,109.163
2423,Vadodara,2016,1,112.088
2423,Vadodara,2016,2,113.467
2423,Vadodara,2016,3,108.842
2423,Vadodara,2016,4,103.662
2423,Vadodara,2016,5,102.774
2423,Vadodara,2016,6,97.453
2423,Vadodara,2016,7,94.107
2423,Vadodara,2016,8,93.158
2423,Vadodara,2016,9,92.61
2423,Vadodara,2016,10,99.72
2423,Vadodara,2016,11,114.647
2424,Valdosta,2026,1,45.909
2424,Valdosta,2026,2,41.998
2424,Valdosta,2026,3,34.719
2424,Valdosta,2026,4,29.331
2424,Valdosta,2026,5,26.723
2424,Valdosta,2026,6,28.719
2424,Valdosta,2026,7,31.347
2424,Valdosta,2026,8,33.505
2424,Valdosta,2026,9,31.072
2424,Valdosta,2026,10,28.489
2424,Valdosta,2026,11,37.266
2424,Valdosta,2026,12,43.072
2425,Vallejo,2025,1,24.799
2425,Vallejo,2025,2,23.243
2425,Vallejo,2025,3,19.913
2425,Vallejo,2025,4,15.973
2425,Vallejo,2025,5,13.401
2425,Vallejo,2025,6,15.336
2425,Vallejo,2025,7,16.433
2425,Vallejo,2025,8,17.52
2425,Vallejo,2025,9,15.293
2425,Vallejo,2025,10,13.782
2425,Vallejo,2025,11,18.271
2425,Vallejo,2025,12,21.279
2426,Valrico,2026,1,40.925
2426,Valrico,2026,2,36.881
2426,Valrico,2026,3,31.078
2426,Valrico,2026,4,25.563
2426,Valrico,2026,5,21.688
2426,Valrico,2026,6,24.402
2426,Valrico,2026,7,26.312
2426,Valrico,2026,8,28.981
2426,Valrico,2026,9,26.386
2426,Valrico,2026,10,24.495
2426,Valrico,2026,11,32.082
2426,Valrico,2026,12,37.275
2427,Van Buren,2026,1,38.032
2427,Van Buren,2026,2,35.181
2427,Van Buren,2026,3,30.323
2427,Van Buren,2026,4,24.874
2427,Van Buren,2026,5,21.056
2427,Van Buren,2026,6,23.582
2427,Van Buren,2026,7,25.393
2427,Van Buren,2026,8,27.378
2427,Van Buren,2026,9,25.139
2427,Van Buren,2026,10,23.16
2427,Van Buren,2026,11,29.687
2427,Van Buren,2026,12,34.526
2429,Vancouver,2026,1,39.452
2429,Vancouver,2026,2,36.123
2429,Vancouver,2026,3,31.376
2429,Vancouver,2026,4,26.72
2429,Vancouver,2026,5,22.408
2429,Vancouver,2026,6,25.201
2429,Vancouver,2026,7,27.115
2429,Vancouver,2026,8,29.678
2429,Vancouver,2026,9,27.117
2429,Vancouver,2026,10,25.515
2429,Vancouver,2026,11,33.551
2429,Vancouver,2026,12,38.647
2430,Vancouver,2026,1,25.024
2430,Vancouver,2026,2,23.442
2430,Vancouver,2026,3,19.84
2430,Vancouver,2026,4,15.989
2430,Vancouver,2026,5,13.544
2430,Vancouver,2026,6,14.941
2430,Vancouver,2026,7,15.784
2430,Vancouver,2026,8,16.695
2430,Vancouver,2026,9,14.649
2430,Vancouver,2026,10,12.779
2430,Vancouver,2026,11,16.044
2430,Vancouver,2026,12,18.706
2431,Vandenberg Air Force Base,2019,1,52.902
2431,Vandenberg Air Force Base,2019,2,49.613
2431,Vandenberg Air Force Base,2019,3,41.528
2431,Vandenberg Air Force Base,2019,4,34.159
2431,Vandenberg Air Force Base,2019,5,30.319
2431,Vandenberg Air Force Base,2019,6,32.424
2431,Vandenberg Air Force Base,2019,7,34.239
2431,Vandenberg Air Force Base,2019,8,35.495
2431,Vandenberg Air Force Base,2019,9,33.337
2431,Vandenberg Air Force Base,2019,10,31.422
2431,Vandenberg Air Force Base,2019,11,38.892
2431,Vandenberg Air Force Base,2019,12,43.578
2432,Vapi,2025,11,136.06
2432,Vapi,2025,12,129.979
2432,Vapi,2026,1,127.11
2432,Vapi,2026,2,117.552
2432,Vapi,2026,3,106.999
2432,Vapi,2026,4,99.952
2432,Vapi,2026,5,93.539
2432,Vapi,2026,6,86.232
2432,Vapi,2026,7,76.73
2432,Vapi,2026,8,76.016
2432,Vapi,2026,9,75.653
2432,Vapi,2026,10,89.282
2433,Varanasi,2025,11,105.589
2433,Varanasi,2025,12,108.936
2433,Varanasi,2026,1,114.19
2433,Varanasi,2026,2,109.207
2433,Varanasi,2026,3,102.023
2433,Varanasi,2026,4,96.216
2433,Varanasi,2026,5,92.784
2433,Varanasi,2026,6,83.609
2433,Varanasi,2026,7,74.894
2433,Varanasi,2026,8,71.397
2433,Varanasi,2026,9,70.791
2433,Varanasi,2026,10,87.422
2435,Vasco,2015,11,111.481
2435,Vasco,2015,12,119.031
2435,Vasco,2016,1,123.935
2435,Vasco,2016,2,118.775
2435,Vasco,2016,3,110.812
2435,Vasco,2016,4,103.012
2435,Vasco,2016,5,103.551
2435,Vasco,2016,6,101.168
2435,Vasco,2016,7,97.389
2435,Vasco,2016,8,97.1
2435,Vasco,2016,9,94.33
2435,Vasco,2016,10,101.536
2439,Venice,2026,1,45.117
2439,Venice,2026,2,42.389
2439,Venice,2026,3,35.523
2439,Venice,2026,4,29.419
2439,Venice,2026,5,25.067
2439,Venice,2026,6,28.59
2439,Venice,2026,7,30.966
2439,Venice,2026,8,32.655
2439,Venice,2026,9,30.148
2439,Venice,2026,10,28.512
2439,Venice,2026,11,36.019
2439,Venice,2026,12,41.782
2440,Ventura,2012,1,34.727
2440,Ventura,2012,2,33.973
2440,Ventura,2012,3,31.586
2440,Ventura,2012,4,26.983
2440,Ventura,2012,5,22.48
2440,Ventura,2012,6,25.658
2440,Ventura,2012,7,27.435
2440,Ventura,2012,8,29.894
2440,Ventura,2012,9,27.713
2440,Ventura,2012,10,25.489
2440,Ventura,2012,11,33.403
2440,Ventura,2012,12,38.407
2441,Vernal,2026,1,23.855
2441,Vernal,2026,2,21.676
2441,Vernal,2026,3,18.59
2441,Vernal,2026,4,15.587
2441,Vernal,2026,5,13.713
2441,Vernal,2026,6,14.248
2441,Vernal,2026,7,15.839
2441,Vernal,2026,8,16.612
2441,Vernal,2026,9,14.474
2441,Vernal,2026,10,12.234
2441,Vernal,2026,11,16.097
2441,Vernal,2026,12,18.694
2442,"Vernal, UT",2026,1,17.189
2442,"Vernal, UT",2026,2,14.67
2442,"Vernal, UT",2026,3,12.671
2442,"Vernal, UT",2026,4,10.276
2442,"Vernal, UT",2026,5,9.291
2442,"Vernal, UT",2026,6,10.517
2442,"Vernal, UT",2026,7,11.42
2442,"Vernal, UT",2026,8,12.306
2442,"Vernal, UT",2026,9,10.436
2442,"Vernal, UT",2026,10,9.408
2442,"Vernal, UT",2026,11,12.255
2442,"Vernal, UT",2026,12,14.001
2443,Vernon,2010,1,34.539
2443,Vernon,2010,2,33.656
2443,Vernon,2010,3,31.619
2443,Vernon,2010,4,27.099
2443,Vernon,2010,5,23.748
2443,Vernon,2010,6,25.904
2443,Vernon,2010,7,27.723
2443,Vernon,2010,8,30.018
2443,Vernon,2010,9,28.478
2443,Vernon,2010,10,25.703
2443,Vernon,2010,11,33.68
2443,Vernon,2010,12,38.407
2444,Victoria,2026,1,34.06
2444,Victoria,2026,2,33.709
2444,Victoria,2026,3,31.299
2444,Victoria,2026,4,27.223
2444,Victoria,2026,5,23.446
2444,Victoria,2026,6,25.848
2444,Victoria,2026,7,27.467
2444,Victoria,2026,8,29.831
2444,Victoria,2026,9,27.473
2444,Victoria,2026,10,24.796
2444,Victoria,2026,11,32.757
2444,Victoria,2026,12,37.275
2445,Victorville,2026,1,44.175
2445,Victorville,2026,2,42.387
2445,Victorville,2026,3,36.57
2445,Victorville,2026,4,30.567
2445,Victorville,2026,5,25.982
2445,Victorville,2026,6,28.401
2445,Victorville,2026,7,30.836
2445,Victorville,2026,8,32.655
2445,Victorville,2026,9,30.06
2445,Victorville,2026,10,29.079
2445,Victorville,2026,11,36.375
2445,Victorville,2026,12,41.782
2447,Vienna,2026,1,50.215
2447,Vienna,2026,2,46.628
2447,Vienna,2026,3,39.467
2447,Vienna,2026,4,34.048
2447,Vienna,2026,5,31.367
2447,Vienna,2026,6,33.47
2447,Vienna,2026,7,34.943
2447,Vienna,2026,8,35.511
2447,Vienna,2026,9,33.333
2447,Vienna,2026,10,30.91
2447,Vienna,2026,11,40.633
2447,Vienna,2026,12,47.372
2448,Vienna,2026,1,38.807
2448,Vienna,2026,2,34.552
2448,Vienna,2026,3,30.472
2448,Vienna,2026,4,26.273
2448,Vienna,2026,5,22.381
2448,Vienna,2026,6,25.534
2448,Vienna,2026,7,27.407
2448,Vienna,2026,8,29.831
2448,Vienna,2026,9,27.698
2448,Vienna,2026,10,25.152
2448,Vienna,2026,11,33.378
2448,Vienna,2026,12,38.312
2449,Vijayapura,2025,11,60.975
2449,Vijayapura,2025,12,63.51
2449,Vijayapura,2026,1,67.188
2449,Vijayapura,2026,2,69.313
2449,Vijayapura,2026,3,65.99
2449,Vijayapura,2026,4,63.296
2449,Vijayapura,2026,5,61.697
2449,Vijayapura,2026,6,57.258
2449,Vijayapura,2026,7,51.224
2449,Vijayapura,2026,8,49.655
2449,Vijayapura,2026,9,52.392
2449,Vijayapura,2026,10,74.391
2450,Vijayawada,2025,11,79.666
2450,Vijayawada,2025,12,82.027
2450,Vijayawada,2026,1,84.903
2450,Vijayawada,2026,2,84.936
2450,Vijayawada,2026,3,81.271
2450,Vijayawada,2026,4,77.302
2450,Vijayawada,2026,5,73.16
2450,Vijayawada,2026,6,71.909
2450,Vijayawada,2026,7,66.985
2450,Vijayawada,2026,8,64.793
2450,Vijayawada,2026,9,64.812
2450,Vijayawada,2026,10,78.513
2451,Vilas,2026,1,25.992
2451,Vilas,2026,2,23.957
2451,Vilas,2026,3,20.835
2451,Vilas,2026,4,16.965
2451,Vilas,2026,5,14.398
2451,Vilas,2026,6,15.727
2451,Vilas,2026,7,16.689
2451,Vilas,2026,8,17.52
2451,Vilas,2026,9,15.204
2451,Vilas,2026,10,13.809
2451,Vilas,2026,11,18.207
2451,Vilas,2026,12,21.286
2453,"Vincennes, IN",2026,1,53.966
2453,"Vincennes, IN",2026,2,50.853
2453,"Vincennes, IN",2026,3,42.96
2453,"Vincennes, IN",2026,4,34.911
2453,"Vincennes, IN",2026,5,30.882
2453,"Vincennes, IN",2026,6,32.424
2453,"Vincennes, IN",2026,7,34.239
2453,"Vincennes, IN",2026,8,35.495
2453,"Vincennes, IN",2026,9,33.337
2453,"Vincennes, IN",2026,10,31.453
2453,"Vincennes, IN",2026,11,38.892
2453,"Vincennes, IN",2026,12,43.578
2454,Vinton,2026,1,40.503
2454,Vinton,2026,2,36.868
2454,Vinton,2026,3,30.684
2454,Vinton,2026,4,24.688
2454,Vinton,2026,5,21.09
2454,Vinton,2026,6,23.582
2454,Vinton,2026,7,25.393
2454,Vinton,2026,8,27.378
2454,Vinton,2026,9,25.139
2454,Vinton,2026,10,23.16
2454,Vinton,2026,11,29.687
2454,Vinton,2026,12,34.526
2456,Virgin,2026,1,12.393
2456,Virgin,2026,2,10.862
2456,Virgin,2026,3,8.838
2456,Virgin,2026,4,7.172
2456,Virgin,2026,5,6.504
2456,Virgin,2026,6,6.808
2456,Virgin,2026,7,6.491
2456,Virgin,2026,8,6.487
2456,Virgin,2026,9,4.231
2456,Virgin,2026,10,4.151
2456,Virgin,2026,11,7.299
2456,Virgin,2026,12,8.415
2457,Virginia,2026,1,28.733
2457,Virginia,2026,2,26.093
2457,Virginia,2026,3,22.036
2457,Virginia,2026,4,18.831
2457,Virginia,2026,5,15.954
2457,Virginia,2026,6,17.44
2457,Virginia,2026,7,18.61
2457,Virginia,2026,8,20.128
2457,Virginia,2026,9,18.835
2457,Virginia,2026,10,16.996
2457,Virginia,2026,11,21.514
2457,Virginia,2026,12,23.552
2458,Virginia Beach,2026,1,36.994
2458,Virginia Beach,2026,2,32.736
2458,Virginia Beach,2026,3,27.542
2458,Virginia Beach,2026,4,22.327
2458,Virginia Beach,2026,5,19.704
2458,Virginia Beach,2026,6,21.27
2458,Virginia Beach,2026,7,23.332
2458,Virginia Beach,2026,8,25.304
2458,Virginia Beach,2026,9,22.771
2458,Virginia Beach,2026,10,20.41
2458,Virginia Beach,2026,11,26.149
2458,Virginia Beach,2026,12,31.055
2460,Visakhapatnam,2025,11,116.54
2460,Visakhapatnam,2025,12,117.423
2460,Visakhapatnam,2026,1,121.017
2460,Visakhapatnam,2026,2,112.139
2460,Visakhapatnam,2026,3,104.432
2460,Visakhapatnam,2026,4,99.461
2460,Visakhapatnam,2026,5,92.995
2460,Visakhapatnam,2026,6,83.067
2460,Visakhapatnam,2026,7,75.227
2460,Visakhapatnam,2026,8,71.782
2460,Visakhapatnam,2026,9,71.344
2460,Visakhapatnam,2026,10,88.454
2461,Visalia,2026,1,51.882
2461,Visalia,2026,2,47.954
2461,Visalia,2026,3,39.885
2461,Visalia,2026,4,32.311
2461,Visalia,2026,5,28.133
2461,Visalia,2026,6,30.202
2461,Visalia,2026,7,32.678
2461,Visalia,2026,8,34.29
2461,Visalia,2026,9,32.098
2461,Visalia,2026,10,30.32
2461,Visalia,2026,11,38.448
2461,Visalia,2026,12,43.846
2462,"Visalia-Porterville, CA",2024,9,24.838
2462,"Visalia-Porterville, CA",2024,10,21.951
2462,"Visalia-Porterville, CA",2024,11,28.806
2462,"Visalia-Porterville, CA",2024,12,32.834
2462,"Visalia-Porterville, CA",2025,1,32.29
2462,"Visalia-Porterville, CA",2025,2,29.763
2462,"Visalia-Porterville, CA",2025,3,25.057
2462,"Visalia-Porterville, CA",2025,4,20.977
2462,"Visalia-Porterville, CA",2025,5,17.52
2462,"Visalia-Porterville, CA",2025,6,19.532
2462,"Visalia-Porterville, CA",2025,7,20.943
2462,"Visalia-Porterville, CA",2025,8,22.621
2465,Wabash,2010,1,34.539
2465,Wabash,2010,2,33.81
2465,Wabash,2010,3,31.576
2465,Wabash,2010,4,27.099
2465,Wabash,2010,5,23.748
2465,Wabash,2010,6,25.904
2465,Wabash,2010,7,27.723
2465,Wabash,2010,8,30.018
2465,Wabash,2010,9,28.584
2465,Wabash,2010,10,25.703
2465,Wabash,2010,11,33.68
2465,Wabash,2010,12,38.407
2466,"Wabash, IN",2026,1,34.248
2466,"Wabash, IN",2026,2,33.665
2466,"Wabash, IN",2026,3,31.461
2466,"Wabash, IN",2026,4,26.952
2466,"Wabash, IN",2026,5,22.385
2466,"Wabash, IN",2026,6,25.253
2466,"Wabash, IN",2026,7,27.407
2466,"Wabash, IN",2026,8,29.789
2466,"Wabash, IN",2026,9,27.698
2466,"Wabash, IN",2026,10,24.882
2466,"Wabash, IN",2026,11,32.879
2466,"Wabash, IN",2026,12,37.275
2467,Waco,2026,1,50.595
2467,Waco,2026,2,46.565
2467,Waco,2026,3,38.85
2467,Waco,2026,4,31.574
2467,Waco,2026,5,27.132
2467,Waco,2026,6,29.404
2467,Waco,2026,7,31.964
2467,Waco,2026,8,33.505
2467,Waco,2026,9,31.127
2467,Waco,2026,10,28.401
2467,Waco,2026,11,37.388
2467,Waco,2026,12,43.072
2468,Wade,2020,1,33.977
2468,Wade,2020,2,32.398
2468,Wade,2020,3,28.923
2468,Wade,2020,4,23.55
2468,Wade,2020,5,20.225
2468,Wade,2020,6,22.121
2468,Wade,2020,7,24.371
2468,Wade,2020,8,25.986
2468,Wade,2020,9,23.224
2468,Wade,2020,10,21.349
2468,Wade,2020,11,26.854
2468,Wade,2020,12,31.415
2469,Wadsworth,2020,1,47.725
2469,Wadsworth,2020,2,44.087
2469,Wadsworth,2020,3,37.181
2469,Wadsworth,2020,4,30.607
2469,Wadsworth,2020,5,25.923
2469,Wadsworth,2020,6,28.733
2469,Wadsworth,2020,7,30.878
2469,Wadsworth,2020,8,32.655
2469,Wadsworth,2020,9,30.06
2469,Wadsworth,2020,10,28.655
2469,Wadsworth,2020,11,36.019
2469,Wadsworth,2020,12,41.782
2471,Walla Walla,2026,1,27.526
2471,Walla Walla,2026,2,25.651
2471,Walla Walla,2026,3,21.642
2471,Walla Walla,2026,4,17.631
2471,Walla Walla,2026,5,15.327
2471,Walla Walla,2026,6,17.026
2471,Walla Walla,2026,7,18.61
2471,Walla Walla,2026,8,20.109
2471,Walla Walla,2026,9,18.835
2471,Walla Walla,2026,10,16.908
2471,Walla Walla,2026,11,21.514
2471,Walla Walla,2026,12,23.552
2472,"Walla Walla, WA",2026,1,28.522
2472,"Walla Walla, WA",2026,2,26.831
2472,"Walla Walla, WA",2026,3,22.885
2472,"Walla Walla, WA",2026,4,19.213
2472,"Walla Walla, WA",2026,5,16.448
2472,"Walla Walla, WA",2026,6,18.252
2472,"Walla Walla, WA",2026,7,19.408
2472,"Walla Walla, WA",2026,8,21.12
2472,"Walla Walla, WA",2026,9,19.24
2472,"Walla Walla, WA",2026,10,17.018
2472,"Walla Walla, WA",2026,11,22.378
2472,"Walla Walla, WA",2026,12,25.185
2473,Waller,2015,1,34.672
2473,Waller,2015,2,33.893
2473,Waller,2015,3,31.52
2473,Waller,2015,4,26.979
2473,Waller,2015,5,22.468
2473,Waller,2015,6,25.37
2473,Waller,2015,7,27.436
2473,Waller,2015,8,29.895
2473,Waller,2015,9,27.754
2473,Waller,2015,10,25.266
2473,Waller,2015,11,33.393
2473,Waller,2015,12,38.387
2474,Wallowa,2026,1,21.984
2474,Wallowa,2026,2,19.089
2474,Wallowa,2026,3,16.498
2474,Wallowa,2026,4,13.519
2474,Wallowa,2026,5,11.436
2474,Wallowa,2026,6,12.979
2474,Wallowa,2026,7,13.197
2474,Wallowa,2026,8,14.19
2474,Wallowa,2026,9,12.937
2474,Wallowa,2026,10,11.391
2474,Wallowa,2026,11,14.65
2474,Wallowa,2026,12,16.749
2475,"Walterboro, SC",2020,1,24.799
2475,"Walterboro, SC",2020,2,23.243
2475,"Walterboro, SC",2020,3,19.913
2475,"Walterboro, SC",2020,4,15.973
2475,"Walterboro, SC",2020,5,13.401
2475,"Walterboro, SC",2020,6,15.336
2475,"Walterboro, SC",2020,7,16.433
2475,"Walterboro, SC",2020,8,17.52
2475,"Walterboro, SC",2020,9,15.293
2475,"Walterboro, SC",2020,10,13.782
2475,"Walterboro, SC",2020,11,18.271
2475,"Walterboro, SC",2020,12,21.279
2476,Walters,2017,1,35.003
2476,Walters,2017,2,34.155
2476,Walters,2017,3,31.236
2476,Walters,2017,4,27.471
2476,Walters,2017,5,23.013
2476,Walters,2017,6,26.824
2476,Walters,2017,7,28.563
2476,Walters,2017,8,31.144
2476,Walters,2017,9,29.502
2476,Walters,2017,10,27.403
2476,Walters,2017,11,35.399
2476,Walters,2017,12,40.611
2477,Wanaque (Wanaque-Midvale),2026,1,34.06
2477,Wanaque (Wanaque-Midvale),2026,2,33.466
2477,Wanaque (Wanaque-Midvale),2026,3,31.389
2477,Wanaque (Wanaque-Midvale),2026,4,26.972
2477,Wanaque (Wanaque-Midvale),2026,5,22.559
2477,Wanaque (Wanaque-Midvale),2026,6,24.84
2477,Wanaque (Wanaque-Midvale),2026,7,26.207
2477,Wanaque (Wanaque-Midvale),2026,8,29.023
2477,Wanaque (Wanaque-Midvale),2026,9,27.027
2477,Wanaque (Wanaque-Midvale),2026,10,24.708
2477,Wanaque (Wanaque-Midvale),2026,11,32.757
2477,Wanaque (Wanaque-Midvale),2026,12,37.275
2478,Warangal,2016,1,110.017
2478,Warangal,2016,2,107.001
2478,Warangal,2016,3,104.965
2478,Warangal,2016,4,101.28
2478,Warangal,2016,5,99.03
2478,Warangal,2016,6,95.014
2478,Warangal,2016,7,90.353
2478,Warangal,2016,8,87.638
2478,Warangal,2016,9,85.86
2478,Warangal,2016,10,92.622
2478,Warangal,2016,11,106.958
2478,Warangal,2016,12,113.794
2479,Ware (census name for Ware Center),2026,1,31.183
2479,Ware (census name for Ware Center),2026,2,29.754
2479,Ware (census name for Ware Center),2026,3,25.347
2479,Ware (census name for Ware Center),2026,4,21.015
2479,Ware (census name for Ware Center),2026,5,18.156
2479,Ware (census name for Ware Center),2026,6,20.485
2479,Ware (census name for Ware Center),2026,7,22.367
2479,Ware (census name for Ware Center),2026,8,24.246
2479,Ware (census name for Ware Center),2026,9,21.453
2479,Ware (census name for Ware Center),2026,10,19.853
2479,Ware (census name for Ware Center),2026,11,24.928
2479,Ware (census name for Ware Center),2026,12,28.239
2481,Warner Robins,2026,1,44.823
2481,Warner Robins,2026,2,40.582
2481,Warner Robins,2026,3,34.548
2481,Warner Robins,2026,4,29.649
2481,Warner Robins,2026,5,26.758
2481,Warner Robins,2026,6,28.631
2481,Warner Robins,2026,7,31.347
2481,Warner Robins,2026,8,33.505
2481,Warner Robins,2026,9,31.072
2481,Warner Robins,2026,10,28.401
2481,Warner Robins,2026,11,37.266
2481,Warner Robins,2026,12,43.072
2482,Warren,2026,1,34.016
2482,Warren,2026,2,33.883
2482,Warren,2026,3,31.299
2482,Warren,2026,4,27.29
2482,Warren,2026,5,23.342
2482,Warren,2026,6,25.84
2482,Warren,2026,7,27.467
2482,Warren,2026,8,29.85
2482,Warren,2026,9,27.25
2482,Warren,2026,10,24.788
2482,Warren,2026,11,32.767
2482,Warren,2026,12,37.275
2483,"Warren, PA",2026,1,33.827
2483,"Warren, PA",2026,2,32.398
2483,"Warren, PA",2026,3,29.355
2483,"Warren, PA",2026,4,25.141
2483,"Warren, PA",2026,5,21.951
2483,"Warren, PA",2026,6,24.127
2483,"Warren, PA",2026,7,26.13
2483,"Warren, PA",2026,8,28.943
2483,"Warren, PA",2026,9,26.298
2483,"Warren, PA",2026,10,25.071
2483,"Warren, PA",2026,11,32.482
2483,"Warren, PA",2026,12,37.507
2484,Warrensville Heights,2025,12,40.071
2484,Warrensville Heights,2026,1,38.765
2484,Warrensville Heights,2026,2,34.56
2484,Warrensville Heights,2026,3,30.472
2484,Warrensville Heights,2026,4,26.273
2484,Warrensville Heights,2026,5,22.381
2484,Warrensville Heights,2026,6,25.156
2484,Warrensville Heights,2026,7,27.407
2484,Warrensville Heights,2026,8,29.831
2484,Warrensville Heights,2026,9,27.698
2484,Warrensville Heights,2026,10,24.86
2484,Warrensville Heights,2026,11,32.789
2485,Warsaw,2026,1,64.117
2485,Warsaw,2026,2,60.985
2485,Warsaw,2026,3,54.267
2485,Warsaw,2026,4,47.679
2485,Warsaw,2026,5,42.321
2485,Warsaw,2026,6,44.559
2485,Warsaw,2026,7,46.849
2485,Warsaw,2026,8,48.301
2485,Warsaw,2026,9,44.96
2485,Warsaw,2026,10,40.062
2485,Warsaw,2026,11,51.177
2485,Warsaw,2026,12,56.109
2486,Washington,2026,1,33.957
2486,Washington,2026,2,31.207
2486,Washington,2026,3,28.128
2486,Washington,2026,4,23.55
2486,Washington,2026,5,20.891
2486,Washington,2026,6,22.039
2486,Washington,2026,7,24.371
2486,Washington,2026,8,25.96
2486,Washington,2026,9,23.224
2486,Washington,2026,10,21.043
2486,Washington,2026,11,26.854
2486,Washington,2026,12,31.415
2487,"Washington Court House, OH",2020,1,34.06
2487,"Washington Court House, OH",2020,2,33.709
2487,"Washington Court House, OH",2020,3,31.299
2487,"Washington Court House, OH",2020,4,27.223
2487,"Washington Court House, OH",2020,5,23.446
2487,"Washington Court House, OH",2020,6,25.848
2487,"Washington Court House, OH",2020,7,27.467
2487,"Washington Court House, OH",2020,8,29.831
2487,"Washington Court House, OH",2020,9,27.473
2487,"Washington Court House, OH",2020,10,24.796
2487,"Washington Court House, OH",2020,11,32.757
2487,"Washington Court House, OH",2020,12,37.275
2489,"Washington, IN",2020,1,34.06
2489,"Washington, IN",2020,2,33.709
2489,"Washington, IN",2020,3,31.299
2489,"Washington, IN",2020,4,27.19
2489,"Washington, IN",2020,5,23.446
2489,"Washington, IN",2020,6,25.76
2489,"Washington, IN",2020,7,27.467
2489,"Washington, IN",2020,8,29.831
2489,"Washington, IN",2020,9,27.473
2489,"Washington, IN",2020,10,24.708
2489,"Washington, IN",2020,11,32.757
2489,"Washington, IN",2020,12,37.275
2490,"Washington-Arlington-Alexandria, DC-VA-MD-WV",2026,1,32.46
2490,"Washington-Arlington-Alexandria, DC-VA-MD-WV",2026,2,29.763
2490,"Washington-Arlington-Alexandria, DC-VA-MD-WV",2026,3,25.17
2490,"Washington-Arlington-Alexandria, DC-VA-MD-WV",2026,4,20.957
2490,"Washington-Arlington-Alexandria, DC-VA-MD-WV",2026,5,17.457
2490,"Washington-Arlington-Alexandria, DC-VA-MD-WV",2026,6,19.523
2490,"Washington-Arlington-Alexandria, DC-VA-MD-WV",2026,7,20.834
2490,"Washington-Arlington-Alexandria, DC-VA-MD-WV",2026,8,22.621
2490,"Washington-Arlington-Alexandria, DC-VA-MD-WV",2026,9,20.501
2490,"Washington-Arlington-Alexandria, DC-VA-MD-WV",2026,10,18.329
2490,"Washington-Arlington-Alexandria, DC-VA-MD-WV",2026,11,24.03
2490,"Washington-Arlington-Alexandria, DC-VA-MD-WV",2026,12,27.917
2491,Wasilla,2016,1,33.366
2491,Wasilla,2016,2,32.147
2491,Wasilla,2016,3,29.241
2491,Wasilla,2016,4,24.995
2491,Wasilla,2016,5,21.179
2491,Wasilla,2016,6,23.617
2491,Wasilla,2016,7,25.621
2491,Wasilla,2016,8,27.484
2491,Wasilla,2016,9,25.168
2491,Wasilla,2016,10,23.128
2491,Wasilla,2016,11,29.787
2491,Wasilla,2016,12,34.625
2492,Waterbury,2026,1,34.076
2492,Waterbury,2026,2,33.709
2492,Waterbury,2026,3,31.346
2492,Waterbury,2026,4,27.19
2492,Waterbury,2026,5,23.524
2492,Waterbury,2026,6,25.76
2492,Waterbury,2026,7,27.467
2492,Waterbury,2026,8,29.831
2492,Waterbury,2026,9,27.473
2492,Waterbury,2026,10,24.708
2492,Waterbury,2026,11,32.757
2492,Waterbury,2026,12,37.275
2493,Waterloo,2026,1,44.161
2493,Waterloo,2026,2,40.376
2493,Waterloo,2026,3,34.456
2493,Waterloo,2026,4,29.623
2493,Waterloo,2026,5,26.846
2493,Waterloo,2026,6,28.631
2493,Waterloo,2026,7,31.347
2493,Waterloo,2026,8,33.505
2493,Waterloo,2026,9,30.985
2493,Waterloo,2026,10,27.749
2493,Waterloo,2026,11,35.941
2493,Waterloo,2026,12,40.539
2494,Watertown,2026,1,38.807
2494,Watertown,2026,2,34.874
2494,Watertown,2026,3,30.504
2494,Watertown,2026,4,26.273
2494,Watertown,2026,5,22.39
2494,Watertown,2026,6,25.468
2494,Watertown,2026,7,27.407
2494,Watertown,2026,8,29.789
2494,Watertown,2026,9,27.698
2494,Watertown,2026,10,25.21
2494,Watertown,2026,11,33.305
2494,Watertown,2026,12,38.312
2495,"Watertown-Fort Atkinson, WI",2026,1,34.06
2495,"Watertown-Fort Atkinson, WI",2026,2,33.709
2495,"Watertown-Fort Atkinson, WI",2026,3,31.346
2495,"Watertown-Fort Atkinson, WI",2026,4,26.972
2495,"Watertown-Fort Atkinson, WI",2026,5,23.056
2495,"Watertown-Fort Atkinson, WI",2026,6,25.771
2495,"Watertown-Fort Atkinson, WI",2026,7,27.467
2495,"Watertown-Fort Atkinson, WI",2026,8,29.831
2495,"Watertown-Fort Atkinson, WI",2026,9,27.446
2495,"Watertown-Fort Atkinson, WI",2026,10,24.708
2495,"Watertown-Fort Atkinson, WI",2026,11,32.757
2495,"Watertown-Fort Atkinson, WI",2026,12,37.275
2496,"Watertown-Fort Drum, NY",2026,1,34.248
2496,"Watertown-Fort Drum, NY",2026,2,33.654
2496,"Watertown-Fort Drum, NY",2026,3,31.452
2496,"Watertown-Fort Drum, NY",2026,4,26.952
2496,"Watertown-Fort Drum, NY",2026,5,22.393
2496,"Watertown-Fort Drum, NY",2026,6,25.73
2496,"Watertown-Fort Drum, NY",2026,7,27.407
2496,"Watertown-Fort Drum, NY",2026,8,29.789
2496,"Watertown-Fort Drum, NY",2026,9,27.698
2496,"Watertown-Fort Drum, NY",2026,10,25.434
2496,"Watertown-Fort Drum, NY",2026,11,33.305
2496,"Watertown-Fort Drum, NY",2026,12,38.312
2497,Waterville,2026,1,33.827
2497,Waterville,2026,2,32.443
2497,Waterville,2026,3,29.636
2497,Waterville,2026,4,25.141
2497,Waterville,2026,5,22.206
2497,Waterville,2026,6,24.625
2497,Waterville,2026,7,26.13
2497,Waterville,2026,8,28.916
2497,Waterville,2026,9,26.298
2497,Waterville,2026,10,25.286
2497,Waterville,2026,11,32.482
2497,Waterville,2026,12,37.507
2498,Watsonville,2010,1,41.371
2498,Watsonville,2010,2,38.197
2498,Watsonville,2010,3,32.803
2498,Watsonville,2010,4,26.826
2498,Watsonville,2010,5,22.568
2498,Watsonville,2010,6,25.491
2498,Watsonville,2010,7,27.364
2498,Watsonville,2010,8,30.018
2498,Watsonville,2010,9,28.836
2498,Watsonville,2010,10,26.195
2498,Watsonville,2010,11,34.589
2498,Watsonville,2010,12,37.976
2499,Waukegan,2010,1,34.539
2499,Waukegan,2010,2,33.946
2499,Waukegan,2010,3,31.532
2499,Waukegan,2010,4,27.371
2499,Waukegan,2010,5,23.704
2499,Waukegan,2010,6,25.904
2499,Waukegan,2010,7,27.723
2499,Waukegan,2010,8,30.018
2499,Waukegan,2010,9,28.611
2499,Waukegan,2010,10,25.703
2499,Waukegan,2010,11,33.68
2499,Waukegan,2010,12,38.407
2500,Waukesha,2026,1,36.263
2500,Waukesha,2026,2,32.197
2500,Waukesha,2026,3,27.566
2500,Waukesha,2026,4,22.306
2500,Waukesha,2026,5,19.632
2500,Waukesha,2026,6,21.259
2500,Waukesha,2026,7,23.223
2500,Waukesha,2026,8,25.304
2500,Waukesha,2026,9,22.771
2500,Waukesha,2026,10,20.41
2500,Waukesha,2026,11,26.271
2500,Waukesha,2026,12,31.055
2501,Waurika,2025,1,33.827
2501,Waurika,2025,2,32.365
2501,Waurika,2025,3,29.355
2501,Waurika,2025,4,25.078
2501,Waurika,2025,5,21.932
2501,Waurika,2025,6,23.851
2501,Waurika,2025,7,25.428
2501,Waurika,2025,8,27.174
2501,Waurika,2025,9,25.016
2501,Waurika,2025,10,23.565
2501,Waurika,2025,11,29.749
2501,Waurika,2025,12,34.532
2502,"Wausau, WI",2024,9,21.087
2502,"Wausau, WI",2024,10,18.818
2502,"Wausau, WI",2024,11,23.862
2502,"Wausau, WI",2024,12,26.885
2502,"Wausau, WI",2025,1,25.522
2502,"Wausau, WI",2025,2,24.145
2502,"Wausau, WI",2025,3,22.06
2502,"Wausau, WI",2025,4,18.811
2502,"Wausau, WI",2025,5,16.383
2502,"Wausau, WI",2025,6,17.985
2502,"Wausau, WI",2025,7,18.533
2502,"Wausau, WI",2025,8,19.996
2503,Waveland,2026,1,40.448
2503,Waveland,2026,2,36.945
2503,Waveland,2026,3,30.651
2503,Waveland,2026,4,24.721
2503,Waveland,2026,5,21.056
2503,Waveland,2026,6,23.675
2503,Waveland,2026,7,25.393
2503,Waveland,2026,8,27.378
2503,Waveland,2026,9,25.139
2503,Waveland,2026,10,23.16
2503,Waveland,2026,11,29.687
2503,Waveland,2026,12,34.526
2504,Waverly,2026,1,50.142
2504,Waverly,2026,2,46.56
2504,Waverly,2026,3,38.935
2504,Waverly,2026,4,31.574
2504,Waverly,2026,5,27.268
2504,Waverly,2026,6,30.713
2504,Waverly,2026,7,32.998
2504,Waverly,2026,8,34.29
2504,Waverly,2026,9,32.313
2504,Waverly,2026,10,30.463
2504,Waverly,2026,11,38.363
2504,Waverly,2026,12,43.846
2506,Wayne,2026,1,8.534
2506,Wayne,2026,2,7.354
2506,Wayne,2026,3,6.527
2506,Wayne,2026,4,4.964
2506,Wayne,2026,5,4.716
2506,Wayne,2026,6,6.342
2506,Wayne,2026,7,6.491
2506,Wayne,2026,8,6.487
2506,Wayne,2026,9,4.231
2506,Wayne,2026,10,4.155
2506,Wayne,2026,11,7.569
2506,Wayne,2026,12,8.415
2507,Waynesville,2026,1,39.173
2507,Waynesville,2026,2,35.897
2507,Waynesville,2026,3,30.18
2507,Waynesville,2026,4,24.853
2507,Waynesville,2026,5,21.056
2507,Waynesville,2026,6,23.582
2507,Waynesville,2026,7,25.393
2507,Waynesville,2026,8,27.378
2507,Waynesville,2026,9,25.139
2507,Waynesville,2026,10,23.16
2507,Waynesville,2026,11,29.687
2507,Waynesville,2026,12,34.526
2508,Weatherford,2019,12,44.755
2508,Weatherford,2020,1,42.283
2508,Weatherford,2020,2,39.0
2508,Weatherford,2020,3,32.06
2508,Weatherford,2020,4,26.72
2508,Weatherford,2020,5,22.559
2508,Weatherford,2020,6,24.645
2508,Weatherford,2020,7,26.113
2508,Weatherford,2020,8,28.981
2508,Weatherford,2020,9,26.386
2508,Weatherford,2020,10,23.993
2508,Weatherford,2020,11,31.206
2509,Weaverville,2026,1,42.232
2509,Weaverville,2026,2,40.108
2509,Weaverville,2026,3,34.62
2509,Weaverville,2026,4,29.693
2509,Weaverville,2026,5,26.269
2509,Weaverville,2026,6,29.732
2509,Weaverville,2026,7,31.878
2509,Weaverville,2026,8,33.432
2509,Weaverville,2026,9,31.254
2509,Weaverville,2026,10,29.238
2509,Weaverville,2026,11,37.568
2509,Weaverville,2026,12,43.072
2510,Weeping Water,2026,1,52.919
2510,Weeping Water,2026,2,49.074
2510,Weeping Water,2026,3,41.693
2510,Weeping Water,2026,4,34.08
2510,Weeping Water,2026,5,30.39
2510,Weeping Water,2026,6,32.511
2510,Weeping Water,2026,7,34.701
2510,Weeping Water,2026,8,35.549
2510,Weeping Water,2026,9,33.438
2510,Weeping Water,2026,10,31.573
2510,Weeping Water,2026,11,38.966
2510,Weeping Water,2026,12,43.578
2511,Weirton,2026,1,36.811
2511,Weirton,2026,2,32.824
2511,Weirton,2026,3,27.701
2511,Weirton,2026,4,22.327
2511,Weirton,2026,5,19.983
2511,Weirton,2026,6,21.27
2511,Weirton,2026,7,23.332
2511,Weirton,2026,8,25.304
2511,Weirton,2026,9,22.817
2511,Weirton,2026,10,20.41
2511,Weirton,2026,11,26.149
2511,Weirton,2026,12,31.055
2512,"Weirton-Steubenville, WV-OH",2025,1,31.611
2512,"Weirton-Steubenville, WV-OH",2025,2,28.444
2512,"Weirton-Steubenville, WV-OH",2025,3,23.534
2512,"Weirton-Steubenville, WV-OH",2025,4,19.648
2512,"Weirton-Steubenville, WV-OH",2025,5,16.59
2512,"Weirton-Steubenville, WV-OH",2025,6,18.266
2512,"Weirton-Steubenville, WV-OH",2025,7,19.485
2512,"Weirton-Steubenville, WV-OH",2025,8,21.139
2512,"Weirton-Steubenville, WV-OH",2025,9,19.523
2512,"Weirton-Steubenville, WV-OH",2025,10,17.483
2512,"Weirton-Steubenville, WV-OH",2025,11,22.591
2512,"Weirton-Steubenville, WV-OH",2025,12,25.179
2513,Welby,2026,1,34.891
2513,Welby,2026,2,31.66
2513,Welby,2026,3,28.204
2513,Welby,2026,4,23.262
2513,Welby,2026,5,20.572
2513,Welby,2026,6,22.557
2513,Welby,2026,7,24.448
2513,Welby,2026,8,26.118
2513,Welby,2026,9,24.473
2513,Welby,2026,10,21.951
2513,Welby,2026,11,28.806
2513,Welby,2026,12,32.834
2514,Wellington,2026,1,30.581
2514,Wellington,2026,2,27.522
2514,Wellington,2026,3,24.082
2514,Wellington,2026,4,22.745
2514,Wellington,2026,5,20.682
2514,Wellington,2026,6,23.251
2514,Wellington,2026,7,24.729
2514,Wellington,2026,8,25.385
2514,Wellington,2026,9,22.362
2514,Wellington,2026,10,20.025
2514,Wellington,2026,11,25.293
2514,Wellington,2026,12,30.195
2515,Wenatchee,2014,1,55.955
2515,Wenatchee,2014,2,52.644
2515,Wenatchee,2014,3,46.161
2515,Wenatchee,2014,4,37.872
2515,Wenatchee,2014,5,32.156
2515,Wenatchee,2014,6,34.706
2515,Wenatchee,2014,7,35.872
2515,Wenatchee,2014,8,37.028
2515,Wenatchee,2014,9,35.547
2515,Wenatchee,2014,10,33.43
2515,Wenatchee,2014,11,40.421
2515,Wenatchee,2014,12,45.323
2517,Wenden,2025,12,25.059
2517,Wenden,2026,1,24.545
2517,Wenden,2026,2,23.131
2517,Wenden,2026,3,20.291
2517,Wenden,2026,4,16.965
2517,Wenden,2026,5,14.419
2517,Wenden,2026,6,15.727
2517,Wenden,2026,7,16.689
2517,Wenden,2026,8,17.52
2517,Wenden,2026,9,15.204
2517,Wenden,2026,10,13.809
2517,Wenden,2026,11,18.207
2518,West Alton,2026,1,56.268
2518,West Alton,2026,2,53.432
2518,West Alton,2026,3,47.655
2518,West Alton,2026,4,39.243
2518,West Alton,2026,5,34.655
2518,West Alton,2026,6,35.219
2518,West Alton,2026,7,36.925
2518,West Alton,2026,8,39.015
2518,West Alton,2026,9,36.769
2518,West Alton,2026,10,34.062
2518,West Alton,2026,11,40.848
2518,West Alton,2026,12,42.987
2520,West Long Branch,2026,1,33.873
2520,West Long Branch,2026,2,32.153
2520,West Long Branch,2026,3,29.21
2520,West Long Branch,2026,4,24.853
2520,West Long Branch,2026,5,21.134
2520,West Long Branch,2026,6,23.494
2520,West Long Branch,2026,7,25.393
2520,West Long Branch,2026,8,27.378
2520,West Long Branch,2026,9,25.112
2520,West Long Branch,2026,10,23.072
2520,West Long Branch,2026,11,29.687
2520,West Long Branch,2026,12,34.526
2521,West Los Angeles,2026,1,33.829
2521,West Los Angeles,2026,2,32.145
2521,West Los Angeles,2026,3,29.183
2521,West Los Angeles,2026,4,25.001
2521,West Los Angeles,2026,5,21.82
2521,West Los Angeles,2026,6,23.692
2521,West Los Angeles,2026,7,25.393
2521,West Los Angeles,2026,8,27.396
2521,West Los Angeles,2026,9,25.178
2521,West Los Angeles,2026,10,23.152
2521,West Los Angeles,2026,11,29.697
2521,West Los Angeles,2026,12,34.526
2522,West Orange,2026,1,45.297
2522,West Orange,2026,2,42.202
2522,West Orange,2026,3,35.523
2522,West Orange,2026,4,29.419
2522,West Orange,2026,5,25.067
2522,West Orange,2026,6,28.59
2522,West Orange,2026,7,30.966
2522,West Orange,2026,8,32.655
2522,West Orange,2026,9,30.148
2522,West Orange,2026,10,28.512
2522,West Orange,2026,11,36.019
2522,West Orange,2026,12,41.782
2524,West Point,2017,1,27.516
2524,West Point,2017,2,26.025
2524,West Point,2017,3,22.669
2524,West Point,2017,4,18.863
2524,West Point,2017,5,15.83
2524,West Point,2017,6,17.143
2524,West Point,2017,7,18.614
2524,West Point,2017,8,20.092
2524,West Point,2017,9,18.552
2524,West Point,2017,10,16.795
2524,West Point,2017,11,21.53
2524,West Point,2017,12,23.659
2525,West Sacramento,2026,1,34.232
2525,West Sacramento,2026,2,32.173
2525,West Sacramento,2026,3,29.183
2525,West Sacramento,2026,4,24.891
2525,West Sacramento,2026,5,20.721
2525,West Sacramento,2026,6,23.483
2525,West Sacramento,2026,7,25.208
2525,West Sacramento,2026,8,27.246
2525,West Sacramento,2026,9,24.978
2525,West Sacramento,2026,10,23.201
2525,West Sacramento,2026,11,29.365
2525,West Sacramento,2026,12,34.532
2527,West Union,2020,1,29.789
2527,West Union,2020,2,26.733
2527,West Union,2020,3,22.029
2527,West Union,2020,4,18.778
2527,West Union,2020,5,15.898
2527,West Union,2020,6,17.341
2527,West Union,2020,7,18.196
2527,West Union,2020,8,20.015
2527,West Union,2020,9,18.594
2527,West Union,2020,10,16.908
2527,West Union,2020,11,21.514
2527,West Union,2020,12,23.552
2528,West Valley City,2026,1,37.169
2528,West Valley City,2026,2,33.142
2528,West Valley City,2026,3,28.796
2528,West Valley City,2026,4,22.951
2528,West Valley City,2026,5,19.785
2528,West Valley City,2026,6,21.458
2528,West Valley City,2026,7,23.437
2528,West Valley City,2026,8,25.21
2528,West Valley City,2026,9,22.577
2528,West Valley City,2026,10,20.792
2528,West Valley City,2026,11,26.479
2528,West Valley City,2026,12,31.055
2529,West Wenatchee,2026,1,30.997
2529,West Wenatchee,2026,2,28.543
2529,West Wenatchee,2026,3,23.935
2529,West Wenatchee,2026,4,19.686
2529,West Wenatchee,2026,5,16.466
2529,West Wenatchee,2026,6,18.214
2529,West Wenatchee,2026,7,19.501
2529,West Wenatchee,2026,8,21.213
2529,West Wenatchee,2026,9,19.435
2529,West Wenatchee,2026,10,17.324
2529,West Wenatchee,2026,11,22.561
2529,West Wenatchee,2026,12,25.179
2532,Westfield,2014,1,24.123
2532,Westfield,2014,2,23.084
2532,Westfield,2014,3,20.022
2532,Westfield,2014,4,16.483
2532,Westfield,2014,5,14.395
2532,Westfield,2014,6,16.187
2532,Westfield,2014,7,17.725
2532,Westfield,2014,8,18.489
2532,Westfield,2014,9,16.804
2532,Westfield,2014,10,14.974
2532,Westfield,2014,11,19.234
2532,Westfield,2014,12,22.515
2533,Westlake (RR name West Lake),2026,1,40.612
2533,Westlake (RR name West Lake),2026,2,37.073
2533,Westlake (RR name West Lake),2026,3,31.708
2533,Westlake (RR name West Lake),2026,4,25.57
2533,Westlake (RR name West Lake),2026,5,21.656
2533,Westlake (RR name West Lake),2026,6,24.368
2533,Westlake (RR name West Lake),2026,7,26.13
2533,Westlake (RR name West Lake),2026,8,28.943
2533,Westlake (RR name West Lake),2026,9,26.298
2533,Westlake (RR name West Lake),2026,10,24.719
2533,Westlake (RR name West Lake),2026,11,31.935
2533,Westlake (RR name West Lake),2026,12,37.003
2534,Westmorland,2026,1,84.165
2534,Westmorland,2026,2,77.766
2534,Westmorland,2026,3,69.284
2534,Westmorland,2026,4,64.153
2534,Westmorland,2026,5,58.916
2534,Westmorland,2026,6,60.367
2534,Westmorland,2026,7,61.281
2534,Westmorland,2026,8,62.332
2534,Westmorland,2026,9,60.42
2534,Westmorland,2026,10,59.087
2534,Westmorland,2026,11,63.312
2534,Westmorland,2026,12,66.259
2535,Weston,2025,1,34.016
2535,Weston,2025,2,33.466
2535,Weston,2025,3,31.389
2535,Weston,2025,4,26.952
2535,Weston,2025,5,22.559
2535,Weston,2025,6,24.829
2535,Weston,2025,7,26.207
2535,Weston,2025,8,28.981
2535,Weston,2025,9,26.386
2535,Weston,2025,10,23.993
2535,Weston,2025,11,31.206
2535,Weston,2025,12,36.32
2536,Westport,2026,1,42.895
2536,Westport,2026,2,39.405
2536,Westport,2026,3,33.206
2536,Westport,2026,4,28.537
2536,Westport,2026,5,24.511
2536,Westport,2026,6,26.574
2536,Westport,2026,7,29.112
2536,Westport,2026,8,31.635
2536,Westport,2026,9,29.194
2536,Westport,2026,10,26.517
2536,Westport,2026,11,34.725
2536,Westport,2026,12,37.88
2537,Wetumpka,2026,1,33.829
2537,Wetumpka,2026,2,32.327
2537,Wetumpka,2026,3,29.446
2537,Wetumpka,2026,4,25.021
2537,Wetumpka,2026,5,21.82
2537,Wetumpka,2026,6,23.786
2537,Wetumpka,2026,7,25.393
2537,Wetumpka,2026,8,27.396
2537,Wetumpka,2026,9,25.178
2537,Wetumpka,2026,10,23.152
2537,Wetumpka,2026,11,29.697
2537,Wetumpka,2026,12,34.526
2538,Wheatfield,2016,1,44.538
2538,Wheatfield,2016,2,41.963
2538,Wheatfield,2016,3,35.146
2538,Wheatfield,2016,4,29.627
2538,Wheatfield,2016,5,25.34
2538,Wheatfield,2016,6,28.565
2538,Wheatfield,2016,7,31.047
2538,Wheatfield,2016,8,33.611
2538,Wheatfield,2016,9,31.374
2538,Wheatfield,2016,10,29.097
2538,Wheatfield,2016,11,37.625
2538,Wheatfield,2016,12,43.145
2539,Wheeling,2026,1,39.448
2539,Wheeling,2026,2,34.874
2539,Wheeling,2026,3,30.077
2539,Wheeling,2026,4,26.273
2539,Wheeling,2026,5,22.298
2539,Wheeling,2026,6,24.829
2539,Wheeling,2026,7,26.098
2539,Wheeling,2026,8,29.023
2539,Wheeling,2026,9,27.027
2539,Wheeling,2026,10,24.708
2539,Wheeling,2026,11,32.879
2539,Wheeling,2026,12,37.275
2540,White Pine,2026,1,12.09
2540,White Pine,2026,2,10.767
2540,White Pine,2026,3,8.838
2540,White Pine,2026,4,7.172
2540,White Pine,2026,5,6.504
2540,White Pine,2026,6,6.808
2540,White Pine,2026,7,6.491
2540,White Pine,2026,8,6.487
2540,White Pine,2026,9,4.231
2540,White Pine,2026,10,4.162
2540,White Pine,2026,11,7.441
2540,White Pine,2026,12,8.415
2541,White Plains,2026,1,30.058
2541,White Plains,2026,2,28.797
2541,White Plains,2026,3,23.915
2541,White Plains,2026,4,19.879
2541,White Plains,2026,5,16.425
2541,White Plains,2026,6,18.214
2541,White Plains,2026,7,19.408
2541,White Plains,2026,8,21.12
2541,White Plains,2026,9,19.24
2541,White Plains,2026,10,17.324
2541,White Plains,2026,11,22.561
2541,White Plains,2026,12,25.185
2542,White Settlement,2019,1,42.034
2542,White Settlement,2019,2,39.965
2542,White Settlement,2019,3,33.543
2542,White Settlement,2019,4,28.356
2542,White Settlement,2019,5,24.082
2542,White Settlement,2019,6,27.496
2542,White Settlement,2019,7,29.759
2542,White Settlement,2019,8,31.977
2542,White Settlement,2019,9,29.446
2542,White Settlement,2019,10,27.347
2542,White Settlement,2019,11,35.299
2542,White Settlement,2019,12,40.539
2543,White Springs,2020,1,45.113
2543,White Springs,2020,2,42.126
2543,White Springs,2020,3,35.551
2543,White Springs,2020,4,29.401
2543,White Springs,2020,5,25.193
2543,White Springs,2020,6,28.693
2543,White Springs,2020,7,30.924
2543,White Springs,2020,8,32.693
2543,White Springs,2020,9,30.148
2543,White Springs,2020,10,28.471
2543,White Springs,2020,11,35.987
2543,White Springs,2020,12,40.539
2544,White Swan,2020,1,32.078
2544,White Swan,2020,2,30.708
2544,White Swan,2020,3,26.236
2544,White Swan,2020,4,21.698
2544,White Swan,2020,5,18.597
2544,White Swan,2020,6,20.485
2544,White Swan,2020,7,22.549
2544,White Swan,2020,8,24.246
2544,White Swan,2020,9,21.541
2544,White Swan,2020,10,19.853
2544,White Swan,2020,11,25.224
2544,White Swan,2020,12,29.165
2545,Whitefish,2026,1,46.947
2545,Whitefish,2026,2,43.312
2545,Whitefish,2026,3,36.598
2545,Whitefish,2026,4,29.732
2545,Whitefish,2026,5,25.039
2545,Whitefish,2026,6,28.59
2545,Whitefish,2026,7,30.836
2545,Whitefish,2026,8,32.655
2545,Whitefish,2026,9,30.06
2545,Whitefish,2026,10,28.512
2545,Whitefish,2026,11,36.019
2545,Whitefish,2026,12,41.782
2546,Whiteriver,2026,1,37.808
2546,Whiteriver,2026,2,33.395
2546,Whiteriver,2026,3,28.998
2546,Whiteriver,2026,4,23.21
2546,Whiteriver,2026,5,20.266
2546,Whiteriver,2026,6,22.517
2546,Whiteriver,2026,7,24.464
2546,Whiteriver,2026,8,26.08
2546,Whiteriver,2026,9,24.34
2546,Whiteriver,2026,10,22.429
2546,Whiteriver,2026,11,28.955
2546,Whiteriver,2026,12,32.841
2547,"Whitewater-Elkhorn, WI",2019,1,33.517
2547,"Whitewater-Elkhorn, WI",2019,2,32.145
2547,"Whitewater-Elkhorn, WI",2019,3,29.183
2547,"Whitewater-Elkhorn, WI",2019,4,25.001
2547,"Whitewater-Elkhorn, WI",2019,5,21.924
2547,"Whitewater-Elkhorn, WI",2019,6,23.692
2547,"Whitewater-Elkhorn, WI",2019,7,25.393
2547,"Whitewater-Elkhorn, WI",2019,8,27.378
2547,"Whitewater-Elkhorn, WI",2019,9,25.139
2547,"Whitewater-Elkhorn, WI",2019,10,23.152
2547,"Whitewater-Elkhorn, WI",2019,11,29.697
2547,"Whitewater-Elkhorn, WI",2019,12,34.526
2548,Whiting,2016,1,33.907
2548,Whiting,2016,2,32.681
2548,Whiting,2016,3,29.032
2548,Whiting,2016,4,25.347
2548,Whiting,2016,5,21.664
2548,Whiting,2016,6,24.297
2548,Whiting,2016,7,26.254
2548,Whiting,2016,8,29.05
2548,Whiting,2016,9,26.954
2548,Whiting,2016,10,25.128
2548,Whiting,2016,11,32.582
2548,Whiting,2016,12,37.607
2549,Wichita,2026,1,46.529
2549,Wichita,2026,2,42.976
2549,Wichita,2026,3,36.133
2549,Wichita,2026,4,30.567
2549,Wichita,2026,5,25.931
2549,Wichita,2026,6,28.401
2549,Wichita,2026,7,30.836
2549,Wichita,2026,8,32.628
2549,Wichita,2026,9,30.06
2549,Wichita,2026,10,28.709
2549,Wichita,2026,11,36.019
2549,Wichita,2026,12,41.782
2550,Wichita Falls,2015,1,26.563
2550,Wichita Falls,2015,2,25.417
2550,Wichita Falls,2015,3,22.157
2550,Wichita Falls,2015,4,18.516
2550,Wichita Falls,2015,5,15.942
2550,Wichita Falls,2015,6,17.326
2550,Wichita Falls,2015,7,18.702
2550,Wichita Falls,2015,8,20.112
2550,Wichita Falls,2015,9,18.64
2550,Wichita Falls,2015,10,16.795
2550,Wichita Falls,2015,11,21.783
2550,Wichita Falls,2015,12,23.594
2551,"Wichita, KS",2026,1,42.788
2551,"Wichita, KS",2026,2,39.01
2551,"Wichita, KS",2026,3,33.177
2551,"Wichita, KS",2026,4,28.537
2551,"Wichita, KS",2026,5,24.467
2551,"Wichita, KS",2026,6,26.662
2551,"Wichita, KS",2026,7,29.112
2551,"Wichita, KS",2026,8,31.635
2551,"Wichita, KS",2026,9,29.22
2551,"Wichita, KS",2026,10,26.605
2551,"Wichita, KS",2026,11,34.725
2551,"Wichita, KS",2026,12,37.88
2552,Wilkes-Barre,2020,1,32.064
2552,Wilkes-Barre,2020,2,30.708
2552,Wilkes-Barre,2020,3,26.236
2552,Wilkes-Barre,2020,4,21.654
2552,Wilkes-Barre,2020,5,18.556
2552,Wilkes-Barre,2020,6,20.485
2552,Wilkes-Barre,2020,7,22.455
2552,Wilkes-Barre,2020,8,24.265
2552,Wilkes-Barre,2020,9,21.541
2552,Wilkes-Barre,2020,10,19.853
2552,Wilkes-Barre,2020,11,25.402
2552,Wilkes-Barre,2020,12,29.165
2553,Wilkinsburg,2026,1,40.316
2553,Wilkinsburg,2026,2,36.015
2553,Wilkinsburg,2026,3,30.592
2553,Wilkinsburg,2026,4,24.47
2553,Wilkinsburg,2026,5,21.049
2553,Wilkinsburg,2026,6,23.587
2553,Wilkinsburg,2026,7,25.393
2553,Wilkinsburg,2026,8,27.378
2553,Wilkinsburg,2026,9,25.067
2553,Wilkinsburg,2026,10,23.072
2553,Wilkinsburg,2026,11,29.687
2553,Wilkinsburg,2026,12,34.526
2555,Williston,2020,1,22.57
2555,Williston,2020,2,19.863
2555,Williston,2020,3,16.498
2555,Williston,2020,4,13.335
2555,Williston,2020,5,11.477
2555,Williston,2020,6,12.979
2555,Williston,2020,7,13.197
2555,Williston,2020,8,14.19
2555,Williston,2020,9,12.937
2555,Williston,2020,10,11.391
2555,Williston,2020,11,14.65
2555,Williston,2020,12,16.749
2556,"Williston, ND",2026,1,33.873
2556,"Williston, ND",2026,2,32.153
2556,"Williston, ND",2026,3,29.21
2556,"Williston, ND",2026,4,24.968
2556,"Williston, ND",2026,5,21.134
2556,"Williston, ND",2026,6,23.494
2556,"Williston, ND",2026,7,25.393
2556,"Williston, ND",2026,8,27.378
2556,"Williston, ND",2026,9,25.112
2556,"Williston, ND",2026,10,23.072
2556,"Williston, ND",2026,11,29.687
2556,"Williston, ND",2026,12,34.526
2557,Willits,2025,1,36.291
2557,Willits,2025,2,32.387
2557,Willits,2025,3,27.497
2557,Willits,2025,4,22.306
2557,Willits,2025,5,19.785
2557,Willits,2025,6,21.458
2557,Willits,2025,7,23.437
2557,Willits,2025,8,25.21
2557,Willits,2025,9,22.577
2557,Willits,2025,10,20.792
2557,Willits,2025,11,26.479
2557,Willits,2025,12,31.055
2559,Wilmington,2026,1,37.169
2559,Wilmington,2026,2,33.142
2559,Wilmington,2026,3,28.796
2559,Wilmington,2026,4,22.951
2559,Wilmington,2026,5,19.826
2559,Wilmington,2026,6,21.458
2559,Wilmington,2026,7,23.437
2559,Wilmington,2026,8,25.304
2559,Wilmington,2026,9,22.771
2559,Wilmington,2026,10,20.792
2559,Wilmington,2026,11,26.479
2559,Wilmington,2026,12,31.055
2560,"Wilmington, NC",2018,1,34.703
2560,"Wilmington, NC",2018,2,34.031
2560,"Wilmington, NC",2018,3,33.395
2560,"Wilmington, NC",2018,4,31.048
2560,"Wilmington, NC",2018,5,28.018
2560,"Wilmington, NC",2018,6,31.352
2560,"Wilmington, NC",2018,7,33.89
2560,"Wilmington, NC",2018,8,35.048
2560,"Wilmington, NC",2018,9,33.06
2560,"Wilmington, NC",2018,10,31.802
2560,"Wilmington, NC",2018,11,38.993
2560,"Wilmington, NC",2018,12,43.65
2561,"Wilmington, OH",2026,1,33.873
2561,"Wilmington, OH",2026,2,31.84
2561,"Wilmington, OH",2026,3,27.617
2561,"Wilmington, OH",2026,4,22.327
2561,"Wilmington, OH",2026,5,19.704
2561,"Wilmington, OH",2026,6,21.27
2561,"Wilmington, OH",2026,7,23.332
2561,"Wilmington, OH",2026,8,25.304
2561,"Wilmington, OH",2026,9,22.771
2561,"Wilmington, OH",2026,10,20.41
2561,"Wilmington, OH",2026,11,26.149
2561,"Wilmington, OH",2026,12,31.055
2562,Wilson,2019,1,33.517
2562,Wilson,2019,2,32.145
2562,Wilson,2019,3,29.183
2562,Wilson,2019,4,25.001
2562,Wilson,2019,5,21.924
2562,Wilson,2019,6,23.669
2562,Wilson,2019,7,25.393
2562,Wilson,2019,8,27.284
2562,Wilson,2019,9,25.139
2562,Wilson,2019,10,23.16
2562,Wilson,2019,11,29.687
2562,Wilson,2019,12,34.526
2563,Winchester,2020,1,24.753
2563,Winchester,2020,2,21.89
2563,Winchester,2020,3,17.908
2563,Winchester,2020,4,14.462
2563,Winchester,2020,5,12.675
2563,Winchester,2020,6,14.004
2563,Winchester,2020,7,15.078
2563,Winchester,2020,8,16.583
2563,Winchester,2020,9,14.543
2563,Winchester,2020,10,12.834
2563,Winchester,2020,11,16.285
2563,Winchester,2020,12,18.706
2564,"Winchester, VA-WV",2026,1,38.658
2564,"Winchester, VA-WV",2026,2,35.053
2564,"Winchester, VA-WV",2026,3,31.34
2564,"Winchester, VA-WV",2026,4,26.018
2564,"Winchester, VA-WV",2026,5,22.788
2564,"Winchester, VA-WV",2026,6,25.111
2564,"Winchester, VA-WV",2026,7,27.225
2564,"Winchester, VA-WV",2026,8,29.678
2564,"Winchester, VA-WV",2026,9,27.648
2564,"Winchester, VA-WV",2026,10,25.631
2564,"Winchester, VA-WV",2026,11,33.337
2564,"Winchester, VA-WV",2026,12,38.312
2565,Windham,2026,1,15.052
2565,Windham,2026,2,13.498
2565,Windham,2026,3,11.43
2565,Windham,2026,4,9.224
2565,Windham,2026,5,8.182
2565,Windham,2026,6,9.457
2565,Windham,2026,7,10.383
2565,Windham,2026,8,11.444
2565,Windham,2026,9,9.8
2565,Windham,2026,10,8.37
2565,Windham,2026,11,11.156
2565,Windham,2026,12,13.02
2566,Winn,2010,1,38.527
2566,Winn,2010,2,35.418
2566,Winn,2010,3,30.586
2566,Winn,2010,4,25.001
2566,Winn,2010,5,22.181
2566,Winn,2010,6,24.653
2566,Winn,2010,7,26.464
2566,Winn,2010,8,29.21
2566,Winn,2010,9,27.181
2566,Winn,2010,10,24.864
2566,Winn,2010,11,32.868
2566,Winn,2010,12,37.337
2567,"Winona, MN",2026,1,26.563
2567,"Winona, MN",2026,2,24.053
2567,"Winona, MN",2026,3,20.576
2567,"Winona, MN",2026,4,16.799
2567,"Winona, MN",2026,5,14.24
2567,"Winona, MN",2026,6,15.777
2567,"Winona, MN",2026,7,16.766
2567,"Winona, MN",2026,8,17.633
2567,"Winona, MN",2026,9,15.293
2567,"Winona, MN",2026,10,14.034
2567,"Winona, MN",2026,11,18.79
2567,"Winona, MN",2026,12,21.687
2568,Winslow (Township of),2026,1,34.061
2568,Winslow (Township of),2026,2,33.654
2568,Winslow (Township of),2026,3,31.452
2568,Winslow (Township of),2026,4,26.952
2568,Winslow (Township of),2026,5,22.393
2568,Winslow (Township of),2026,6,25.73
2568,Winslow (Township of),2026,7,27.407
2568,Winslow (Township of),2026,8,29.789
2568,Winslow (Township of),2026,9,27.698
2568,Winslow (Township of),2026,10,25.434
2568,Winslow (Township of),2026,11,33.305
2568,Winslow (Township of),2026,12,38.312
2569,Winston-Salem,2026,1,40.793
2569,Winston-Salem,2026,2,37.195
2569,Winston-Salem,2026,3,31.767
2569,Winston-Salem,2026,4,25.482
2569,Winston-Salem,2026,5,21.696
2569,Winston-Salem,2026,6,24.44
2569,Winston-Salem,2026,7,26.312
2569,Winston-Salem,2026,8,28.981
2569,Winston-Salem,2026,9,26.386
2569,Winston-Salem,2026,10,24.719
2569,Winston-Salem,2026,11,32.082
2569,Winston-Salem,2026,12,37.275
2570,"Winston-Salem, NC",2016,1,66.068
2570,"Winston-Salem, NC",2016,2,62.011
2570,"Winston-Salem, NC",2016,3,57.813
2570,"Winston-Salem, NC",2016,4,52.75
2570,"Winston-Salem, NC",2016,5,47.115
2570,"Winston-Salem, NC",2016,6,47.768
2570,"Winston-Salem, NC",2016,7,49.411
2570,"Winston-Salem, NC",2016,8,51.299
2570,"Winston-Salem, NC",2016,9,48.803
2570,"Winston-Salem, NC",2016,10,44.373
2570,"Winston-Salem, NC",2016,11,52.387
2570,"Winston-Salem, NC",2016,12,55.633
2571,Winter Park,2026,1,30.976
2571,Winter Park,2026,2,28.665
2571,Winter Park,2026,3,24.125
2571,Winter Park,2026,4,20.559
2571,Winter Park,2026,5,17.424
2571,Winter Park,2026,6,19.301
2571,Winter Park,2026,7,20.865
2571,Winter Park,2026,8,22.509
2571,Winter Park,2026,9,20.218
2571,Winter Park,2026,10,18.161
2571,Winter Park,2026,11,23.699
2571,Winter Park,2026,12,26.885
2572,Winthrop,2025,1,22.954
2572,Winthrop,2025,2,20.007
2572,Winthrop,2025,3,17.351
2572,Winthrop,2025,4,14.844
2572,Winthrop,2025,5,12.324
2572,Winthrop,2025,6,13.967
2572,Winthrop,2025,7,14.315
2572,Winthrop,2025,8,15.715
2572,Winthrop,2025,9,13.786
2572,Winthrop,2025,10,12.098
2572,Winthrop,2025,11,16.115
2572,Winthrop,2025,12,18.694
2573,Wood River,2026,1,46.065
2573,Wood River,2026,2,43.312
2573,Wood River,2026,3,36.598
2573,Wood River,2026,4,29.732
2573,Wood River,2026,5,25.039
2573,Wood River,2026,6,28.59
2573,Wood River,2026,7,30.836
2573,Wood River,2026,8,32.655
2573,Wood River,2026,9,30.06
2573,Wood River,2026,10,28.512
2573,Wood River,2026,11,36.019
2573,Wood River,2026,12,41.782
2574,Woodland,2026,1,45.265
2574,Woodland,2026,2,42.345
2574,Woodland,2026,3,35.693
2574,Woodland,2026,4,29.491
2574,Woodland,2026,5,25.039
2574,Woodland,2026,6,28.492
2574,Woodland,2026,7,30.836
2574,Woodland,2026,8,32.655
2574,Woodland,2026,9,30.06
2574,Woodland,2026,10,28.864
2574,Woodland,2026,11,36.019
2574,Woodland,2026,12,41.782
2575,Worcester,2026,1,34.009
2575,Worcester,2026,2,32.018
2575,Worcester,2026,3,29.256
2575,Worcester,2026,4,24.832
2575,Worcester,2026,5,20.866
2575,Worcester,2026,6,23.22
2575,Worcester,2026,7,25.39
2575,Worcester,2026,8,27.284
2575,Worcester,2026,9,25.067
2575,Worcester,2026,10,23.224
2575,Worcester,2026,11,29.97
2575,Worcester,2026,12,34.526
2576,"Worcester, MA-CT",2026,1,33.878
2576,"Worcester, MA-CT",2026,2,32.255
2576,"Worcester, MA-CT",2026,3,28.753
2576,"Worcester, MA-CT",2026,4,23.3
2576,"Worcester, MA-CT",2026,5,20.337
2576,"Worcester, MA-CT",2026,6,22.517
2576,"Worcester, MA-CT",2026,7,24.552
2576,"Worcester, MA-CT",2026,8,25.986
2576,"Worcester, MA-CT",2026,9,23.312
2576,"Worcester, MA-CT",2026,10,21.418
2576,"Worcester, MA-CT",2026,11,27.329
2576,"Worcester, MA-CT",2026,12,32.3
2577,Worthington,2026,1,33.889
2577,Worthington,2026,2,32.398
2577,Worthington,2026,3,28.923
2577,Worthington,2026,4,23.331
2577,Worthington,2026,5,20.225
2577,Worthington,2026,6,22.517
2577,Worthington,2026,7,24.371
2577,Worthington,2026,8,25.986
2577,Worthington,2026,9,23.224
2577,Worthington,2026,10,21.627
2577,Worthington,2026,11,26.854
2577,Worthington,2026,12,31.415
2578,Wrangell Petersburg,2010,1,11.12
2578,Wrangell Petersburg,2010,2,10.234
2578,Wrangell Petersburg,2010,3,8.824
2578,Wrangell Petersburg,2010,4,7.245
2578,Wrangell Petersburg,2010,5,6.643
2578,Wrangell Petersburg,2010,6,6.82
2578,Wrangell Petersburg,2010,7,6.552
2578,Wrangell Petersburg,2010,8,6.619
2578,Wrangell Petersburg,2010,9,4.269
2578,Wrangell Petersburg,2010,10,4.045
2578,Wrangell Petersburg,2010,11,7.332
2578,Wrangell Petersburg,2010,12,8.359
2579,Wright,2026,1,39.53
2579,Wright,2026,2,35.063
2579,Wright,2026,3,30.168
2579,Wright,2026,4,24.582
2579,Wright,2026,5,21.013
2579,Wright,2026,6,23.682
2579,Wright,2026,7,25.284
2579,Wright,2026,8,27.378
2579,Wright,2026,9,25.067
2579,Wright,2026,10,23.257
2579,Wright,2026,11,30.017
2579,Wright,2026,12,35.689
2580,Wuhan,2026,1,126.107
2580,Wuhan,2026,2,115.313
2580,Wuhan,2026,3,97.109
2580,Wuhan,2026,4,84.157
2580,Wuhan,2026,5,75.091
2580,Wuhan,2026,6,75.718
2580,Wuhan,2026,7,75.711
2580,Wuhan,2026,8,77.994
2580,Wuhan,2026,9,75.673
2580,Wuhan,2026,10,72.05
2580,Wuhan,2026,11,90.172
2580,Wuhan,2026,12,101.714
2581,Wyandotte,2019,1,41.426
2581,Wyandotte,2019,2,38.252
2581,Wyandotte,2019,3,32.193
2581,Wyandotte,2019,4,27.037
2581,Wyandotte,2019,5,23.446
2581,Wyandotte,2019,6,25.84
2581,Wyandotte,2019,7,27.467
2581,Wyandotte,2019,8,29.789
2581,Wyandotte,2019,9,27.25
2581,Wyandotte,2019,10,24.788
2581,Wyandotte,2019,11,32.767
2581,Wyandotte,2019,12,37.275
2582,Wythe,2026,1,33.878
2582,Wythe,2026,2,32.255
2582,Wythe,2026,3,28.733
2582,Wythe,2026,4,23.3
2582,Wythe,2026,5,20.225
2582,Wythe,2026,6,22.517
2582,Wythe,2026,7,24.371
2582,Wythe,2026,8,25.986
2582,Wythe,2026,9,23.224
2582,Wythe,2026,10,21.418
2582,Wythe,2026,11,26.854
2582,Wythe,2026,12,31.415
2583,Xenia,2026,1,33.873
2583,Xenia,2026,2,32.153
2583,Xenia,2026,3,29.132
2583,Xenia,2026,4,25.001
2583,Xenia,2026,5,21.924
2583,Xenia,2026,6,23.669
2583,Xenia,2026,7,25.393
2583,Xenia,2026,8,27.378
2583,Xenia,2026,9,25.139
2583,Xenia,2026,10,23.16
2583,Xenia,2026,11,29.687
2583,Xenia,2026,12,34.526
2584,Xian,2026,1,132.536
2584,Xian,2026,2,126.348
2584,Xian,2026,3,107.548
2584,Xian,2026,4,92.961
2584,Xian,2026,5,81.669
2584,Xian,2026,6,84.432
2584,Xian,2026,7,89.217
2584,Xian,2026,8,92.59
2584,Xian,2026,9,87.333
2584,Xian,2026,10,83.305
2584,Xian,2026,11,104.038
2584,Xian,2026,12,121.093
2585,Yacolt,2026,1,24.837
2585,Yacolt,2026,2,22.196
2585,Yacolt,2026,3,18.765
2585,Yacolt,2026,4,15.243
2585,Yacolt,2026,5,13.496
2585,Yacolt,2026,6,14.996
2585,Yacolt,2026,7,15.823
2585,Yacolt,2026,8,16.677
2585,Yacolt,2026,9,14.543
2585,Yacolt,2026,10,12.834
2585,Yacolt,2026,11,16.201
2585,Yacolt,2026,12,18.706
2586,Yadgir,2025,11,69.463
2586,Yadgir,2025,12,86.159
2586,Yadgir,2026,1,85.335
2586,Yadgir,2026,2,84.968
2586,Yadgir,2026,3,81.379
2586,Yadgir,2026,4,76.437
2586,Yadgir,2026,5,73.106
2586,Yadgir,2026,6,68.715
2586,Yadgir,2026,7,63.237
2586,Yadgir,2026,8,63.389
2586,Yadgir,2026,9,64.903
2586,Yadgir,2026,10,96.439
2587,Yakima,2026,1,33.954
2587,Yakima,2026,2,32.212
2587,Yakima,2026,3,28.753
2587,Yakima,2026,4,23.3
2587,Yakima,2026,5,20.337
2587,Yakima,2026,6,22.517
2587,Yakima,2026,7,24.552
2587,Yakima,2026,8,26.024
2587,Yakima,2026,9,24.233
2587,Yakima,2026,10,22.498
2587,Yakima,2026,11,29.134
2587,Yakima,2026,12,33.828
2588,Yalobusha,2026,1,34.061
2588,Yalobusha,2026,2,33.655
2588,Yalobusha,2026,3,31.444
2588,Yalobusha,2026,4,26.952
2588,Yalobusha,2026,5,22.385
2588,Yalobusha,2026,6,24.96
2588,Yalobusha,2026,7,26.312
2588,Yalobusha,2026,8,28.981
2588,Yalobusha,2026,9,26.386
2588,Yalobusha,2026,10,23.875
2588,Yalobusha,2026,11,31.328
2588,Yalobusha,2026,12,36.32
2590,Yancey,2025,1,33.873
2590,Yancey,2025,2,32.153
2590,Yancey,2025,3,29.166
2590,Yancey,2025,4,24.968
2590,Yancey,2025,5,21.09
2590,Yancey,2025,6,23.494
2590,Yancey,2025,7,25.393
2590,Yancey,2025,8,27.378
2590,Yancey,2025,9,25.139
2590,Yancey,2025,10,23.072
2590,Yancey,2025,11,29.687
2590,Yancey,2025,12,34.526
2591,Yangon,2026,1,124.982
2591,Yangon,2026,2,111.814
2591,Yangon,2026,3,103.146
2591,Yangon,2026,4,97.936
2591,Yangon,2026,5,91.183
2591,Yangon,2026,6,83.483
2591,Yangon,2026,7,78.251
2591,Yangon,2026,8,79.963
2591,Yangon,2026,9,78.696
2591,Yangon,2026,10,91.635
2591,Yangon,2026,11,110.843
2591,Yangon,2026,12,111.543
2592,Yellow Springs,2019,1,39.673
2592,Yellow Springs,2019,2,36.206
2592,Yellow Springs,2019,3,31.496
2592,Yellow Springs,2019,4,25.979
2592,Yellow Springs,2019,5,21.955
2592,Yellow Springs,2019,6,23.933
2592,Yellow Springs,2019,7,25.316
2592,Yellow Springs,2019,8,27.246
2592,Yellow Springs,2019,9,24.978
2592,Yellow Springs,2019,10,22.759
2592,Yellow Springs,2019,11,28.955
2592,Yellow Springs,2019,12,32.841
2593,Yelm,2020,1,33.829
2593,Yelm,2020,2,32.145
2593,Yelm,2020,3,29.446
2593,Yelm,2020,4,25.021
2593,Yelm,2020,5,21.924
2593,Yelm,2020,6,23.692
2593,Yelm,2020,7,25.393
2593,Yelm,2020,8,27.378
2593,Yelm,2020,9,25.178
2593,Yelm,2020,10,23.152
2593,Yelm,2020,11,29.697
2593,Yelm,2020,12,34.526
2594,Yokohama,2026,1,52.898
2594,Yokohama,2026,2,50.793
2594,Yokohama,2026,3,43.758
2594,Yokohama,2026,4,39.779
2594,Yokohama,2026,5,37.279
2594,Yokohama,2026,6,41.336
2594,Yokohama,2026,7,44.894
2594,Yokohama,2026,8,47.904
2594,Yokohama,2026,9,43.799
2594,Yokohama,2026,10,42.968
2594,Yokohama,2026,11,52.647
2594,Yokohama,2026,12,55.57
2595,York,2026,1,38.389
2595,York,2026,2,35.063
2595,York,2026,3,30.323
2595,York,2026,4,24.853
2595,York,2026,5,21.056
2595,York,2026,6,23.605
2595,York,2026,7,25.393
2595,York,2026,8,27.378
2595,York,2026,9,25.178
2595,York,2026,10,23.152
2595,York,2026,11,29.697
2595,York,2026,12,34.526
2596,"York-Hanover, PA",2026,1,34.016
2596,"York-Hanover, PA",2026,2,33.466
2596,"York-Hanover, PA",2026,3,31.461
2596,"York-Hanover, PA",2026,4,26.952
2596,"York-Hanover, PA",2026,5,22.302
2596,"York-Hanover, PA",2026,6,24.821
2596,"York-Hanover, PA",2026,7,26.098
2596,"York-Hanover, PA",2026,8,29.023
2596,"York-Hanover, PA",2026,9,27.027
2596,"York-Hanover, PA",2026,10,24.688
2596,"York-Hanover, PA",2026,11,32.879
2596,"York-Hanover, PA",2026,12,37.275
2597,Yosemite National Park,2013,1,34.544
2597,Yosemite National Park,2013,2,34.159
2597,Yosemite National Park,2013,3,33.569
2597,Yosemite National Park,2013,4,31.124
2597,Yosemite National Park,2013,5,28.015
2597,Yosemite National Park,2013,6,31.493
2597,Yosemite National Park,2013,7,33.91
2597,Yosemite National Park,2013,8,35.068
2597,Yosemite National Park,2013,9,33.095
2597,Yosemite National Park,2013,10,31.813
2597,Yosemite National Park,2013,11,39.013
2597,Yosemite National Park,2013,12,45.042
2598,Yosemite Valley,2025,1,32.078
2598,Yosemite Valley,2025,2,30.761
2598,Yosemite Valley,2025,3,26.406
2598,Yosemite Valley,2025,4,21.698
2598,Yosemite Valley,2025,5,18.444
2598,Yosemite Valley,2025,6,20.485
2598,Yosemite Valley,2025,7,22.367
2598,Yosemite Valley,2025,8,24.246
2598,Yosemite Valley,2025,9,21.453
2598,Yosemite Valley,2025,10,20.063
2598,Yosemite Valley,2025,11,25.395
2598,Yosemite Valley,2025,12,29.76
2599,Young,2018,1,18.992
2599,Young,2018,2,16.511
2599,Young,2018,3,13.984
2599,Young,2018,4,11.025
2599,Young,2018,5,9.813
2599,Young,2018,6,10.618
2599,Young,2018,7,11.581
2599,Young,2018,8,12.397
2599,Young,2018,9,10.545
2599,Young,2018,10,9.219
2599,Young,2018,11,12.402
2599,Young,2018,12,14.078
2600,Youngstown,2026,1,45.622
2600,Youngstown,2026,2,41.039
2600,Youngstown,2026,3,34.614
2600,Youngstown,2026,4,29.251
2600,Youngstown,2026,5,26.544
2600,Youngstown,2026,6,28.601
2600,Youngstown,2026,7,31.347
2600,Youngstown,2026,8,33.505
2600,Youngstown,2026,9,30.985
2600,Youngstown,2026,10,27.749
2600,Youngstown,2026,11,35.941
2600,Youngstown,2026,12,40.539
2601,"Youngstown-Warren-Boardman, OH-PA",2026,1,34.061
2601,"Youngstown-Warren-Boardman, OH-PA",2026,2,33.655
2601,"Youngstown-Warren-Boardman, OH-PA",2026,3,31.461
2601,"Youngstown-Warren-Boardman, OH-PA",2026,4,26.952
2601,"Youngstown-Warren-Boardman, OH-PA",2026,5,22.532
2601,"Youngstown-Warren-Boardman, OH-PA",2026,6,25.253
2601,"Youngstown-Warren-Boardman, OH-PA",2026,7,27.407
2601,"Youngstown-Warren-Boardman, OH-PA",2026,8,29.831
2601,"Youngstown-Warren-Boardman, OH-PA",2026,9,27.698
2601,"Youngstown-Warren-Boardman, OH-PA",2026,10,24.882
2601,"Youngstown-Warren-Boardman, OH-PA",2026,11,32.879
2601,"Youngstown-Warren-Boardman, OH-PA",2026,12,37.275
2602,Ypsilanti,2026,1,37.846
2602,Ypsilanti,2026,2,33.856
2602,Ypsilanti,2026,3,28.806
2602,Ypsilanti,2026,4,23.12
2602,Ypsilanti,2026,5,20.389
2602,Ypsilanti,2026,6,22.668
2602,Ypsilanti,2026,7,24.448
2602,Ypsilanti,2026,8,26.137
2602,Ypsilanti,2026,9,24.5
2602,Ypsilanti,2026,10,22.031
2602,Ypsilanti,2026,11,28.903
2602,Ypsilanti,2026,12,32.834
2603,Yreka,2025,1,30.005
2603,Yreka,2025,2,28.327
2603,Yreka,2025,3,23.783
2603,Yreka,2025,4,19.681
2603,Yreka,2025,5,16.646
2603,Yreka,2025,6,18.387
2603,Yreka,2025,7,19.485
2603,Yreka,2025,8,21.251
2603,Yreka,2025,9,19.595
2603,Yreka,2025,10,17.594
2603,Yreka,2025,11,22.599
2603,Yreka,2025,12,25.179
2604,Yuba City,2026,1,39.299
2604,Yuba City,2026,2,34.874
2604,Yuba City,2026,3,30.077
2604,Yuba City,2026,4,26.273
2604,Yuba City,2026,5,22.298
2604,Yuba City,2026,6,24.821
2604,Yuba City,2026,7,26.098
2604,Yuba City,2026,8,29.023
2604,Yuba City,2026,9,27.027
2604,Yuba City,2026,10,24.688
2604,Yuba City,2026,11,32.879
2604,Yuba City,2026,12,37.275
2605,Yukon,2026,1,33.64
2605,Yukon,2026,2,32.443
2605,Yukon,2026,3,29.355
2605,Yukon,2026,4,25.078
2605,Yukon,2026,5,21.925
2605,Yukon,2026,6,23.851
2605,Yukon,2026,7,25.316
2605,Yukon,2026,8,27.174
2605,Yukon,2026,9,24.978
2605,Yukon,2026,10,22.974
2605,Yukon,2026,11,28.955
2605,Yukon,2026,12,32.841
2606,Yulee,2020,1,41.49
2606,Yulee,2020,2,37.487
2606,Yulee,2020,3,31.367
2606,Yulee,2020,4,25.482
2606,Yulee,2020,5,21.688
2606,Yulee,2020,6,24.143
2606,Yulee,2020,7,26.312
2606,Yulee,2020,8,29.023
2606,Yulee,2020,9,27.027
2606,Yulee,2020,10,24.86
2606,Yulee,2020,11,32.831
2606,Yulee,2020,12,37.275
2607,Yuma,2026,1,40.03
2607,Yuma,2026,2,37.55
2607,Yuma,2026,3,32.067
2607,Yuma,2026,4,27.115
2607,Yuma,2026,5,23.189
2607,Yuma,2026,6,26.511
2607,Yuma,2026,7,28.351
2607,Yuma,2026,8,30.999
2607,Yuma,2026,9,28.705
2607,Yuma,2026,10,26.835
2607,Yuma,2026,11,34.522
2607,Yuma,2026,12,37.88
2609,Zion,2026,1,45.534
2609,Zion,2026,2,41.058
2609,Zion,2026,3,34.614
2609,Zion,2026,4,29.251
2609,Zion,2026,5,26.544
2609,Zion,2026,6,28.644
2609,Zion,2026,7,31.347
2609,Zion,2026,8,33.505
2609,Zion,2026,9,31.127
2609,Zion,2026,10,28.401
2609,Zion,2026,11,37.266
2609,Zion,2026,12,43.072
2610,Zurich,2026,1,39.48
2610,Zurich,2026,2,38.089
2610,Zurich,2026,3,35.482
2610,Zurich,2026,4,32.283
2610,Zurich,2026,5,30.651
2610,Zurich,2026,6,33.69
2610,Zurich,2026,7,36.093
2610,Zurich,2026,8,39.23
2610,Zurich,2026,9,37.017
2610,Zurich,2026,10,36.091
2610,Zurich,2026,11,45.222
2610,Zurich,2026,12,51.102
